{
"type": "FeatureCollection",
"name": "watershed",
"crs": { "type": "name", "properties": { "name": "urn:ogc:def:crs:OGC:1.3:CRS84" } },
"features": [
{ "type": "Feature", "properties": { "basin_id": 1, "area_m2": 601731758.31934619, "perim_m": 167885.68813377793, "area_km2": 601.73175831934623, "perim_km": 167.88568813377793, "basin_leng": 37.4158, "mean_eleva": 1544.97, "min_elevat": 1261.08, "max_elevat": 2727.0, "elevation_": 1465.92, "mean_slope": 13.3411, "relief_rat": 0.039179, "drainage_d": 1.1114, "drainage_f": 0.4603, "texture_ra": 1.6499, "circularit": 0.2683, "compactnes": 1.9307, "elongation": 0.7398, "form_facto": 0.4298, "bifurcatio": 2.0227, "longest_fl": 44.899, "length_of_": 0.4499, "constant_c": 0.8997, "total_stre": 668.7907, "max_strahl": 4, "n_streams_": 277 }, "geometry": { "type": "Polygon", "coordinates": [ [ [ 85.391536867857241, 27.817404912745346 ], [ 85.391827447796473, 27.817408297897277 ], [ 85.391831254811208, 27.81714994270337 ], [ 85.392121834113823, 27.817153327207425 ], [ 85.392129446617361, 27.816636616715545 ], [ 85.392710602625598, 27.816643383743269 ], [ 85.392714407427263, 27.816385028408508 ], [ 85.393004984820038, 27.816388410969004 ], [ 85.393008788884046, 27.816130055587312 ], [ 85.393299365640203, 27.816133437499975 ], [ 85.393303168966582, 27.815875082071351 ], [ 85.393593745086136, 27.815878463336215 ], [ 85.393597547674887, 27.815620107860664 ], [ 85.393888123157808, 27.815623488477726 ], [ 85.393891925008973, 27.815365132955254 ], [ 85.394182499855276, 27.815368512924522 ], [ 85.394186300968855, 27.815110157355157 ], [ 85.394767449438703, 27.81511691538714 ], [ 85.394771249127629, 27.814858559734116 ], [ 85.3959335439244, 27.814872068318984 ], [ 85.395941137654248, 27.814355356688655 ], [ 85.396231710105383, 27.814358732233924 ], [ 85.396235506207617, 27.814100376366827 ], [ 85.396816649886958, 27.814107125550965 ], [ 85.396820444564668, 27.813848769600316 ], [ 85.397401587071471, 27.813855516267111 ], [ 85.397397793767865, 27.814113872291141 ], [ 85.398560082134125, 27.814127358439592 ], [ 85.398563872689493, 27.813869002268884 ], [ 85.399726159112944, 27.813882478494868 ], [ 85.399729946869783, 27.813624122167454 ], [ 85.400892231349857, 27.813637588471167 ], [ 85.400896016308224, 27.813379231987138 ], [ 85.402058298844352, 27.813392688368769 ], [ 85.402062081004289, 27.813134331728236 ], [ 85.402643221199682, 27.813141056180047 ], [ 85.40264700193535, 27.812882699456235 ], [ 85.403228140957523, 27.812889421391041 ], [ 85.403235699530171, 27.812372707766766 ], [ 85.403526267742521, 27.812376067744633 ], [ 85.403530046266553, 27.812117710880731 ], [ 85.403820613842086, 27.812121070211102 ], [ 85.403824391628945, 27.811862713300531 ], [ 85.404114958567646, 27.81186607198342 ], [ 85.404118735617359, 27.81160771502617 ], [ 85.404990434673408, 27.811617787299642 ], [ 85.404986659684667, 27.811876144366455 ], [ 85.406730063272065, 27.811896272637071 ], [ 85.406733834138876, 27.81163791535133 ], [ 85.407605534547784, 27.811647971129524 ], [ 85.407609303303573, 27.811389613724266 ], [ 85.408481002102008, 27.81139966389469 ], [ 85.408484768746831, 27.811141306369979 ], [ 85.409065900155298, 27.811148003356085 ], [ 85.409069665376151, 27.810889645748393 ], [ 85.409650795610702, 27.810896340217973 ], [ 85.409654559407642, 27.810637982527325 ], [ 85.410235688468219, 27.810644674480425 ], [ 85.410239450841274, 27.810386316706854 ], [ 85.411111142745995, 27.810396349945499 ], [ 85.411114903008254, 27.810137992052653 ], [ 85.411986593301606, 27.810148019684028 ], [ 85.411990351453127, 27.809889661671981 ], [ 85.412862040134868, 27.809899683696198 ], [ 85.412858284044162, 27.810158041817267 ], [ 85.414311102945987, 27.810174733154525 ], [ 85.414314855602001, 27.809916374851898 ], [ 85.414895982137779, 27.809923047037877 ], [ 85.414899733370092, 27.809664688652536 ], [ 85.419258178431377, 27.809714651613625 ], [ 85.419261919309974, 27.809456292674675 ], [ 85.422458111904987, 27.809492844423044 ], [ 85.422454378582628, 27.809751203759582 ], [ 85.423035506527796, 27.809757841662542 ], [ 85.423031774529747, 27.81001620106116 ], [ 85.423322339263621, 27.810019519132368 ], [ 85.423318607902985, 27.810277878556942 ], [ 85.423609173373364, 27.810281196053328 ], [ 85.423605442650128, 27.810539555503851 ], [ 85.424186575113467, 27.810546188736012 ], [ 85.424182845714611, 27.810804548248562 ], [ 85.426507383044168, 27.810831057028388 ], [ 85.426503659091708, 27.811089416819154 ], [ 85.426794227167534, 27.811092727703439 ], [ 85.426790503852601, 27.811351087520077 ], [ 85.427371641526591, 27.811357707527804 ], [ 85.427367919536238, 27.811616067406334 ], [ 85.428239628478948, 27.811625992943732 ], [ 85.428235908500199, 27.811884352920092 ], [ 85.42910761994861, 27.811894273066752 ], [ 85.429103901981549, 27.812152633140887 ], [ 85.429975615935433, 27.81216254789668 ], [ 85.429971899980117, 27.812420908068528 ], [ 85.430843616439262, 27.812430817433324 ], [ 85.430836188502894, 27.812947537962209 ], [ 85.431126762128713, 27.812950839933666 ], [ 85.4311230487736, 27.813209200218832 ], [ 85.431413623135825, 27.813212501615201 ], [ 85.431409910418481, 27.813470861926145 ], [ 85.431700485517055, 27.813474162747418 ], [ 85.431707909528285, 27.81295744204359 ], [ 85.43199848330201, 27.812960742182067 ], [ 85.432002194546627, 27.812702381779072 ], [ 85.432292767682583, 27.81270568127065 ], [ 85.43229647819085, 27.812447320821644 ], [ 85.432877623236493, 27.812453917900076 ], [ 85.432885041357025, 27.811937196828172 ], [ 85.43317561257966, 27.811940494379179 ], [ 85.43317932087902, 27.811682133792175 ], [ 85.433760462097965, 27.811688726989537 ], [ 85.433764168974037, 27.811430366320689 ], [ 85.434054738970332, 27.811433661967079 ], [ 85.434058445110168, 27.811175301252266 ], [ 85.434639583876404, 27.811181890640487 ], [ 85.434643288593008, 27.810923529843862 ], [ 85.435514995050355, 27.810933409236561 ], [ 85.435518697656775, 27.810675048322366 ], [ 85.43784324487666, 27.810701366201474 ], [ 85.437839547766202, 27.81095972740194 ], [ 85.438130117076739, 27.810963014423329 ], [ 85.438115330891989, 27.811996459267004 ], [ 85.438405902999691, 27.81199974582043 ], [ 85.438402207017816, 27.812258107041789 ], [ 85.438692779861668, 27.812261393019973 ], [ 85.438689084517762, 27.812519754266948 ], [ 85.438979658097722, 27.812523039669884 ], [ 85.438975963391812, 27.812781400942473 ], [ 85.440428835462825, 27.8127978189708 ], [ 85.440425144143219, 27.813056180411845 ], [ 85.441006294688989, 27.813062743417543 ], [ 85.441002604694518, 27.813321104919858 ], [ 85.44129318072801, 27.813324385541868 ], [ 85.441289491371634, 27.813582747069738 ], [ 85.441580068141207, 27.813586027116415 ], [ 85.441576379422955, 27.813844388669839 ], [ 85.446516203674236, 27.813900056581733 ], [ 85.446512526588009, 27.814158418730507 ], [ 85.44680310561219, 27.814161687849797 ], [ 85.446795752667484, 27.814678412188123 ], [ 85.447086333114768, 27.81468168076746 ], [ 85.44707898134908, 27.815198405136414 ], [ 85.447660145138713, 27.815204940604094 ], [ 85.447656470556979, 27.815463302844467 ], [ 85.447947053212175, 27.815466569697232 ], [ 85.447939705276667, 27.815983294218697 ], [ 85.448230289355024, 27.815986560531424 ], [ 85.448219269147472, 27.816761647344315 ], [ 85.448509855336226, 27.816764913152511 ], [ 85.448498836751341, 27.817539999980895 ], [ 85.449370601795337, 27.817549794058337 ], [ 85.449374272644008, 27.81729143168581 ], [ 85.449664860402279, 27.81729469512053 ], [ 85.44966853051497, 27.81703633270239 ], [ 85.449959117634734, 27.817039595490499 ], [ 85.449962787011458, 27.816781233026763 ], [ 85.450253373492714, 27.816784495168275 ], [ 85.450268047763487, 27.815751045070243 ], [ 85.450558631544652, 27.815754306458739 ], [ 85.450562299303357, 27.815495943873472 ], [ 85.451434048877488, 27.815505724266085 ], [ 85.451437714525966, 27.815247361564328 ], [ 85.451728297127545, 27.815250620437581 ], [ 85.451731962040171, 27.814992257690268 ], [ 85.452022544003256, 27.814995515917008 ], [ 85.452026208180044, 27.814737153124138 ], [ 85.452607370877857, 27.814743667673554 ], [ 85.452611033631698, 27.814485304799714 ], [ 85.452901614366425, 27.814488561122413 ], [ 85.452905276384485, 27.814230198203042 ], [ 85.453195856480676, 27.814233453879265 ], [ 85.453199517762968, 27.813975090914372 ], [ 85.45349009722068, 27.81397834594414 ], [ 85.45349375776722, 27.813719982933726 ], [ 85.4555278105219, 27.813742750785128 ], [ 85.45553146620999, 27.813484387516979 ], [ 85.455822044682094, 27.813487637587659 ], [ 85.455825699634531, 27.813229274274033 ], [ 85.456116277468084, 27.813232523698332 ], [ 85.456119931684867, 27.812974160339252 ], [ 85.457572818144797, 27.8129903981187 ], [ 85.457576468877591, 27.812732034572889 ], [ 85.457867045627978, 27.812735280260398 ], [ 85.457870695625203, 27.81247691666918 ], [ 85.458161271736955, 27.812480161710372 ], [ 85.458168570211839, 27.811963434427007 ], [ 85.458459144997917, 27.811966678786611 ], [ 85.458473738617926, 27.810933223957388 ], [ 85.459054882839069, 27.810939710561364 ], [ 85.459062176610274, 27.810422982944981 ], [ 85.459352747419459, 27.810426225259977 ], [ 85.459349101245081, 27.810684589108483 ], [ 85.461092531238876, 27.8107040303797 ], [ 85.461096173291139, 27.810445666319712 ], [ 85.461386744439096, 27.810448904357965 ], [ 85.461394027024511, 27.80993217613722 ], [ 85.461684596846823, 27.809935413494081 ], [ 85.461691877864808, 27.80941868516247 ], [ 85.461982446361475, 27.809421921837963 ], [ 85.461986086110983, 27.80916355762179 ], [ 85.462276653969013, 27.809166793651144 ], [ 85.462291209735781, 27.808133336544568 ], [ 85.462000644625547, 27.808130100656015 ], [ 85.462018841681157, 27.80683827922137 ], [ 85.462309403356841, 27.806841514933918 ], [ 85.462320318949551, 27.806066421846253 ], [ 85.462610878612921, 27.806069656842354 ], [ 85.462614516360318, 27.805811292424387 ], [ 85.462905075385152, 27.805814526774448 ], [ 85.462915986276926, 27.805039433354359 ], [ 85.463206543289544, 27.805042666988044 ], [ 85.463210179470039, 27.804784302459282 ], [ 85.462919623144245, 27.80478106886078 ], [ 85.462923259963262, 27.804522704357105 ], [ 85.462632704372581, 27.804519470182971 ], [ 85.462636341830077, 27.804261105704374 ], [ 85.462926896733947, 27.804264339843321 ], [ 85.462941443333747, 27.803230881687103 ], [ 85.462650891177006, 27.803227647688885 ], [ 85.462658165560597, 27.802710918620512 ], [ 85.462948716343845, 27.802714152548361 ], [ 85.462966898023822, 27.801422329524652 ], [ 85.464129087905263, 27.801435258425034 ], [ 85.464132721349571, 27.801176893649313 ], [ 85.464423268253924, 27.801180124312427 ], [ 85.464426900963289, 27.800921759491448 ], [ 85.464717447229191, 27.800924989508683 ], [ 85.464724711129833, 27.80040825976613 ], [ 85.465015256070643, 27.800411489102373 ], [ 85.465018887261934, 27.80015312418081 ], [ 85.465890520313692, 27.800162808419916 ], [ 85.465894149396803, 27.799904443382875 ], [ 85.466184693157146, 27.799907670206064 ], [ 85.466188321505413, 27.799649305123811 ], [ 85.466478864627319, 27.799652531301199 ], [ 85.466493374791909, 27.798619070730759 ], [ 85.466783915215515, 27.798622296157074 ], [ 85.4667875419496, 27.79836393095411 ], [ 85.467078081734769, 27.798367155734674 ], [ 85.467081707734096, 27.79810879048652 ], [ 85.467372246880842, 27.798112014621342 ], [ 85.467375872145425, 27.797853649328008 ], [ 85.467085333685262, 27.797850425228265 ], [ 85.467103462718612, 27.796558598785449 ], [ 85.467393997746001, 27.796561822709791 ], [ 85.467408497359727, 27.795528361233384 ], [ 85.4676990296892, 27.79553158440681 ], [ 85.467702653785778, 27.795273218977389 ], [ 85.467993185476899, 27.79527644150517 ], [ 85.467996808838834, 27.795018076030573 ], [ 85.468287339891617, 27.795021297912719 ], [ 85.468294585098164, 27.794504566863107 ], [ 85.468004055418319, 27.794501345051085 ], [ 85.468011301805291, 27.793984614031189 ], [ 85.467720773546503, 27.793981391678738 ], [ 85.467728021113814, 27.793464660688564 ], [ 85.468018547999748, 27.793467882970887 ], [ 85.468029416930477, 27.792692786304684 ], [ 85.467738892103768, 27.792689564127553 ], [ 85.467742515670821, 27.792431198587014 ], [ 85.468033039811132, 27.792434420729077 ], [ 85.46805115349251, 27.791142592699561 ], [ 85.468341674249118, 27.791145814055824 ], [ 85.468356161582705, 27.790112351310182 ], [ 85.468065643571393, 27.790109130094141 ], [ 85.468072888322098, 27.789592398730832 ], [ 85.467782371731516, 27.789589176974474 ], [ 85.46778599472097, 27.789330811312727 ], [ 85.467495478864791, 27.789327588980999 ], [ 85.467502726071857, 27.78881085769736 ], [ 85.467793240555494, 27.78881407995895 ], [ 85.467814976904023, 27.787263885655218 ], [ 85.467524466537768, 27.787260663604037 ], [ 85.467528089780274, 27.78700229788647 ], [ 85.46781859946033, 27.787005519902582 ], [ 85.467822221968504, 27.786747154139846 ], [ 85.468112731010493, 27.786750375510529 ], [ 85.468116352784378, 27.786492009702641 ], [ 85.468406861188285, 27.786495230427906 ], [ 85.468410482227867, 27.786236864574857 ], [ 85.468119974510131, 27.786233643884643 ], [ 85.468141703854343, 27.784683448764607 ], [ 85.468432207455209, 27.7846866692445 ], [ 85.468435828158078, 27.784428303320762 ], [ 85.468726331120962, 27.784431523155305 ], [ 85.468729951089614, 27.784173157186427 ], [ 85.469020453414473, 27.78417637637563 ], [ 85.469024072648949, 27.783918010361607 ], [ 85.469314574335812, 27.783921228905481 ], [ 85.469318192836113, 27.783662862846327 ], [ 85.469899194981863, 27.783669298033164 ], [ 85.469920896741556, 27.782119101045968 ], [ 85.470211393770185, 27.782122317513885 ], [ 85.470218625933626, 27.781605585034018 ], [ 85.469928130277026, 27.781602368636126 ], [ 85.469931746972691, 27.781344002416056 ], [ 85.471093727143284, 27.781356864206256 ], [ 85.471097341046914, 27.781098497836091 ], [ 85.471387835523629, 27.781101711723093 ], [ 85.47139144869324, 27.780843345307847 ], [ 85.471681942531987, 27.780846558549651 ], [ 85.471685554967621, 27.780588192089329 ], [ 85.471976048168358, 27.780591404685953 ], [ 85.471979659870044, 27.780333038180569 ], [ 85.472270152432799, 27.780336250132024 ], [ 85.472273763400537, 27.780077883581576 ], [ 85.472564255325295, 27.780081094887873 ], [ 85.472571475744942, 27.779564361686791 ], [ 85.472861966345775, 27.779567572312988 ], [ 85.472865575797712, 27.779309205662354 ], [ 85.474027535936784, 27.779322041925607 ], [ 85.474031142597056, 27.779063675125144 ], [ 85.47432163206571, 27.779066882630602 ], [ 85.474325237992147, 27.778808515785126 ], [ 85.47461572682279, 27.778811722645507 ], [ 85.474619332015408, 27.778553355755029 ], [ 85.474909820208026, 27.778556561970341 ], [ 85.474913424666852, 27.778298195034868 ], [ 85.475784887474347, 27.778307809915191 ], [ 85.475788489827579, 27.778049442864958 ], [ 85.476369463900113, 27.778055849664668 ], [ 85.476365862918669, 27.77831421678464 ], [ 85.476656350712602, 27.778317419304141 ], [ 85.476652750369212, 27.77857578644889 ], [ 85.476943238896894, 27.77857898839309 ], [ 85.476939639191585, 27.778837355562601 ], [ 85.477230128453002, 27.778840556931495 ], [ 85.477226529385788, 27.779098924125766 ], [ 85.47751701938094, 27.779102124919337 ], [ 85.477513420951865, 27.779360492138363 ], [ 85.477803911680766, 27.779363692356597 ], [ 85.477800313889801, 27.77962205960036 ], [ 85.478381296862878, 27.779628458275933 ], [ 85.478377700396024, 27.779886825579265 ], [ 85.4786681926402, 27.779890024036582 ], [ 85.478664596811527, 27.780148391364637 ], [ 85.479536075888561, 27.780157983179844 ], [ 85.479532482070042, 27.780416350602227 ], [ 85.480113469732089, 27.780422742164252 ], [ 85.48010987723778, 27.780681109646114 ], [ 85.480400371826406, 27.78068430454659 ], [ 85.480396779970349, 27.78094267205314 ], [ 85.480977770662719, 27.780949060092979 ], [ 85.480981361146775, 27.780690692516892 ], [ 85.481271855878532, 27.780693885586714 ], [ 85.481275445628896, 27.780435517965785 ], [ 85.482146928052302, 27.78044509340971 ], [ 85.482143340359883, 27.780703461134873 ], [ 85.482724330252481, 27.780709841782549 ], [ 85.482727916572912, 27.780451473987924 ], [ 85.485632862033398, 27.780483340266123 ], [ 85.485636441446374, 27.780224972114524 ], [ 85.486217429737465, 27.780231337978265 ], [ 85.486221007730919, 27.779972969747291 ], [ 85.486801994840206, 27.779979333100918 ], [ 85.486805571414195, 27.779720964790581 ], [ 85.488839022991314, 27.779743217064539 ], [ 85.488842594716061, 27.779484848501887 ], [ 85.489133087302449, 27.779488024922784 ], [ 85.489136658293774, 27.779229656315465 ], [ 85.489427150241639, 27.779232832091594 ], [ 85.489434290710093, 27.778716094777561 ], [ 85.490305762722613, 27.778725618237466 ], [ 85.490309330827913, 27.778467249461649 ], [ 85.491180801209325, 27.77847676732635 ], [ 85.491184367209456, 27.778218398436834 ], [ 85.491474856745441, 27.778221569803542 ], [ 85.491478422012278, 27.777963200869419 ], [ 85.491768910909727, 27.777966371591432 ], [ 85.491772475443284, 27.777708002612702 ], [ 85.492062963702196, 27.777711172690054 ], [ 85.492066527502487, 27.777452803666744 ], [ 85.492357015122863, 27.777455973099432 ], [ 85.492360578189931, 27.777197604031524 ], [ 85.492651065171742, 27.777200772819576 ], [ 85.492654627505587, 27.776942403707093 ], [ 85.492945113848862, 27.776945571850511 ], [ 85.492948675449512, 27.776687202693459 ], [ 85.493239161154236, 27.776690370192256 ], [ 85.493242722021705, 27.776432000990631 ], [ 85.493533207087879, 27.776435167844827 ], [ 85.493536767222182, 27.776176798598645 ], [ 85.493827251649805, 27.776179964808247 ], [ 85.493830811050969, 27.775921595517516 ], [ 85.494121294840056, 27.775924761082543 ], [ 85.494124853508083, 27.775666391747265 ], [ 85.494415336658605, 27.775669556667729 ], [ 85.494418894593537, 27.775411187287908 ], [ 85.494999859664745, 27.775417515229638 ], [ 85.495003416180751, 27.775159145770846 ], [ 85.496455826256508, 27.77517495477635 ], [ 85.496477143786677, 27.77362473677924 ], [ 85.496186665791811, 27.773621576404775 ], [ 85.496190219234023, 27.77336320673772 ], [ 85.496480696543145, 27.773366367077777 ], [ 85.496494907096974, 27.772332888171114 ], [ 85.496204432530789, 27.772329727968689 ], [ 85.496215092007603, 27.771554618786091 ], [ 85.495924619545733, 27.771551458076882 ], [ 85.495945941338633, 27.770001239646 ], [ 85.496236409686531, 27.770004400148725 ], [ 85.496264830614763, 27.767937441401134 ], [ 85.495974367751614, 27.767934281173705 ], [ 85.495988579824953, 27.76690080169567 ], [ 85.496279039945946, 27.766903961785452 ], [ 85.496282592160711, 27.766645591856335 ], [ 85.496863511173245, 27.766651910137458 ], [ 85.496867061969809, 27.766393540129453 ], [ 85.497157520861336, 27.766396698320818 ], [ 85.497185920051464, 27.764329737618919 ], [ 85.497476373506416, 27.764332894925346 ], [ 85.49747992250748, 27.764074524757877 ], [ 85.497770375324151, 27.764077681420112 ], [ 85.497773923592632, 27.763819311208191 ], [ 85.498064375771037, 27.763822467226252 ], [ 85.498075018237344, 27.763047356426913 ], [ 85.497784568115165, 27.76304420051196 ], [ 85.497791664227748, 27.762527459997425 ], [ 85.497501215523457, 27.762524303541447 ], [ 85.497518958406573, 27.761232452250646 ], [ 85.49780940368413, 27.761235608534754 ], [ 85.497820046792185, 27.760460497536236 ], [ 85.498110490060938, 27.760463653107522 ], [ 85.498114036984035, 27.760205282720154 ], [ 85.498404479614649, 27.760208437647353 ], [ 85.498422210096763, 27.758916585387624 ], [ 85.498712649348164, 27.758919739533347 ], [ 85.498719739840652, 27.758402998490222 ], [ 85.499010177768682, 27.75840615195758 ], [ 85.49901372225905, 27.758147781386558 ], [ 85.499304159548956, 27.758150934209908 ], [ 85.499318334298536, 27.757117451687723 ], [ 85.499027899749407, 27.757114299001724 ], [ 85.499031444004245, 27.756855928380336 ], [ 85.498741010187416, 27.75685277511905 ], [ 85.498751644724777, 27.756077663297457 ], [ 85.498461213010529, 27.756074509529604 ], [ 85.498464758447241, 27.755816138936609 ], [ 85.498755189476341, 27.7558192926701 ], [ 85.498758734180797, 27.755560922032686 ], [ 85.498468303836816, 27.755557768333535 ], [ 85.498478939722872, 27.754782656463878 ], [ 85.498188511481345, 27.754779502258213 ], [ 85.498199148998594, 27.754004390400954 ], [ 85.497908722859449, 27.754001235688804 ], [ 85.497912269289358, 27.753742865083936 ], [ 85.498202694743426, 27.753746019761717 ], [ 85.498213331695183, 27.752970907783574 ], [ 85.49792290829626, 27.752967753208875 ], [ 85.497930000731856, 27.752451011908466 ], [ 85.49763957875011, 27.752447856792983 ], [ 85.497643125582229, 27.752189486162031 ], [ 85.497352704332627, 27.752186330471417 ], [ 85.497356251802614, 27.75192795986478 ], [ 85.49706583128517, 27.751924803599046 ], [ 85.497069379392968, 27.751666433016702 ], [ 85.496778959607681, 27.751663276175865 ], [ 85.496793154307269, 27.75062979388332 ], [ 85.497083571352704, 27.750632950586606 ], [ 85.497111953008741, 27.748565985242866 ], [ 85.496821541442614, 27.748562828814674 ], [ 85.496825089622305, 27.74830445813576 ], [ 85.496534678788237, 27.748301301132557 ], [ 85.496538227605626, 27.748042930477965 ], [ 85.495666997441049, 27.748033455915152 ], [ 85.495670548265821, 27.747775085353702 ], [ 85.494799320580569, 27.747765605409619 ], [ 85.494802873412681, 27.747507234941374 ], [ 85.494512464963535, 27.747504073775684 ], [ 85.494519571855776, 27.746987332877843 ], [ 85.494809978935265, 27.746990493974661 ], [ 85.494813531625724, 27.746732123476185 ], [ 85.495103938067601, 27.746735283929201 ], [ 85.495107490026044, 27.746476913386228 ], [ 85.495397895830337, 27.746480073195464 ], [ 85.495404998235983, 27.745963332010437 ], [ 85.49598580724701, 27.745969649663184 ], [ 85.495989357009449, 27.74571127898674 ], [ 85.496279760900975, 27.745714436864699 ], [ 85.4962868589148, 27.745197695412767 ], [ 85.496577261483949, 27.745200852612594 ], [ 85.49659145420658, 27.744167369450263 ], [ 85.496881854083938, 27.744170525903208 ], [ 85.496885401461981, 27.743912155053053 ], [ 85.497175800701754, 27.743915310862317 ], [ 85.497182893946956, 27.743398569063029 ], [ 85.496892496076583, 27.743395413322528 ], [ 85.496896043313171, 27.743137042442157 ], [ 85.496605646174643, 27.743133886126774 ], [ 85.496619837388138, 27.74210040264213 ], [ 85.496329443035449, 27.74209724585506 ], [ 85.496332991405566, 27.741838874993114 ], [ 85.496042597784694, 27.741835717631204 ], [ 85.496046146792281, 27.741577346793584 ], [ 85.495755753903211, 27.741574188856852 ], [ 85.495762853146104, 27.741057447220214 ], [ 85.496053244665944, 27.74106060508813 ], [ 85.496060342350916, 27.740543863342396 ], [ 85.49635073254872, 27.740547020532293 ], [ 85.496361376668631, 27.739771907734941 ], [ 85.496942153098217, 27.739778220080787 ], [ 85.496945699674754, 27.739519849059409 ], [ 85.497236087275709, 27.739523004284184 ], [ 85.497239633120515, 27.739264633218355 ], [ 85.497530020084042, 27.739267787799569 ], [ 85.497533565197187, 27.739009416689299 ], [ 85.497823951523301, 27.739012570626976 ], [ 85.497827495904772, 27.738754199472268 ], [ 85.498117881593473, 27.73875735276642 ], [ 85.498121425243298, 27.738498981567282 ], [ 85.49841181029457, 27.738502134217924 ], [ 85.498422438907909, 27.737727020457019 ], [ 85.498712821952722, 27.737730172395473 ], [ 85.4987199060905, 27.737213429769156 ], [ 85.499010287813434, 27.737216581029802 ], [ 85.499013829127207, 27.736958209667193 ], [ 85.499594591345357, 27.736964510292466 ], [ 85.499598131243118, 27.736706138851137 ], [ 85.50017889228053, 27.73671243697132 ], [ 85.500182430762337, 27.736454065451298 ], [ 85.501053570617842, 27.736463507960377 ], [ 85.501057106999255, 27.736205136327378 ], [ 85.501928245224505, 27.736214573251708 ], [ 85.501931779505568, 27.735956201505807 ], [ 85.502222158323534, 27.735959345894791 ], [ 85.502225691873164, 27.735700974104553 ], [ 85.502516070053645, 27.73570411785019 ], [ 85.502519602871899, 27.735445746015628 ], [ 85.502809980414924, 27.735448889117929 ], [ 85.502817044541686, 27.734932145350093 ], [ 85.503107420762845, 27.734935287774825 ], [ 85.503114483333007, 27.734418543898233 ], [ 85.506018234436979, 27.734449933962818 ], [ 85.506021758807776, 27.734191561667334 ], [ 85.506602508222315, 27.73419783230327 ], [ 85.506606031177512, 27.733939459929388 ], [ 85.507186779410631, 27.733945728060824 ], [ 85.507190300950256, 27.733687355608563 ], [ 85.507480674452665, 27.73369048872657 ], [ 85.507484195261128, 27.733432116230105 ], [ 85.508064941037631, 27.733438380570746 ], [ 85.508068460430565, 27.733180007995941 ], [ 85.508358832704658, 27.733183139218585 ], [ 85.508362351366458, 27.732924766599606 ], [ 85.508943094686245, 27.732931027149597 ], [ 85.508939577393136, 27.733189399836803 ], [ 85.510101067331149, 27.733201913764933 ], [ 85.510104581886878, 27.732943540941346 ], [ 85.510394953803853, 27.732946667866738 ], [ 85.51040198140646, 27.732429922121202 ], [ 85.510692352001485, 27.732433048369433 ], [ 85.510695865048405, 27.732174675447496 ], [ 85.510986235005802, 27.732177801052647 ], [ 85.510989747321702, 27.731919428086591 ], [ 85.511280116641501, 27.731922553048694 ], [ 85.511283628226394, 27.731664180038518 ], [ 85.511864365637393, 27.73167042806763 ], [ 85.511867875807013, 27.731412054979295 ], [ 85.512448612036081, 27.73141830050438 ], [ 85.512445103235052, 27.731676673660786 ], [ 85.513316209981383, 27.731686037483097 ], [ 85.513312703186628, 27.73194441073149 ], [ 85.514764552117654, 27.731960005092137 ], [ 85.514768055490862, 27.731701631673793 ], [ 85.515348794020738, 27.731707865087134 ], [ 85.515352295978772, 27.731449491590784 ], [ 85.517384877509258, 27.73147128911658 ], [ 85.517388374630656, 27.731212915372616 ], [ 85.51825947964555, 27.731222247932848 ], [ 85.518262974667579, 27.730963874077101 ], [ 85.519134078047784, 27.73097320105482 ], [ 85.519137570970514, 27.730714827087372 ], [ 85.519427938172512, 27.730717934828121 ], [ 85.519431430364563, 27.730459560816744 ], [ 85.520592896899643, 27.730471985554587 ], [ 85.520596386308185, 27.730213611397737 ], [ 85.521177118485568, 27.730219820045189 ], [ 85.52118060647922, 27.72996144581062 ], [ 85.522342068653344, 27.729973855662742 ], [ 85.522345553863616, 27.729715481282852 ], [ 85.522635918838759, 27.729718582189697 ], [ 85.522649856479632, 27.728685084434403 ], [ 85.522940218764163, 27.728688184597139 ], [ 85.522943702374377, 27.728429810099382 ], [ 85.523234064021025, 27.728432909619414 ], [ 85.523237546900731, 27.728174535077827 ], [ 85.523527907909497, 27.728177633955159 ], [ 85.523531390058693, 27.727919259369742 ], [ 85.523821750429562, 27.727922357604392 ], [ 85.523825231848278, 27.727663982975155 ], [ 85.524115591581278, 27.727667080567141 ], [ 85.524119072269542, 27.727408705894081 ], [ 85.524990149693579, 27.727417994915402 ], [ 85.525014498848918, 27.725609371213768 ], [ 85.524724144450261, 27.725606275718416 ], [ 85.524727623400139, 27.725347900897425 ], [ 85.524437269731834, 27.725344804826975 ], [ 85.524440749319552, 27.725086430029684 ], [ 85.5241503963816, 27.725083333384152 ], [ 85.52415387660713, 27.724824958610554 ], [ 85.52386352439953, 27.724821861389955 ], [ 85.523867005262872, 27.724563486640072 ], [ 85.524157356786404, 27.724566583826917 ], [ 85.524160836919393, 27.724308209033218 ], [ 85.524451187805127, 27.724311305577487 ], [ 85.524454667207792, 27.72405293073998 ], [ 85.524745017455743, 27.724056026641687 ], [ 85.524751974754224, 27.723539276869026 ], [ 85.524461625874366, 27.723536181034813 ], [ 85.524465105138248, 27.723277806167154 ], [ 85.524174756988671, 27.723274709757902 ], [ 85.524178236890307, 27.72301633491394 ], [ 85.523887889471027, 27.72301323792966 ], [ 85.523891370010404, 27.722754863109408 ], [ 85.52360102332139, 27.722751765550122 ], [ 85.523604504498508, 27.722493390753581 ], [ 85.523314158539776, 27.722490292619298 ], [ 85.523317640354577, 27.722231917846479 ], [ 85.523027295126141, 27.722228819137204 ], [ 85.52303077757864, 27.721970444388113 ], [ 85.522740433080472, 27.721967345103874 ], [ 85.52274391617064, 27.721708970378511 ], [ 85.522453572402753, 27.721705870519308 ], [ 85.522457056130563, 27.721447495817692 ], [ 85.522166713092957, 27.72144439538355 ], [ 85.522170197458394, 27.72118602070568 ], [ 85.52187985515107, 27.721182919696599 ], [ 85.52188682511084, 27.720666170378308 ], [ 85.521596484217724, 27.720663068828127 ], [ 85.521599969812016, 27.720404694187714 ], [ 85.521309629649167, 27.720401592062633 ], [ 85.521313115881043, 27.720143217445983 ], [ 85.521022776448447, 27.72014011474602 ], [ 85.521029750140926, 27.719623365550213 ], [ 85.520739412122509, 27.719620262309213 ], [ 85.520742899583084, 27.719361887730059 ], [ 85.520162225053099, 27.719355679489677 ], [ 85.520169202570642, 27.718838930436569 ], [ 85.519878866742971, 27.718835825471057 ], [ 85.519892823956766, 27.717802327379605 ], [ 85.520183157049075, 27.717805432209719 ], [ 85.520193622420834, 27.717030308434015 ], [ 85.520483953508091, 27.717033412553953 ], [ 85.520494416411054, 27.716258288586246 ], [ 85.520784745493344, 27.71626139199606 ], [ 85.520798692646395, 27.715227893096369 ], [ 85.521089019040048, 27.715230995762258 ], [ 85.521099476866866, 27.714455871380462 ], [ 85.521389801255694, 27.714458973336317 ], [ 85.521396771541092, 27.713942223630539 ], [ 85.521687094608865, 27.71394532491021 ], [ 85.52169057899836, 27.713686950008427 ], [ 85.52198090142879, 27.713690050645749 ], [ 85.521984385088274, 27.713431675700114 ], [ 85.522274706881348, 27.713434775695092 ], [ 85.522285155530895, 27.712659650696466 ], [ 85.521994835788803, 27.71265655080289 ], [ 85.522001802690866, 27.712139800821163 ], [ 85.52171148436237, 27.712136700386687 ], [ 85.521714968427546, 27.711878325414553 ], [ 85.52142465082899, 27.711875224405397 ], [ 85.521428135531465, 27.711616849457023 ], [ 85.521137818662851, 27.711613747873194 ], [ 85.521141304002569, 27.711355372948585 ], [ 85.520850987863923, 27.711352270790105 ], [ 85.520854473840899, 27.711093895889277 ], [ 85.520564158432194, 27.711090793156153 ], [ 85.520567645046384, 27.7108324182791 ], [ 85.520277330367634, 27.710829314971345 ], [ 85.520291279095048, 27.709795815497987 ], [ 85.520000967196907, 27.709792711717153 ], [ 85.520007942649457, 27.709275961987853 ], [ 85.520298253180528, 27.709279065700994 ], [ 85.520312200795047, 27.70824556598641 ], [ 85.520602508638476, 27.708248668955786 ], [ 85.52062691039454, 27.706440043831446 ], [ 85.520917213500127, 27.706443145955607 ], [ 85.520920698596427, 27.70618477086381 ], [ 85.521211001064941, 27.706187872345804 ], [ 85.521224938253113, 27.705154371742836 ], [ 85.521515238034382, 27.705157472481218 ], [ 85.521522204983711, 27.704640722051803 ], [ 85.521812503444551, 27.704643822114249 ], [ 85.521819468841869, 27.704127071577023 ], [ 85.522109765982322, 27.704130170963555 ], [ 85.522113247928175, 27.703871795646066 ], [ 85.522403544431583, 27.703874894390516 ], [ 85.522417469018649, 27.702841392884892 ], [ 85.522127175248514, 27.702838294275615 ], [ 85.522137620252565, 27.702063168142271 ], [ 85.521847328578588, 27.702060069026146 ], [ 85.521875185351362, 27.699993065832164 ], [ 85.521584899189563, 27.699989966378254 ], [ 85.521591864286052, 27.699473215546885 ], [ 85.521301579536967, 27.699470115552419 ], [ 85.52130854581452, 27.69895336474848 ], [ 85.521018262478108, 27.698950264213472 ], [ 85.521021746230545, 27.698691888830258 ], [ 85.520731463623619, 27.698688787720922 ], [ 85.520748885106542, 27.697396910823226 ], [ 85.521039164297832, 27.697400011763438 ], [ 85.52104264777229, 27.697141636319927 ], [ 85.521332926326821, 27.69714473661821 ], [ 85.521343374422983, 27.696369610125952 ], [ 85.521633650974564, 27.696372709714687 ], [ 85.521647578388766, 27.695339207449098 ], [ 85.521357304569392, 27.695336107995601 ], [ 85.521367751692864, 27.694560981292344 ], [ 85.521077479968881, 27.694557881332237 ], [ 85.521084445852267, 27.694041130214131 ], [ 85.520794175540601, 27.694038029713621 ], [ 85.520811592853249, 27.692746151911649 ], [ 85.520521326002736, 27.692743050972254 ], [ 85.520524810009206, 27.692484675415546 ], [ 85.519944277813096, 27.69247847178044 ], [ 85.519947763139086, 27.692220096281357 ], [ 85.51878670203493, 27.692207681850689 ], [ 85.518783213977244, 27.69246605721434 ], [ 85.517622150883682, 27.692453632920419 ], [ 85.517618660047845, 27.692712008138475 ], [ 85.517328393707587, 27.692708900511128 ], [ 85.517324902142377, 27.692967275685234 ], [ 85.515873567723105, 27.692951728258983 ], [ 85.515877062703026, 27.69269335325448 ], [ 85.513845201249282, 27.692671561559532 ], [ 85.513848700963209, 27.692413186782709 ], [ 85.51297790594414, 27.692403838467012 ], [ 85.512981407660291, 27.692145463782115 ], [ 85.512400879246272, 27.692139228599761 ], [ 85.512404382281645, 27.69188085397283 ], [ 85.511533592058825, 27.691871496741584 ], [ 85.51153008697473, 27.692129871266427 ], [ 85.510949559026798, 27.692123630004339 ], [ 85.510946052530258, 27.692382004451055 ], [ 85.510365523403053, 27.692375760688964 ], [ 85.510372539081118, 27.691859011921721 ], [ 85.510082275953309, 27.691855889196841 ], [ 85.510085784405263, 27.691597514832207 ], [ 85.508344210716061, 27.691578765920227 ], [ 85.508340698166762, 27.691837140080324 ], [ 85.508050435365803, 27.691834013099697 ], [ 85.508046922086876, 27.692092387215627 ], [ 85.505724815899057, 27.692067349210902 ], [ 85.505728334641148, 27.691808975368122 ], [ 85.505438072261086, 27.691805842915855 ], [ 85.505441591639283, 27.691547469097177 ], [ 85.505151329988891, 27.691544336071132 ], [ 85.505154850003166, 27.691285962276591 ], [ 85.504864589082473, 27.691282828676773 ], [ 85.504868109732783, 27.691024454906358 ], [ 85.504577849541803, 27.691021320732791 ], [ 85.504581370828134, 27.690762946986517 ], [ 85.504291111366854, 27.690759812239207 ], [ 85.504294633289192, 27.690501438517078 ], [ 85.504004374557596, 27.690498303196044 ], [ 85.50400789711594, 27.690239929498059 ], [ 85.503717639114029, 27.690236793603315 ], [ 85.503721162308352, 27.689978419929492 ], [ 85.503430905036154, 27.689975283461045 ], [ 85.503441476386342, 27.689200162481878 ], [ 85.503151221209436, 27.689197025508204 ], [ 85.50318646282453, 27.686613288599631 ], [ 85.502896214521996, 27.686610151360366 ], [ 85.502906788140535, 27.685835030194415 ], [ 85.503197034394987, 27.685838167330989 ], [ 85.503204081874259, 27.685321419768293 ], [ 85.502913836985144, 27.685318282700166 ], [ 85.50292088564224, 27.6848015351657 ], [ 85.502630642165315, 27.684798397558261 ], [ 85.50263769200015, 27.684281650052046 ], [ 85.502347449935385, 27.684278511905312 ], [ 85.502361551772808, 27.683245016909193 ], [ 85.502071312485356, 27.683241878291682 ], [ 85.502081890418751, 27.682466757041766 ], [ 85.501791653225922, 27.682463617919279 ], [ 85.501812811921525, 27.680913375353487 ], [ 85.501522578870791, 27.680910235828843 ], [ 85.501526105838366, 27.680651862066949 ], [ 85.501235873517032, 27.680648721968893 ], [ 85.501242928676419, 27.680131974483469 ], [ 85.500952697766991, 27.68012883384629 ], [ 85.500977394123808, 27.678320217570505 ], [ 85.500687168038411, 27.678317076565609 ], [ 85.500694225082768, 27.677800329036305 ], [ 85.500404000409134, 27.677797187492374 ], [ 85.500407529543281, 27.677538813746928 ], [ 85.500117305598977, 27.677535671629688 ], [ 85.500127894766862, 27.67676055043589 ], [ 85.499837672916613, 27.676757407813959 ], [ 85.499841203227675, 27.676499034096882 ], [ 85.499550982106754, 27.676495890901684 ], [ 85.499554513053198, 27.67623751720885 ], [ 85.499264292661579, 27.676234373440405 ], [ 85.499267824243375, 27.675975999771829 ], [ 85.498977604581071, 27.675972855430139 ], [ 85.498981136798221, 27.675714481785828 ], [ 85.498690917865233, 27.675711336870911 ], [ 85.498694450717693, 27.675452963250869 ], [ 85.498404232514005, 27.67544981776275 ], [ 85.498411299442552, 27.674933070561146 ], [ 85.498121082650471, 27.674929924534169 ], [ 85.498124616726514, 27.674671550952613 ], [ 85.497834400663734, 27.674668404352449 ], [ 85.497837935375031, 27.674410030795197 ], [ 85.497547720041553, 27.674406883621877 ], [ 85.497551255388089, 27.674148510088909 ], [ 85.497261040783911, 27.674145362342433 ], [ 85.497275184428744, 27.673111868247432 ], [ 85.497565396303941, 27.673115015856492 ], [ 85.497572466479681, 27.672598268679952 ], [ 85.497862677037503, 27.672601415612846 ], [ 85.497866211372624, 27.67234304197515 ], [ 85.498446631264898, 27.672349333949889 ], [ 85.498460762677738, 27.671315839023869 ], [ 85.498170555436815, 27.67131269347756 ], [ 85.498181155549403, 27.67053757228048 ], [ 85.497600745301483, 27.670531279571637 ], [ 85.497607814536664, 27.670014532194021 ], [ 85.497317610847475, 27.670011384997188 ], [ 85.49732468125876, 27.669494637648061 ], [ 85.497034478980837, 27.669491489912563 ], [ 85.497045086291266, 27.668716368916527 ], [ 85.496754886106615, 27.668713220676747 ], [ 85.496761958775821, 27.668196473364524 ], [ 85.49647176000235, 27.668193324586117 ], [ 85.496478833847434, 27.667676577302423 ], [ 85.496188636485115, 27.667673427985431 ], [ 85.4961921740191, 27.667415054362873 ], [ 85.495901977385856, 27.667411904472939 ], [ 85.495905515554782, 27.667153530874714 ], [ 85.495615319650639, 27.66715038041184 ], [ 85.495618858454506, 27.666892006837951 ], [ 85.495328663279466, 27.666888855802153 ], [ 85.49533574210993, 27.666372108693007 ], [ 85.495045548345956, 27.666368957118713 ], [ 85.49509510443221, 27.66275172671028 ], [ 85.494804920262212, 27.662748575010397 ], [ 85.494808460311305, 27.662490201368797 ], [ 85.494518276870267, 27.662487049096129 ], [ 85.494521817554087, 27.662228675478897 ], [ 85.494231634842009, 27.662225522633445 ], [ 85.494235176160558, 27.661967149040574 ], [ 85.493944994177426, 27.661963995622369 ], [ 85.493948536130674, 27.661705622053876 ], [ 85.493077992509555, 27.661696158259488 ], [ 85.493081536461119, 27.661437784784251 ], [ 85.492791356030196, 27.66143462900623 ], [ 85.492798445155472, 27.660917882094502 ], [ 85.492508266135303, 27.660914725778234 ], [ 85.492518901514799, 27.660139605438612 ], [ 85.492228724587136, 27.660136448618577 ], [ 85.492242907159721, 27.659102954829518 ], [ 85.491952733006215, 27.659099797540243 ], [ 85.491956279213127, 27.65884142410231 ], [ 85.491666105788539, 27.658838266240402 ], [ 85.491705118448834, 27.655996158138883 ], [ 85.491995284375093, 27.655999315621553 ], [ 85.491998830015817, 27.655740942062977 ], [ 85.492288995307675, 27.655744098904147 ], [ 85.492299629901964, 27.654968978064705 ], [ 85.492589793196203, 27.654972134195468 ], [ 85.492596881326733, 27.654455386849985 ], [ 85.493177205330397, 27.654461697152701 ], [ 85.49319137557319, 27.653428202065502 ], [ 85.493481534919553, 27.65343135616861 ], [ 85.493485076680869, 27.653172982337235 ], [ 85.493775235392846, 27.653176135798951 ], [ 85.493785858349511, 27.65240101414123 ], [ 85.49349570168205, 27.652397860782813 ], [ 85.493502784780532, 27.651881113029603 ], [ 85.493212629523185, 27.651877959133135 ], [ 85.49321971379608, 27.651361211408599 ], [ 85.491768945031154, 27.65134543316703 ], [ 85.491772490504147, 27.651087059461982 ], [ 85.490611879067217, 27.651074426082364 ], [ 85.490615427218785, 27.650816052505217 ], [ 85.490325275159009, 27.650812892677571 ], [ 85.490328823944779, 27.650554519124881 ], [ 85.49003867261365, 27.650551358724854 ], [ 85.490042222033622, 27.650292985196625 ], [ 85.489752071431141, 27.650289824224235 ], [ 85.489755621485287, 27.650031450720462 ], [ 85.489175321784899, 27.650025127024104 ], [ 85.4891788731546, 27.649766753579346 ], [ 85.488598575006066, 27.649760427524587 ], [ 85.48860212769128, 27.649502054138853 ], [ 85.4883119793693, 27.64949889023573 ], [ 85.488315532688617, 27.649240516874496 ], [ 85.488025385095298, 27.64923735239908 ], [ 85.488028939048704, 27.648978979062349 ], [ 85.487738792184061, 27.648975814014641 ], [ 85.487745901311698, 27.648459067380145 ], [ 85.48716561044975, 27.648452735602508 ], [ 85.487169166305293, 27.648194362339325 ], [ 85.486879021626635, 27.648191195574849 ], [ 85.48688257811618, 27.647932822336195 ], [ 85.486302290263538, 27.647926487055969 ], [ 85.486305848068397, 27.647668113876442 ], [ 85.485435418688525, 27.647658606508827 ], [ 85.485438978489981, 27.647400233423085 ], [ 85.485148836139402, 27.647397063121556 ], [ 85.485152396574776, 27.64713869006038 ], [ 85.484862254952887, 27.64713551918668 ], [ 85.484865816022179, 27.646877146150082 ], [ 85.484575675128966, 27.646873974704224 ], [ 85.484579236832147, 27.646615601692201 ], [ 85.483998956550494, 27.64660925704943 ], [ 85.484009645463217, 27.645834138160915 ], [ 85.483719507437314, 27.645830965033326 ], [ 85.483726634504535, 27.645314219126682 ], [ 85.483436497888519, 27.645311045461661 ], [ 85.483440062032216, 27.64505267252791 ], [ 85.483149926144861, 27.645049498290817 ], [ 85.483153490922348, 27.644791125381683 ], [ 85.482863355763655, 27.644787950572521 ], [ 85.482866921174903, 27.644529577688008 ], [ 85.482576786744858, 27.644526402306802 ], [ 85.482580352789853, 27.644268029446913 ], [ 85.482290219088483, 27.644264853493674 ], [ 85.482293785767197, 27.644006480658412 ], [ 85.482003652794475, 27.644003304133147 ], [ 85.482007220106908, 27.643744931322527 ], [ 85.481717087862847, 27.64374175422526 ], [ 85.481720655808971, 27.643483381439285 ], [ 85.480560130032316, 27.643470667122049 ], [ 85.48056370065558, 27.643212294464881 ], [ 85.478822917503322, 27.643193204996727 ], [ 85.478819342793116, 27.643451577445397 ], [ 85.478529211753028, 27.643448393709203 ], [ 85.478507758405541, 27.644998627981366 ], [ 85.478217623325932, 27.644995443429799 ], [ 85.478214046920243, 27.645253815738513 ], [ 85.477053504353009, 27.645241071325756 ], [ 85.477078557266623, 27.643432465927869 ], [ 85.47736868806868, 27.643435652697512 ], [ 85.477397311663211, 27.641368674217976 ], [ 85.477107186310121, 27.641365487726777 ], [ 85.477110764726248, 27.641107115406371 ], [ 85.476820640101849, 27.641103928343348 ], [ 85.47682421915141, 27.640845556047701 ], [ 85.47653409525573, 27.640842368412859 ], [ 85.476544834161757, 27.640067251570031 ], [ 85.475964590599631, 27.640060874689446 ], [ 85.475968171501762, 27.63980250245805 ], [ 85.475387929492328, 27.639796123220741 ], [ 85.475391511708835, 27.639537751048952 ], [ 85.475101391456661, 27.639534560555258 ], [ 85.475108557108683, 27.639017816251219 ], [ 85.474818438266212, 27.639014625220646 ], [ 85.474822021701669, 27.638756253088403 ], [ 85.474531903587874, 27.638753061486117 ], [ 85.474535487656652, 27.638494689378671 ], [ 85.474245370271547, 27.638491497204697 ], [ 85.474252539627912, 27.637974753029361 ], [ 85.473962423652466, 27.637971560318576 ], [ 85.473966008940039, 27.637713188250697 ], [ 85.473675893693269, 27.637709994968244 ], [ 85.473679479614063, 27.637451622925191 ], [ 85.473389365095954, 27.637448429071092 ], [ 85.473392951649984, 27.637190057052862 ], [ 85.473102837860552, 27.637186862627125 ], [ 85.47311001218722, 27.636670118630292 ], [ 85.472819899807376, 27.636666923667832 ], [ 85.472823487580001, 27.636408551689225 ], [ 85.472533375928833, 27.636405356155162 ], [ 85.472540552692621, 27.635888612237583 ], [ 85.472250442450999, 27.635885416166847 ], [ 85.472254031442134, 27.635627044227885 ], [ 85.471963921929159, 27.635623847585574 ], [ 85.471971101129853, 27.635107103747309 ], [ 85.470230453226037, 27.63508791157664 ], [ 85.470234046839835, 27.634829539852074 ], [ 85.469363725576059, 27.634819935684337 ], [ 85.469367321184549, 27.634561564054625 ], [ 85.469657427543794, 27.634564766015355 ], [ 85.469675401464315, 27.633272907541048 ], [ 85.469385298509152, 27.633269705755218 ], [ 85.469392489103996, 27.632752962365029 ], [ 85.469102387558252, 27.632749760042746 ], [ 85.469105983464658, 27.632491388367548 ], [ 85.468235681156926, 27.632481777867248 ], [ 85.468239279057741, 27.632223406286975 ], [ 85.46707887937427, 27.632210583937074 ], [ 85.467075278750443, 27.632468955377259 ], [ 85.466495077834722, 27.632462540493876 ], [ 85.466498679820077, 27.632204169123771 ], [ 85.465918480457631, 27.63219775188491 ], [ 85.465922083756539, 27.63193938057486 ], [ 85.465631984827994, 27.631936171080905 ], [ 85.465635588759653, 27.631677799795852 ], [ 85.465345490559827, 27.63167458973059 ], [ 85.465349095124253, 27.631416218470552 ], [ 85.465058997653131, 27.631413007833988 ], [ 85.465062602850281, 27.631154636598957 ], [ 85.464772506107849, 27.63115142539111 ], [ 85.464768900229984, 27.631409796591054 ], [ 85.464188705527704, 27.631403372286083 ], [ 85.464185098240392, 27.631661743405779 ], [ 85.463604902368715, 27.631655316605137 ], [ 85.463594076134243, 27.632430429693208 ], [ 85.463303976228232, 27.632427215277968 ], [ 85.463296757136874, 27.632943957216135 ], [ 85.463006655917383, 27.632940742124259 ], [ 85.462992214434976, 27.633974225739319 ], [ 85.462702110540391, 27.63397100990051 ], [ 85.462698499368855, 27.634229380743996 ], [ 85.462408394841518, 27.63422616426362 ], [ 85.462404782941078, 27.634484535061887 ], [ 85.461534467605105, 27.634474881876677 ], [ 85.461538081548014, 27.634216511183862 ], [ 85.460667768687415, 27.634206852646177 ], [ 85.46066415270208, 27.634465223233477 ], [ 85.459213628826376, 27.634449113365964 ], [ 85.459217248215808, 27.634190742954647 ], [ 85.458927144265957, 27.634187519197042 ], [ 85.45892352419574, 27.63444588957314 ], [ 85.458633419613264, 27.634442665173871 ], [ 85.458629798814016, 27.63470103550468 ], [ 85.45833969359893, 27.634697810463749 ], [ 85.458336072070651, 27.634956180749253 ], [ 85.458045966222926, 27.634952955066634 ], [ 85.45804234396563, 27.635211325306841 ], [ 85.457752237485266, 27.635208098982528 ], [ 85.457748614498911, 27.635466469177416 ], [ 85.458038721660103, 27.635469695536983 ], [ 85.458035099306358, 27.635728065757057 ], [ 85.45774499146431, 27.635724839362243 ], [ 85.457741368381505, 27.635983209537009 ], [ 85.457161151480321, 27.635976754857467 ], [ 85.457157526987544, 27.636235124951654 ], [ 85.456577308917588, 27.636228667775661 ], [ 85.456573683014796, 27.636487037789237 ], [ 85.4557033542292, 27.636477347370779 ], [ 85.455706982174632, 27.636218977463056 ], [ 85.453096004554226, 27.63618987377523 ], [ 85.453099638579204, 27.635931504175364 ], [ 85.452809530877303, 27.635928267435226 ], [ 85.452813165534764, 27.635669897860652 ], [ 85.452523058562093, 27.635666660549411 ], [ 85.452526693852036, 27.635408291000122 ], [ 85.452236587608596, 27.635405053117786 ], [ 85.452243859405002, 27.634888314059744 ], [ 85.451953754571633, 27.634885075641709 ], [ 85.451957391078039, 27.634626706132959 ], [ 85.451377182918151, 27.634620227548325 ], [ 85.45138082073781, 27.634361858100281 ], [ 85.45109071741129, 27.634358617933703 ], [ 85.451094355863319, 27.634100248510983 ], [ 85.450514150717197, 27.634093766429356 ], [ 85.45051779048238, 27.633835397067376 ], [ 85.450227688662764, 27.633832155152341 ], [ 85.450231329060287, 27.633573785815717 ], [ 85.449941227969916, 27.633570543329686 ], [ 85.449944868999751, 27.63331217401841 ], [ 85.449654768638609, 27.633308930961405 ], [ 85.449658410300756, 27.633050561675478 ], [ 85.449368310668845, 27.63304731804751 ], [ 85.44937923740666, 27.63227221023563 ], [ 85.44908913986545, 27.632268966107592 ], [ 85.449092782695161, 27.632010596852258 ], [ 85.448802685883166, 27.632007352153288 ], [ 85.448809972758539, 27.631490613683312 ], [ 85.448519877356475, 27.631487368448887 ], [ 85.448530809347872, 27.630712260774757 ], [ 85.448240716036366, 27.63070901504036 ], [ 85.448248005149452, 27.630192276611506 ], [ 85.447957913247777, 27.630189030341707 ], [ 85.447961558412217, 27.62993066114764 ], [ 85.447671467239715, 27.629927414306994 ], [ 85.447675113036269, 27.629669045138332 ], [ 85.447385022592954, 27.629665797726854 ], [ 85.4473923154017, 27.629149059430265 ], [ 85.447102226368173, 27.629145811483458 ], [ 85.447105873380366, 27.628887442355541 ], [ 85.446815785075984, 27.628884193837937 ], [ 85.446812137383191, 27.629142562930358 ], [ 85.446231959558887, 27.629136064005284 ], [ 85.446228310456291, 27.629394433016625 ], [ 85.445067952668154, 27.629381427748889 ], [ 85.445071604493222, 27.629123058879642 ], [ 85.444491427252018, 27.629116552679076 ], [ 85.444487774065706, 27.629374921477243 ], [ 85.442747239425714, 27.629355388111225 ], [ 85.442750896695713, 27.629097019526476 ], [ 85.440720279928499, 27.629074203262412 ], [ 85.440723941914044, 27.628815834916857 ], [ 85.44014376749459, 27.628809310598996 ], [ 85.440147430792578, 27.628550942314657 ], [ 85.439857344336588, 27.628547679281962 ], [ 85.439861008266405, 27.628289311023195 ], [ 85.439280836861911, 27.628282783210317 ], [ 85.439288167297491, 27.627766046805203 ], [ 85.43899808302956, 27.627762782060714 ], [ 85.43901274603742, 27.626729309272267 ], [ 85.43872266454045, 27.626726044064235 ], [ 85.438740995604917, 27.625434203030359 ], [ 85.438450917559237, 27.625430937394519 ], [ 85.438454584306186, 27.625172569193204 ], [ 85.438164506989793, 27.625169302986862 ], [ 85.4381681743684, 27.624910934811158 ], [ 85.43787809778128, 27.624907668034329 ], [ 85.437881765791516, 27.624649299884247 ], [ 85.437301614124678, 27.624642764583488 ], [ 85.437305283446989, 27.624384396494733 ], [ 85.437015208367271, 27.624381127970818 ], [ 85.437018878321155, 27.62412275990771 ], [ 85.436728803970723, 27.62411949081336 ], [ 85.43673247455618, 27.623861122775885 ], [ 85.436442400935036, 27.623857853111112 ], [ 85.436446072152052, 27.623599485099298 ], [ 85.43615599926018, 27.623596214864108 ], [ 85.43615967110874, 27.623337846877952 ], [ 85.434999382751769, 27.623324760018818 ], [ 85.435003057273008, 27.62306639216558 ], [ 85.434422914748751, 27.623059845170765 ], [ 85.43442659058185, 27.622801477379003 ], [ 85.43326630884215, 27.622788376259063 ], [ 85.43326263028753, 27.623046743907668 ], [ 85.430942063716145, 27.62302051228766 ], [ 85.430938379669456, 27.62327887963955 ], [ 85.430648308388228, 27.623275597923655 ], [ 85.430644623612096, 27.623533965229601 ], [ 85.430354551699523, 27.623530682871714 ], [ 85.430350866193947, 27.623789050131712 ], [ 85.430060793650043, 27.623785767131817 ], [ 85.430057107414981, 27.624044134345866 ], [ 85.429476961113565, 27.624037566455907 ], [ 85.429469585774527, 27.62455430071023 ], [ 85.42888943694777, 27.624547730252107 ], [ 85.428885747843751, 27.62480609729235 ], [ 85.428015522930636, 27.624796236951255 ], [ 85.42802290517217, 27.624279503076156 ], [ 85.427732831660251, 27.624276215155319 ], [ 85.427736523387722, 27.624017848238584 ], [ 85.427446450605373, 27.624014559747533 ], [ 85.427450142964105, 27.623756192856643 ], [ 85.427160070911313, 27.623752903795395 ], [ 85.427163763901305, 27.623494536930362 ], [ 85.426873692578056, 27.623491247298926 ], [ 85.42688107977132, 27.622974513610504 ], [ 85.426591009858029, 27.62297122344485 ], [ 85.426594704061273, 27.622712856621472 ], [ 85.426304634877511, 27.622709565885661 ], [ 85.426308329711944, 27.622451199088157 ], [ 85.426018261257724, 27.622447907782206 ], [ 85.426021956723332, 27.622189541010595 ], [ 85.425731888998669, 27.622186249134518 ], [ 85.42573558509541, 27.621927882388785 ], [ 85.425445518100275, 27.621924589942594 ], [ 85.425449214828163, 27.621666223222768 ], [ 85.425159148562571, 27.621662930206476 ], [ 85.425162845921562, 27.621404563512549 ], [ 85.424582714898705, 27.621397975733714 ], [ 85.424586413569102, 27.621139609101697 ], [ 85.424006284103797, 27.6211330189706 ], [ 85.424009984085572, 27.620874652400513 ], [ 85.42342985617789, 27.620868059917207 ], [ 85.423433557470986, 27.620609693409083 ], [ 85.422853431120998, 27.620603098573625 ], [ 85.422857133725387, 27.620344732127474 ], [ 85.422277008933094, 27.620338134939921 ], [ 85.422280712848732, 27.620079768555787 ], [ 85.421700589614233, 27.620073169016184 ], [ 85.421696884338061, 27.620331535328198 ], [ 85.417345956169257, 27.62028196097042 ], [ 85.417342240639599, 27.620540326730602 ], [ 85.417052178476766, 27.620537016888957 ], [ 85.41704846221738, 27.620795382602886 ], [ 85.416758399423728, 27.620792072119027 ], [ 85.416754682434572, 27.621050437786696 ], [ 85.415884492309686, 27.621040502590269 ], [ 85.415891930320214, 27.62052377146199 ], [ 85.415601868404821, 27.620520458590146 ], [ 85.415605588016092, 27.620262093047074 ], [ 85.415315526830497, 27.620258779605404 ], [ 85.415319247072503, 27.620000414088455 ], [ 85.415029186616678, 27.619997100076969 ], [ 85.415032907489433, 27.619738734586143 ], [ 85.414452788086891, 27.619732104817544 ], [ 85.414456510270583, 27.619473739389093 ], [ 85.413876392426729, 27.619467107268907 ], [ 85.41388011592133, 27.619208741902835 ], [ 85.413590057753979, 27.619205424969973 ], [ 85.413593781879229, 27.618947059630067 ], [ 85.413303724441676, 27.61894374212746 ], [ 85.413307449197561, 27.618685376813708 ], [ 85.413017392489806, 27.618682058741374 ], [ 85.413024843213222, 27.618165328156145 ], [ 85.412734787915454, 27.618162009550346 ], [ 85.412738513882957, 27.617903644278865 ], [ 85.412448459314973, 27.617900325103371 ], [ 85.41245218591304, 27.617641959858073 ], [ 85.411291970858016, 27.617628677241566 ], [ 85.411295700127113, 27.617370312131346 ], [ 85.410715594257766, 27.617363667259948 ], [ 85.41072305536764, 27.616846937154477 ], [ 85.411013106917196, 27.616850259820524 ], [ 85.411016836717522, 27.616591894716347 ], [ 85.411306887636584, 27.616595216740148 ], [ 85.411310616707112, 27.616336851589566 ], [ 85.41160066699571, 27.616340172971135 ], [ 85.411604395336482, 27.616081807774172 ], [ 85.411894444994587, 27.616085128513525 ], [ 85.411898172605618, 27.615826763270174 ], [ 85.412188221633244, 27.615830083367321 ], [ 85.412191948514533, 27.6155717180776 ], [ 85.41190190016701, 27.615568398016737 ], [ 85.411913082553468, 27.614793302195906 ], [ 85.411623036295822, 27.614789981638015 ], [ 85.411626764338791, 27.614531616380525 ], [ 85.41133671881083, 27.614528295253045 ], [ 85.411340447484221, 27.614269930021759 ], [ 85.411050402685959, 27.614266608324705 ], [ 85.411065319603239, 27.613233147443907 ], [ 85.410775277574757, 27.613229825286218 ], [ 85.410782737095531, 27.612713094857913 ], [ 85.41049269647668, 27.612709772167012 ], [ 85.410496426842585, 27.612451406974039 ], [ 85.409626307324061, 27.612441435375334 ], [ 85.409630039680223, 27.612183070281262 ], [ 85.409340000620062, 27.612179745239722 ], [ 85.409347466543238, 27.61166301509401 ], [ 85.409057428892709, 27.61165968951935 ], [ 85.409064895976996, 27.611142959405971 ], [ 85.40819478740336, 27.611132979265328 ], [ 85.408198522910723, 27.610874614302599 ], [ 85.406458311186057, 27.610854637883357 ], [ 85.406462050723235, 27.610596273128888 ], [ 85.406172016289901, 27.610592941641855 ], [ 85.406179496574666, 27.610076212175464 ], [ 85.405889463550963, 27.610072880155499 ], [ 85.405896944996314, 27.609556150721595 ], [ 85.406186976660265, 27.609559482668711 ], [ 85.406190716628373, 27.609301117900202 ], [ 85.405900685644298, 27.609297785989501 ], [ 85.40591938813715, 27.60800596217771 ], [ 85.405629360602106, 27.608002629843401 ], [ 85.4056443244192, 27.60696917075806 ], [ 85.405934349235025, 27.606972502946661 ], [ 85.405938089385003, 27.606714138113674 ], [ 85.406228113570847, 27.606717469660182 ], [ 85.406243070953735, 27.605684010081664 ], [ 85.405953049486925, 27.605680678680841 ], [ 85.405971748493926, 27.604388854162785 ], [ 85.405681730475507, 27.604385522338433 ], [ 85.405685470807228, 27.604127157440985 ], [ 85.404235384860769, 27.604110489417216 ], [ 85.404239128541079, 27.60385212469189 ], [ 85.403949112180953, 27.603848789306785 ], [ 85.403952856491102, 27.603590424607834 ], [ 85.40366284086052, 27.603587088653597 ], [ 85.403666585800465, 27.603328723981022 ], [ 85.403376570899397, 27.603325387457673 ], [ 85.403380316469139, 27.603067022811487 ], [ 85.402800288175939, 27.603060348020996 ], [ 85.402804035055084, 27.602801983437697 ], [ 85.402514021662952, 27.602798645170587 ], [ 85.402525264039895, 27.602023551469621 ], [ 85.402815275393152, 27.60202688962725 ], [ 85.402819022072734, 27.601768525003589 ], [ 85.40310903279628, 27.601771862519179 ], [ 85.403112778746376, 27.601513497848938 ], [ 85.403402788840197, 27.601516834722503 ], [ 85.403406534060849, 27.601258470005689 ], [ 85.403696543524944, 27.601261806237236 ], [ 85.403700288016125, 27.601003441473857 ], [ 85.403990296850509, 27.601006777063411 ], [ 85.403994040612275, 27.600748412253477 ], [ 85.404284048816947, 27.600751747201038 ], [ 85.40431399168024, 27.598684828066691 ], [ 85.404023988911817, 27.598681493410815 ], [ 85.404065162614884, 27.595839478947923 ], [ 85.403775167370185, 27.595836144087706 ], [ 85.403778910814438, 27.595577779112467 ], [ 85.403488916298969, 27.595574443683329 ], [ 85.403496404396691, 27.595057713775532 ], [ 85.40320641128983, 27.595054377813959 ], [ 85.403221389604369, 27.594020918023237 ], [ 85.403511379993844, 27.594024253838899 ], [ 85.4035151237685, 27.593765888829523 ], [ 85.403805113528506, 27.593769224003371 ], [ 85.403808856573988, 27.593510858947432 ], [ 85.40409884570451, 27.593514193479482 ], [ 85.404102588020834, 27.593255828376986 ], [ 85.4043925765219, 27.593259162267245 ], [ 85.404396318109093, 27.593000797118215 ], [ 85.404686305980675, 27.593004130366694 ], [ 85.404690046838752, 27.59274576517112 ], [ 85.405270021372786, 27.592752429779235 ], [ 85.405273760822467, 27.592494064500709 ], [ 85.405563747484905, 27.592497395860359 ], [ 85.405586179061871, 27.590947203758788 ], [ 85.405006213937824, 27.590940540871365 ], [ 85.405013693448723, 27.59042381023589 ], [ 85.404723712319836, 27.590420477957153 ], [ 85.404731192989914, 27.589903747354214 ], [ 85.404441213269209, 27.589900414543123 ], [ 85.404452435938282, 27.589125318672405 ], [ 85.404162458304924, 27.589121985365438 ], [ 85.404173682563055, 27.588346889513314 ], [ 85.404463658158974, 27.588350222710922 ], [ 85.404467398799582, 27.588091857370266 ], [ 85.405047348782603, 27.588098521876987 ], [ 85.405051088015156, 27.58784015645335 ], [ 85.405341062402229, 27.587843487762484 ], [ 85.405359754422562, 27.586551660310853 ], [ 85.405069783430932, 27.586548329183881 ], [ 85.405103432042324, 27.58422303946351 ], [ 85.404813467211738, 27.584219708059326 ], [ 85.404820945491196, 27.583702976972308 ], [ 85.404530982068366, 27.583699645035907 ], [ 85.404534721812368, 27.583441279513714 ], [ 85.404244759118328, 27.583437947008683 ], [ 85.404248499491459, 27.583179581512859 ], [ 85.403668575610752, 27.583172914760489 ], [ 85.403672317291964, 27.582914549327498 ], [ 85.403382356105297, 27.582911215080184 ], [ 85.403386098415609, 27.582652849673575 ], [ 85.403096137957732, 27.582649514857675 ], [ 85.40309988089713, 27.582391149477456 ], [ 85.402519961488764, 27.58238447810346 ], [ 85.40253119408132, 27.581609382121215 ], [ 85.402241236488649, 27.581606045636136 ], [ 85.402244981265326, 27.581347680325042 ], [ 85.402534938179102, 27.581351016773624 ], [ 85.402542426225082, 27.580834286048201 ], [ 85.402252470669055, 27.580830949672606 ], [ 85.40225621529612, 27.580572584331254 ], [ 85.40167630569141, 27.580565909838054 ], [ 85.401680051626286, 27.580307544559634 ], [ 85.400810189630008, 27.580297528391885 ], [ 85.400813937551519, 27.580039163212941 ], [ 85.400234031161247, 27.580032482815895 ], [ 85.400237780390512, 27.579774117699941 ], [ 85.399947827949106, 27.579770776630482 ], [ 85.399955327615459, 27.57925404644141 ], [ 85.399665376581638, 27.579250704840085 ], [ 85.399669127018697, 27.578992339766973 ], [ 85.399379176713623, 27.578988997597243 ], [ 85.399382927779541, 27.578730632550602 ], [ 85.399092978203214, 27.578727289812484 ], [ 85.399100481542703, 27.578210559762081 ], [ 85.398810533373918, 27.578207216492153 ], [ 85.398818037871038, 27.577690486474552 ], [ 85.398528091109768, 27.577687142672847 ], [ 85.398550607474093, 27.576136952597441 ], [ 85.39884055016303, 27.57614029617967 ], [ 85.398844302036792, 27.575881931095225 ], [ 85.398554360026537, 27.575878587549571 ], [ 85.398576874291621, 27.574328397050557 ], [ 85.398286936403309, 27.574325053119523 ], [ 85.398290689284522, 27.574066688037636 ], [ 85.39800075212483, 27.574063343538356 ], [ 85.398004505634674, 27.573804978482979 ], [ 85.3977145692036, 27.573801633415467 ], [ 85.397718323342062, 27.573543268386594 ], [ 85.397428387639593, 27.573539922750868 ], [ 85.397435897123685, 27.573023192736073 ], [ 85.397725831468961, 27.573026538298599 ], [ 85.397729585457398, 27.572768173239474 ], [ 85.398019519174099, 27.572771518160597 ], [ 85.39802327243396, 27.572513153054782 ], [ 85.398313205522072, 27.572516497334529 ], [ 85.398335719960173, 27.57096630626835 ], [ 85.398045790943328, 27.570962962208142 ], [ 85.398049543853247, 27.570704597031735 ], [ 85.397759615564894, 27.570701252403374 ], [ 85.39776336910333, 27.570442887253474 ], [ 85.397473441543468, 27.570439542056963 ], [ 85.397477195710394, 27.570181176933588 ], [ 85.397187268879051, 27.570177831168952 ], [ 85.397191023674452, 27.569919466072086 ], [ 85.3969010975716, 27.569916119739329 ], [ 85.396904852995462, 27.569657754669002 ], [ 85.396614927621087, 27.569654407768148 ], [ 85.396618683673381, 27.56939604272435 ], [ 85.396328759027526, 27.569392695255406 ], [ 85.396332515708252, 27.569134330238153 ], [ 85.396042591790874, 27.569130982201131 ], [ 85.39605010635907, 27.568614252209631 ], [ 85.395760183848637, 27.56861090364119 ], [ 85.395763941736078, 27.568352538666947 ], [ 85.395184098222231, 27.568345839789298 ], [ 85.39518785741646, 27.568087474878268 ], [ 85.394897936413059, 27.568084124569086 ], [ 85.394901696235621, 27.567825759684627 ], [ 85.394611775960712, 27.567822408807434 ], [ 85.394619296812337, 27.567305679081603 ], [ 85.394329377944302, 27.567302327673083 ], [ 85.394333138973366, 27.567043962831708 ], [ 85.393753302744372, 27.567037258274077 ], [ 85.393757065080067, 27.566778893495975 ], [ 85.39317723040827, 27.566772186593155 ], [ 85.393180994050567, 27.566513821878356 ], [ 85.392021328022111, 27.566500400963932 ], [ 85.392025094327664, 27.566242036385894 ], [ 85.390285600860395, 27.566221887095857 ], [ 85.390289371185787, 27.565963522728214 ], [ 85.389709541788406, 27.565956801534778 ], [ 85.389713313420216, 27.565698437230601 ], [ 85.389133485580459, 27.565691713692281 ], [ 85.389137258518673, 27.565433349451585 ], [ 85.388847345352488, 27.565429986812315 ], [ 85.388851118918737, 27.565171622598331 ], [ 85.388561206481128, 27.56516825939126 ], [ 85.38857252891313, 27.564393166799171 ], [ 85.388282618560666, 27.564389803097932 ], [ 85.388286393282385, 27.564131438917205 ], [ 85.387996483658469, 27.564128074648224 ], [ 85.388000259008166, 27.563869710494213 ], [ 85.387710350112798, 27.563866345657473 ], [ 85.387714126090444, 27.5636079815302 ], [ 85.38684440174093, 27.563597883503164 ], [ 85.386848179702994, 27.563339519476305 ], [ 85.386268365078095, 27.563332784509235 ], [ 85.386272144346293, 27.563074420545981 ], [ 85.386562050955334, 27.563077788294937 ], [ 85.38656582949497, 27.562819424284744 ], [ 85.386855735476132, 27.562822791392307 ], [ 85.38685951328722, 27.562564427335175 ], [ 85.387149418640504, 27.562567793801374 ], [ 85.387156972755292, 27.562051065583166 ], [ 85.387446876802485, 27.562054431371177 ], [ 85.387450653106228, 27.561796067210103 ], [ 85.387740556525557, 27.561799432356779 ], [ 85.387744332100809, 27.561541068148792 ], [ 85.388324137733989, 27.561547796554983 ], [ 85.388327911902607, 27.561289432263276 ], [ 85.388907716380572, 27.561296158177878 ], [ 85.3889114891426, 27.561037793802477 ], [ 85.389201390778808, 27.561041155816241 ], [ 85.389205162812416, 27.560782791393958 ], [ 85.389495063820732, 27.56078615276645 ], [ 85.389498835125949, 27.560527788297293 ], [ 85.390078635937016, 27.560534509155286 ], [ 85.390082405835713, 27.560276144602497 ], [ 85.390952105394561, 27.56028622124564 ], [ 85.390955873208654, 27.560027856572479 ], [ 85.391245772483884, 27.560031214207847 ], [ 85.391249539569657, 27.559772849487857 ], [ 85.391539438216952, 27.55977620648202 ], [ 85.391543204574432, 27.559517841715209 ], [ 85.391833102593793, 27.559521198068179 ], [ 85.391840633802033, 27.559004468430821 ], [ 85.39213053051536, 27.559007824105894 ], [ 85.392134295366148, 27.558749459235361 ], [ 85.392424191451553, 27.55875281426928 ], [ 85.392427955574107, 27.558494449351947 ], [ 85.392717851031577, 27.558497803744721 ], [ 85.392721614425923, 27.558239438780582 ], [ 85.393011509255459, 27.55824279253223 ], [ 85.393015271921612, 27.557984427521312 ], [ 85.393305166123213, 27.557987780631837 ], [ 85.393308928061188, 27.55772941557413 ], [ 85.394178608932535, 27.557739471169171 ], [ 85.394182368786261, 27.557481105991336 ], [ 85.395921727812933, 27.557501200642484 ], [ 85.395925483548339, 27.557242835234625 ], [ 85.396795161703182, 27.557252874290889 ], [ 85.396798915354466, 27.556994508763076 ], [ 85.397088807494754, 27.55699785386976 ], [ 85.397115076907625, 27.555189294636477 ], [ 85.397404964351949, 27.555192638882534 ], [ 85.39740871624727, 27.55493427320086 ], [ 85.397698603063631, 27.554937616805972 ], [ 85.397702354231015, 27.554679251077612 ], [ 85.398282126657719, 27.554685936401654 ], [ 85.398285876419251, 27.554427570590033 ], [ 85.398575762029608, 27.55443091230898 ], [ 85.398579511063261, 27.554172546450705 ], [ 85.398869396045626, 27.55417588752875 ], [ 85.398873144351384, 27.553917521623816 ], [ 85.399163028705786, 27.553920862060981 ], [ 85.399166776283678, 27.553662496109418 ], [ 85.399456660010088, 27.553665835905704 ], [ 85.399467900410542, 27.552890737880848 ], [ 85.399757782153159, 27.552894076963184 ], [ 85.39977276594341, 27.551860612642731 ], [ 85.400062645024491, 27.551863950974603 ], [ 85.40007388030962, 27.551088852518813 ], [ 85.400363757407078, 27.551092190136814 ], [ 85.400367501724517, 27.55083382392819 ], [ 85.40065737819404, 27.55083716090542 ], [ 85.400691068706038, 27.54851186424554 ], [ 85.400980939125475, 27.548515200289842 ], [ 85.400984681588582, 27.548256833907391 ], [ 85.401274551380169, 27.548260169311003 ], [ 85.401278293115681, 27.548001802881956 ], [ 85.401568162279389, 27.548005137644893 ], [ 85.401575644245455, 27.547488404683559 ], [ 85.401865512103598, 27.547491738769324 ], [ 85.401869252334166, 27.547233372237049 ], [ 85.402159119564445, 27.547236705682174 ], [ 85.402170337924119, 27.54646160591539 ], [ 85.402460203171188, 27.546464938646906 ], [ 85.402463941847103, 27.546206572001342 ], [ 85.402753806466336, 27.546209904092251 ], [ 85.402761282313406, 27.545693170697938 ], [ 85.403051145627146, 27.545696502111785 ], [ 85.403054882798344, 27.545438135363039 ], [ 85.403344745484262, 27.545441466136307 ], [ 85.40334848192802, 27.545183099341028 ], [ 85.403928206093937, 27.545189759002358 ], [ 85.403935676121677, 27.544673025235735 ], [ 85.404225536924059, 27.544676354087368 ], [ 85.404229271185685, 27.544417987152507 ], [ 85.404519131360232, 27.544421315363611 ], [ 85.404522864894489, 27.544162948382223 ], [ 85.404233005397543, 27.544159620207559 ], [ 85.404244207734564, 27.543384519312291 ], [ 85.403954350320092, 27.54338119064289 ], [ 85.403958085010473, 27.543122823694091 ], [ 85.403668228323312, 27.543119494457081 ], [ 85.403675698909865, 27.542602760602179 ], [ 85.403385843627561, 27.542599430834041 ], [ 85.403389579523704, 27.542341063927928 ], [ 85.402809870463486, 27.542334402652514 ], [ 85.402813607664882, 27.542076035809263 ], [ 85.402233900158905, 27.54206937219071 ], [ 85.402237638665497, 27.541811005410342 ], [ 85.401947785664746, 27.541807672731533 ], [ 85.401951524799046, 27.541549305977579 ], [ 85.401661672525606, 27.54154597273126 ], [ 85.40166915199967, 27.541029239266116 ], [ 85.399930047535619, 27.541009227542439 ], [ 85.399933791262711, 27.540750861013869 ], [ 85.3976149935244, 27.54072414518501 ], [ 85.3976112443776, 27.540982511421056 ], [ 85.39732139420758, 27.540979169187956 ], [ 85.397313894409137, 27.541495901556647 ], [ 85.396154488809017, 27.541482526291563 ], [ 85.396150736124895, 27.541740892314344 ], [ 85.395571032269856, 27.541734200984582 ], [ 85.395567278180735, 27.541992566924012 ], [ 85.394407868361043, 27.541979176869898 ], [ 85.394404111511889, 27.542237542652646 ], [ 85.393824405547377, 27.54223084392822 ], [ 85.393828163751536, 27.541972478218813 ], [ 85.391799199196186, 27.541949013913943 ], [ 85.391802962092683, 27.541690648451365 ], [ 85.390353706587533, 27.541673870297288 ], [ 85.390349940303594, 27.541932235576162 ], [ 85.389770237097792, 27.541925520013056 ], [ 85.389766469408684, 27.542183885208321 ], [ 85.389186765048734, 27.542177167155668 ], [ 85.389190534092819, 27.541918802033958 ], [ 85.388320979962074, 27.541908720535339 ], [ 85.388324750988389, 27.541650355513926 ], [ 85.388034900389442, 27.541646993843202 ], [ 85.388038672042981, 27.541388628848519 ], [ 85.387748822171758, 27.541385266610614 ], [ 85.387752594452508, 27.541126901642663 ], [ 85.387462745309037, 27.541123538837599 ], [ 85.387466518216968, 27.540865173896371 ], [ 85.387176669801221, 27.540861810524166 ], [ 85.387180443336305, 27.540603445609687 ], [ 85.383412427317339, 27.540559667289379 ], [ 85.383416209608768, 27.540301302844153 ], [ 85.382256824486902, 27.540287812204916 ], [ 85.382260609437608, 27.540029447897329 ], [ 85.381970763960624, 27.54002607376459 ], [ 85.381974549538299, 27.539767709483851 ], [ 85.38168470478918, 27.539764334784131 ], [ 85.381692277147977, 27.539247606266301 ], [ 85.381112590510668, 27.539240855202898 ], [ 85.381108803001709, 27.539499219392933 ], [ 85.380818959081367, 27.539495842918377 ], [ 85.380815170844542, 27.539754207061364 ], [ 85.380525326297288, 27.539750829945906 ], [ 85.380529115211516, 27.539492465839899 ], [ 85.379949427623259, 27.539485709871165 ], [ 85.379953217841759, 27.539227345829055 ], [ 85.379663374800771, 27.539223966975797 ], [ 85.379667165646154, 27.538965602960591 ], [ 85.37937732333306, 27.538962223540416 ], [ 85.379381114805298, 27.538703859552129 ], [ 85.378801431685432, 27.53869709897408 ], [ 85.378805224461843, 27.538438735049724 ], [ 85.378515383655071, 27.538435353891874 ], [ 85.37852297041097, 27.537918626086949 ], [ 85.37736361310823, 27.537905095712876 ], [ 85.377359817046212, 27.53816345947223 ], [ 85.37706997716964, 27.538160075331948 ], [ 85.377066180379686, 27.53841843904415 ], [ 85.376776339876358, 27.538415054262924 ], [ 85.376772542358452, 27.538673417927974 ], [ 85.375613178141862, 27.538659872615813 ], [ 85.37560937786391, 27.538918236122456 ], [ 85.374160170345874, 27.538901290708978 ], [ 85.374163974010628, 27.538642927387876 ], [ 85.373584292712863, 27.538636145069425 ], [ 85.373588097681633, 27.5383777818125 ], [ 85.371849059069646, 27.538357420586589 ], [ 85.371856676983057, 27.537840694488359 ], [ 85.371566838746645, 27.537837298911466 ], [ 85.371570648304541, 27.537578935884401 ], [ 85.371280810796222, 27.537575539740814 ], [ 85.371284620980646, 27.537317176740839 ], [ 85.370125274164437, 27.537303586276661 ], [ 85.37012146127077, 27.537561949127824 ], [ 85.368672275507279, 27.537544947274622 ], [ 85.368676091787449, 27.537286584609632 ], [ 85.3683862554646, 27.537283182464652 ], [ 85.368382438507098, 27.537541545092392 ], [ 85.367802764659373, 27.537534738916339 ], [ 85.367798946296404, 27.537793101459457 ], [ 85.367219271297586, 27.537786292793399 ], [ 85.367215451529106, 27.53804465525187 ], [ 85.366925613428705, 27.538041249975755 ], [ 85.366921792932004, 27.538299612386833 ], [ 85.365762438330364, 27.538285985094429 ], [ 85.365758615073389, 27.5385443473462 ], [ 85.365178936723552, 27.538537530002074 ], [ 85.365175112060939, 27.538795892169102 ], [ 85.364595432560293, 27.538789072334758 ], [ 85.364591606492013, 27.539047434417022 ], [ 85.362562725104766, 27.539023545712737 ], [ 85.362566555914469, 27.538765183892043 ], [ 85.362276716597762, 27.538761768841816 ], [ 85.362280548033766, 27.538503407048427 ], [ 85.36199070944545, 27.538499991431713 ], [ 85.361994541507727, 27.538241629665617 ], [ 85.361414865838938, 27.53823479669537 ], [ 85.361418699204791, 27.537976434994004 ], [ 85.361128862124332, 27.537973017640482 ], [ 85.3611326961164, 27.537714655966436 ], [ 85.36055302346341, 27.537707819522662 ], [ 85.360556858758983, 27.537449457913379 ], [ 85.359687352194697, 27.53743919883112 ], [ 85.359683514867228, 27.53769756032807 ], [ 85.359103842725446, 27.53769071784572 ], [ 85.359100003992225, 27.53794907925765 ], [ 85.358810167320755, 27.53794565707322 ], [ 85.358806327859071, 27.538204018437568 ], [ 85.35851649056147, 27.538200595611794 ], [ 85.358512650371296, 27.538458956928569 ], [ 85.358222812447536, 27.538455533461445 ], [ 85.358218971528856, 27.53871389473063 ], [ 85.357929132978953, 27.538710470622135 ], [ 85.357925291331753, 27.538968831843739 ], [ 85.357635452155705, 27.538965407093862 ], [ 85.357631609779972, 27.539223768267856 ], [ 85.357341769977765, 27.53922034287659 ], [ 85.35733792687347, 27.539478704002978 ], [ 85.356758246067983, 27.539471851333726 ], [ 85.356754401557765, 27.53973021237498 ], [ 85.355015356306964, 27.539709639648382 ], [ 85.355011507681269, 27.539968000454277 ], [ 85.35385214249682, 27.53995427307483 ], [ 85.353855993831985, 27.539695912419241 ], [ 85.353566153341532, 27.53969247910219 ], [ 85.353570005302714, 27.539434118474091 ], [ 85.353280165540937, 27.539430684590741 ], [ 85.353276312902381, 27.539689045181248 ], [ 85.351827111476965, 27.539671866518013 ], [ 85.351830967502295, 27.539413506115604 ], [ 85.351251288646466, 27.539406630498295 ], [ 85.351247431266415, 27.539664990825422 ], [ 85.350088071462224, 27.539651232193457 ], [ 85.350091931551674, 27.539392872016972 ], [ 85.348932575279875, 27.539379103873408 ], [ 85.348936438027252, 27.539120743837575 ], [ 85.348646599765303, 27.539117300329668 ], [ 85.348650463138526, 27.538858940321433 ], [ 85.347780950693604, 27.538848606287569 ], [ 85.347777085288371, 27.539106966182647 ], [ 85.34690757127504, 27.53909662660071 ], [ 85.346903703786282, 27.539354986372476 ], [ 85.346613865207559, 27.53935153859965 ], [ 85.346609996989926, 27.539609898323555 ], [ 85.346320157785399, 27.53960644990909 ], [ 85.346316288838864, 27.539864809585126 ], [ 85.346026449008548, 27.539861360529002 ], [ 85.346022579333095, 27.540119720157179 ], [ 85.34428353737016, 27.540099012911874 ], [ 85.344287411109775, 27.539840653510428 ], [ 85.343707732223038, 27.539833746339731 ], [ 85.343703857128702, 27.540092105665551 ], [ 85.343124177093799, 27.540085196003623 ], [ 85.3431203005931, 27.540343555243666 ], [ 85.342540619410073, 27.540336643090455 ], [ 85.342536741502968, 27.540595002244718 ], [ 85.341667218083884, 27.540584629372031 ], [ 85.341663338092957, 27.540842988402606 ], [ 85.340793813107069, 27.540832609981081 ], [ 85.340797695130135, 27.54057425106414 ], [ 85.340507854248997, 27.540570790420354 ], [ 85.34051173689771, 27.540312431531191 ], [ 85.340221896745675, 27.54030897032138 ], [ 85.34022578002002, 27.540050611460007 ], [ 85.339935940597101, 27.540047149684213 ], [ 85.339932056645395, 27.540305508507686 ], [ 85.339642216596857, 27.540302046090083 ], [ 85.339638331916021, 27.540560404865541 ], [ 85.339058650619521, 27.54055347814278 ], [ 85.339054764532179, 27.540811836832283 ], [ 85.337895399851135, 27.540797975988117 ], [ 85.337899288647975, 27.540539617450378 ], [ 85.337319607973086, 27.540532683480741 ], [ 85.337323498072848, 27.540274325008799 ], [ 85.337033658490512, 27.540270857156088 ], [ 85.337029767713389, 27.540529215590055 ], [ 85.335290727244271, 27.540508395563982 ], [ 85.335294622085584, 27.540250037357971 ], [ 85.335004782866349, 27.540246565277979 ], [ 85.335008678333111, 27.539988207099878 ], [ 85.334718839843134, 27.539984734454016 ], [ 85.33472273593533, 27.539726376303815 ], [ 85.332404035304066, 27.539698573701347 ], [ 85.332407936762991, 27.539440215845456 ], [ 85.332118100095258, 27.53943673784077 ], [ 85.332122002179517, 27.539178380012839 ], [ 85.331832166241114, 27.539174901442369 ], [ 85.331836068950693, 27.538916543642411 ], [ 85.331546233741591, 27.538913064506175 ], [ 85.331550137076462, 27.538654706734196 ], [ 85.330970468168914, 27.538647746726351 ], [ 85.33096656347945, 27.538906104422122 ], [ 85.330386893425441, 27.538899141922641 ], [ 85.33038298732933, 27.539157499532056 ], [ 85.330093151703082, 27.539154017338404 ], [ 85.330089244877598, 27.539412374899573 ], [ 85.329799408626101, 27.539408892063928 ], [ 85.329795501071246, 27.539667249576844 ], [ 85.329505664194485, 27.539663766099185 ], [ 85.329501755910215, 27.539922123563855 ], [ 85.328632243560463, 27.539911669393163 ], [ 85.3286283331921, 27.540170026733239 ], [ 85.327468981412594, 27.540156079231952 ], [ 85.327472894490327, 27.539897722044589 ], [ 85.327183057353125, 27.539894233697744 ], [ 85.327190884706809, 27.53937751936904 ], [ 85.32690104897641, 27.539374030494724 ], [ 85.326904963252332, 27.539115673353386 ], [ 85.326615128251404, 27.53911218391341 ], [ 85.326619043152462, 27.538853826800171 ], [ 85.326329208880992, 27.538850336794546 ], [ 85.326333124407185, 27.538591979709402 ], [ 85.32575345737537, 27.538584997963063 ], [ 85.325757374203945, 27.538326640944231 ], [ 85.324598043475845, 27.538312670358401 ], [ 85.32460196296131, 27.538054313482434 ], [ 85.323442635777951, 27.53804033338832 ], [ 85.323446557920235, 27.537781976655307 ], [ 85.322577065113222, 27.537771485359418 ], [ 85.322580989234993, 27.537513128731156 ], [ 85.32055217925668, 27.537488628175389 ], [ 85.320548250394197, 27.537746984535371 ], [ 85.319968589516961, 27.537739978865577 ], [ 85.319964659247603, 27.537998335138738 ], [ 85.317935843086715, 27.53797379600562 ], [ 85.317931908024192, 27.538232151999953 ], [ 85.317352245381201, 27.538225135307858 ], [ 85.317348308911704, 27.538483491215249 ], [ 85.317058476991619, 27.538479981925036 ], [ 85.317054539792395, 27.538738337783869 ], [ 85.316764707247501, 27.538734827851396 ], [ 85.31676076931852, 27.538993183661674 ], [ 85.315891269966897, 27.538982650125909 ], [ 85.315887329953568, 27.539241005810727 ], [ 85.313278828639156, 27.539209372249609 ], [ 85.313282774748075, 27.538951016911149 ], [ 85.312413277287973, 27.538940461637118 ], [ 85.312417225376123, 27.53868210640411 ], [ 85.311257898874985, 27.538668024405869 ], [ 85.311261849619598, 27.538409669316927 ], [ 85.309233035010621, 27.538385002842681 ], [ 85.309229079525181, 27.538643357661538 ], [ 85.30893924840025, 27.538639831425609 ], [ 85.308935292184842, 27.538898186195738 ], [ 85.308645460435358, 27.538894659317368 ], [ 85.308641503489937, 27.539153014038742 ], [ 85.308351671115915, 27.539149486517925 ], [ 85.308347713440483, 27.539407841190545 ], [ 85.308057880441908, 27.539404313027251 ], [ 85.308061838794629, 27.539145958393263 ], [ 85.305743182123905, 27.539117711657823 ], [ 85.305747145842076, 27.53885935732297 ], [ 85.305457314673092, 27.538855823802471 ], [ 85.305461279015688, 27.538597469496182 ], [ 85.304591787857532, 27.538586865427821 ], [ 85.304587821483139, 27.538845219618 ], [ 85.304008159620736, 27.538838147142563 ], [ 85.30400419183897, 27.539096501245176 ], [ 85.303714360309797, 27.539092964062981 ], [ 85.303710391797878, 27.539351318116726 ], [ 85.303420559644323, 27.539347780291969 ], [ 85.303416590402207, 27.539606134296857 ], [ 85.30312675762427, 27.539602595829511 ], [ 85.303130727543646, 27.539344241863375 ], [ 85.302261231559086, 27.539333622954572 ], [ 85.302265203457395, 27.539075269094567 ], [ 85.300236386087178, 27.539050470777958 ], [ 85.300232409447958, 27.539308824366433 ], [ 85.299073083692889, 27.539294640460298 ], [ 85.299069104291561, 27.539552993883344 ], [ 85.297909776675795, 27.539538800160493 ], [ 85.297913758786223, 27.539280446892853 ], [ 85.296174773018251, 27.5392591384268 ], [ 85.296170786844186, 27.539517491461133 ], [ 85.294141967790907, 27.539492603837417 ], [ 85.294145958705869, 27.539234251075584 ], [ 85.293856128302465, 27.539230693324388 ], [ 85.293860119841511, 27.538972340591375 ], [ 85.293570290168546, 27.538968782275319 ], [ 85.293578274441572, 27.538452076856789 ], [ 85.293288446176291, 27.538448518014853 ], [ 85.293292438910242, 27.53819016532935 ], [ 85.292712783893748, 27.538183045912014 ], [ 85.292716777928945, 27.537924693294315 ], [ 85.292426951177745, 27.537921132718946 ], [ 85.292434940442874, 27.537404427531111 ], [ 85.291855289809021, 27.537397304724983 ], [ 85.291859285716114, 27.53713895219385 ], [ 85.289830514915749, 27.53711400362668 ], [ 85.289826514268313, 27.537372355884635 ], [ 85.28924686459348, 27.537365222210582 ], [ 85.289242862538345, 27.537623574380291 ], [ 85.288953037103724, 27.537620006598541 ], [ 85.288945031479045, 27.538136710829395 ], [ 85.28865520474335, 27.538133142365727 ], [ 85.288635186361986, 27.539424902570005 ], [ 85.288345356293433, 27.539421333307143 ], [ 85.288341351779849, 27.539679685278493 ], [ 85.288051521087382, 27.539676115372725 ], [ 85.288043510545577, 27.540192819206826 ], [ 85.288333342592594, 27.540196389190768 ], [ 85.288325333191892, 27.540713093062468 ], [ 85.288035499790283, 27.540709523000356 ], [ 85.288023483257049, 27.541484578614568 ], [ 85.287733647876834, 27.541481007831319 ], [ 85.28772563523313, 27.541997711445223 ], [ 85.287435798551613, 27.541994139979884 ], [ 85.287423777153592, 27.542769195207367 ], [ 85.287133938493383, 27.542765623020813 ], [ 85.287125922606293, 27.543282326376868 ], [ 85.286836082644697, 27.543278753508183 ], [ 85.286832073943657, 27.543537105131875 ], [ 85.286542233358091, 27.543533531620152 ], [ 85.286510156407203, 27.545600343931486 ], [ 85.286800002412292, 27.545603917756203 ], [ 85.286787974706641, 27.546378972322934 ], [ 85.287077822797627, 27.546382545661018 ], [ 85.287065796643759, 27.54715760025379 ], [ 85.286775946520237, 27.547154026798349 ], [ 85.286763917853037, 27.547929081182467 ], [ 85.28705377000918, 27.547932654755265 ], [ 85.28704575198573, 27.548449357705511 ], [ 85.287335605550439, 27.548452930752489 ], [ 85.287323580147415, 27.549227985219126 ], [ 85.287613435798292, 27.549231557779368 ], [ 85.287597403890388, 27.550264963749253 ], [ 85.287307545529018, 27.550261391032578 ], [ 85.287303536740907, 27.550519742460587 ], [ 85.28672381882312, 27.550512595136709 ], [ 85.286719808626287, 27.550770946476323 ], [ 85.286429949069884, 27.5507673718691 ], [ 85.28642593814196, 27.551025723159441 ], [ 85.286136077961331, 27.551022147908977 ], [ 85.286132066302301, 27.551280499150042 ], [ 85.285842205497445, 27.551276923256317 ], [ 85.285838193107281, 27.551535274448085 ], [ 85.283809164226909, 27.551510226002385 ], [ 85.283805147039487, 27.551768576909843 ], [ 85.282645700431516, 27.551754250064672 ], [ 85.282637660474578, 27.552270951535505 ], [ 85.282347797601062, 27.552267368235441 ], [ 85.282335735230802, 27.553042420247902 ], [ 85.282045870377715, 27.553038836226008 ], [ 85.282041848802763, 27.553297186837302 ], [ 85.282331714333594, 27.553300770898421 ], [ 85.282319651320506, 27.554075822789088 ], [ 85.282029783756428, 27.554072238610278 ], [ 85.282009674274278, 27.555363991362242 ], [ 85.282299545227289, 27.555367575737197 ], [ 85.282295523847935, 27.555625926296372 ], [ 85.282585395532351, 27.555629510106325 ], [ 85.282577353968563, 27.556146211272665 ], [ 85.282867227062198, 27.55614979455682 ], [ 85.282863206877806, 27.556408145163985 ], [ 85.283153080702846, 27.556411727883106 ], [ 85.283149061142737, 27.556670078519328 ], [ 85.283728810309157, 27.556677242223216 ], [ 85.283724792051231, 27.55693559292769 ], [ 85.28430454278751, 27.556942754292912 ], [ 85.284300525831796, 27.557201105065616 ], [ 85.28459040195807, 27.557204684881007 ], [ 85.284586385626739, 27.557463035682733 ], [ 85.284876262484417, 27.55746661493302 ], [ 85.284872246777454, 27.557724965763779 ], [ 85.285452002009066, 27.557732122529835 ], [ 85.285447987604414, 27.557990473428756 ], [ 85.285737865978348, 27.557994050944508 ], [ 85.285733852198121, 27.558252401872434 ], [ 85.28631361046223, 27.558259555169329 ], [ 85.286309597984385, 27.558517906165392 ], [ 85.286599477874532, 27.558521481946524 ], [ 85.286595466021168, 27.558779832971567 ], [ 85.287465108046064, 27.558790556806443 ], [ 85.287469117865641, 27.55853220566404 ], [ 85.288048878126801, 27.558539351787488 ], [ 85.288052886537102, 27.558281000556729 ], [ 85.290371924293609, 27.55830956056548 ], [ 85.290367921306725, 27.558567912108799 ], [ 85.290947682635164, 27.558575046145979 ], [ 85.290943680950832, 27.558833397757223 ], [ 85.291813325377092, 27.558844094397681 ], [ 85.291809325673313, 27.559102446115848 ], [ 85.292389090246488, 27.559109574265875 ], [ 85.292381093390901, 27.559626277827789 ], [ 85.292670977113332, 27.55962984107429 ], [ 85.292666979283624, 27.559888192879026 ], [ 85.292956863737274, 27.559891755560177 ], [ 85.292944871962604, 27.560666811030462 ], [ 85.293234758503502, 27.560670373224202 ], [ 85.293226765076838, 27.56118707689831 ], [ 85.293516653027012, 27.56119063856563 ], [ 85.293512656911858, 27.561448990426431 ], [ 85.294672211956993, 27.561463231207686 ], [ 85.294660231428736, 27.56223828719676 ], [ 85.294950122357207, 27.562241845997921 ], [ 85.294938143384428, 27.563016902012524 ], [ 85.295228036400331, 27.563020460326086 ], [ 85.295224043981108, 27.563278812349594 ], [ 85.295513937728302, 27.563282370097649 ], [ 85.295509945934029, 27.563540722149948 ], [ 85.295799840412499, 27.563544279332486 ], [ 85.295795849243149, 27.563802631413566 ], [ 85.296085744452924, 27.563806188030576 ], [ 85.296081753908538, 27.564064540140429 ], [ 85.29637164984959, 27.564068096191896 ], [ 85.296367659930198, 27.564326448330512 ], [ 85.296657556602526, 27.564330003816409 ], [ 85.296649577960608, 27.564846708141047 ], [ 85.296939476042397, 27.564850263100276 ], [ 85.296923520833545, 27.565883671783411 ], [ 85.297213421681192, 27.565887226293722 ], [ 85.297209433424342, 27.566145578478043 ], [ 85.297499335003323, 27.566149132422733 ], [ 85.29749534737158, 27.566407484635782 ], [ 85.29778524968188, 27.566411038014845 ], [ 85.29778126267523, 27.566669390256639 ], [ 85.298071165716863, 27.566672943070046 ], [ 85.298067179335334, 27.56693129534057 ], [ 85.298357083108314, 27.566934847588307 ], [ 85.298353097351935, 27.567193199887562 ], [ 85.298932906413626, 27.567200302647141 ], [ 85.298924937454601, 27.567717007370639 ], [ 85.299214843421581, 27.567720557921305 ], [ 85.299210859540736, 27.567978910306685 ], [ 85.299790672990426, 27.567986009672019 ], [ 85.299786690413072, 27.568244362124933 ], [ 85.300656413020292, 27.568255006755141 ], [ 85.300648451776212, 27.568771711863477 ], [ 85.300938360774595, 27.568775258942008 ], [ 85.300934380751343, 27.569033611519782 ], [ 85.301514200263767, 27.569040703940683 ], [ 85.301510221544135, 27.569299056585901 ], [ 85.301800132058176, 27.569302601928246 ], [ 85.301792175816573, 27.569819307265853 ], [ 85.302082087740274, 27.56982285208116 ], [ 85.302074132643412, 27.570339557455757 ], [ 85.302364045976802, 27.570343101744001 ], [ 85.302360069027259, 27.570601454454867 ], [ 85.302649983091982, 27.570604998177252 ], [ 85.302642030390771, 27.571121703646096 ], [ 85.302931945865225, 27.571125246841376 ], [ 85.302927970113558, 27.571383599599347 ], [ 85.30263805396072, 27.571380056365303 ], [ 85.302630100941712, 27.571896761773289 ], [ 85.302340183485015, 27.571893217857045 ], [ 85.302336206217646, 27.57215157050706 ], [ 85.30262612435277, 27.572155114462074 ], [ 85.302622147710849, 27.572413467140709 ], [ 85.302912066577349, 27.572417010529815 ], [ 85.302908090560919, 27.572675363237078 ], [ 85.303487929809705, 27.572682448278741 ], [ 85.303479980331744, 27.573199153817868 ], [ 85.303769901392471, 27.573202695509156 ], [ 85.303765927252556, 27.573461048302246 ], [ 85.304345770889725, 27.573468129948182 ], [ 85.304341798053827, 27.573726482808603 ], [ 85.305211565941846, 27.573737100858313 ], [ 85.305207595088518, 27.573995453824764 ], [ 85.305497518502136, 27.573998992003926 ], [ 85.305493548274399, 27.574257344998937 ], [ 85.305783472419407, 27.57426088261208 ], [ 85.305779502817302, 27.574519235635648 ], [ 85.3060694276937, 27.574522772682755 ], [ 85.306065458717228, 27.57478112573488 ], [ 85.306355384325002, 27.574784662215929 ], [ 85.306347447570559, 27.575301368367121 ], [ 85.306637374588249, 27.575304904320788 ], [ 85.306629438979485, 27.575821610508786 ], [ 85.306919367407133, 27.575825145935031 ], [ 85.306903498269747, 27.576858558344046 ], [ 85.306613567127798, 27.576855022763095 ], [ 85.306593726124049, 27.578146787852813 ], [ 85.306883660659111, 27.578150323627145 ], [ 85.306863821727376, 27.57944208865672 ], [ 85.30657388379899, 27.579438552689009 ], [ 85.306565946498992, 27.579955258552499 ], [ 85.306276007266092, 27.579951721902543 ], [ 85.306272037858079, 27.580210074780393 ], [ 85.306561977769704, 27.580213611469024 ], [ 85.306546102323978, 27.581247023033729 ], [ 85.306836045003394, 27.581250559272199 ], [ 85.3068281083209, 27.581767265071051 ], [ 85.307118052410672, 27.581770800781946 ], [ 85.307114084668925, 27.582029153704838 ], [ 85.307404029490314, 27.582032688849463 ], [ 85.307400062374498, 27.582291041800879 ], [ 85.307690007927519, 27.58229457637923 ], [ 85.307686041437677, 27.582552929359164 ], [ 85.30739609520586, 27.582549394742152 ], [ 85.30737625857013, 27.583841159296384 ], [ 85.307666208196039, 27.583844694106698 ], [ 85.307638439438946, 27.585653164327272 ], [ 85.307348485060928, 27.58564962924633 ], [ 85.307340549297024, 27.586166334855037 ], [ 85.307050593614022, 27.586162799091728 ], [ 85.307042656280885, 27.58667950458252 ], [ 85.306752699292858, 27.586675968136824 ], [ 85.306748729868062, 27.586934320828327 ], [ 85.306168814692739, 27.586927246044393 ], [ 85.306164843857175, 27.587185598648386 ], [ 85.305874885669866, 27.587182060310127 ], [ 85.305862970809002, 27.587957117945155 ], [ 85.305573010637673, 27.587953578885731 ], [ 85.30556109326379, 27.588728636313345 ], [ 85.305271131108384, 27.588725096532702 ], [ 85.30526318456991, 27.589241801356305 ], [ 85.305553148083362, 27.589245341214369 ], [ 85.305545202691334, 27.589762046074814 ], [ 85.305835167615754, 27.589765585405161 ], [ 85.305831195519431, 27.590023937858867 ], [ 85.306411126885095, 27.590031014781569 ], [ 85.306407156093996, 27.590289367302528 ], [ 85.306697122535198, 27.590292904894856 ], [ 85.306689182152539, 27.590809609983701 ], [ 85.306979150004764, 27.590813147048237 ], [ 85.306975180413204, 27.591071499616113 ], [ 85.307265148997402, 27.591075036114162 ], [ 85.307257211013919, 27.591591741296842 ], [ 85.307547181009156, 27.591595277267054 ], [ 85.307543212617261, 27.59185362988185 ], [ 85.307833183344471, 27.591857165285543 ], [ 85.307829215578849, 27.592115517928846 ], [ 85.308119187038017, 27.592119052766002 ], [ 85.308111252706553, 27.59263575809949 ], [ 85.30840122557683, 27.592639292408748 ], [ 85.308389325720938, 27.593414350448835 ], [ 85.308679300681533, 27.59341788426881 ], [ 85.308671368538526, 27.593934589655429 ], [ 85.308961344910315, 27.593938122947435 ], [ 85.30895341391448, 27.594454828370758 ], [ 85.309243391697478, 27.59445836113478 ], [ 85.309239426799579, 27.594716713869843 ], [ 85.309529405314606, 27.594720246067237 ], [ 85.309525441043135, 27.594978598830785 ], [ 85.309815420290164, 27.594982130461524 ], [ 85.30981145664515, 27.595240483253544 ], [ 85.310101436624194, 27.595244014317625 ], [ 85.310081621003775, 27.596535778318621 ], [ 85.310371604431921, 27.596539308970442 ], [ 85.310363679172951, 27.597056014577035 ], [ 85.310653664012477, 27.597059544700738 ], [ 85.310645739901076, 27.597576250343959 ], [ 85.310935726151982, 27.597579779939515 ], [ 85.310931764696491, 27.597838132784496 ], [ 85.311221751679483, 27.597841661813298 ], [ 85.311197985914916, 27.599391778901694 ], [ 85.311487977026843, 27.59939530755662 ], [ 85.311468174169704, 27.600687071710905 ], [ 85.3111781796607, 27.600683542863077 ], [ 85.311154410415071, 27.602233659281982 ], [ 85.310864411882022, 27.602230129597217 ], [ 85.31085252450859, 27.603005187553958 ], [ 85.310562523989802, 27.603001657147963 ], [ 85.310558560746941, 27.603260009741316 ], [ 85.310268559601397, 27.603256478691247 ], [ 85.310264595626251, 27.603514831235866 ], [ 85.309974593853951, 27.603511299541701 ], [ 85.309970629146477, 27.603769652037556 ], [ 85.309680626747436, 27.603766119699287 ], [ 85.309676661307634, 27.604024472146396 ], [ 85.309096655308835, 27.604017405576123 ], [ 85.309092688457127, 27.604275757935834 ], [ 85.308802684857383, 27.604272223703806 ], [ 85.308798717273305, 27.604530576014735 ], [ 85.30850871304682, 27.604527041138564 ], [ 85.308492839463867, 27.605560450126237 ], [ 85.30820283257188, 27.605556914489956 ], [ 85.308194894104162, 27.606073618845613 ], [ 85.307904885905785, 27.606070082526479 ], [ 85.307896945867427, 27.606586786764236 ], [ 85.30760693636266, 27.606583249762231 ], [ 85.307598994753576, 27.607099953882063 ], [ 85.307308983942363, 27.607096416197152 ], [ 85.307289125596057, 27.6083881761258 ], [ 85.307579139805668, 27.60839171400406 ], [ 85.307575168657465, 27.608650065998013 ], [ 85.307865183599631, 27.608653603309328 ], [ 85.307853271877022, 27.609428659346303 ], [ 85.308143288911225, 27.609432196167973 ], [ 85.308135348858016, 27.609948900219198 ], [ 85.307845330464318, 27.609945363320211 ], [ 85.307821504957417, 27.611495474998357 ], [ 85.308111527429816, 27.611499012129297 ], [ 85.308099616002153, 27.612274067947343 ], [ 85.307809591490269, 27.612270530700425 ], [ 85.307797677547313, 27.613045586311141 ], [ 85.307507651048738, 27.613042048342514 ], [ 85.307503678948819, 27.613300400153786 ], [ 85.307213651823261, 27.613296861540746 ], [ 85.307209678990588, 27.613555213303194 ], [ 85.306919651238033, 27.613551674045741 ], [ 85.306911704054215, 27.614068377462832 ], [ 85.306621674994773, 27.614064837522264 ], [ 85.306613726239547, 27.614581540821376 ], [ 85.306323695873203, 27.61457800019766 ], [ 85.306319720736312, 27.614836351793301 ], [ 85.306609751782574, 27.614839892455706 ], [ 85.306589878704003, 27.616131650475111 ], [ 85.306299844257993, 27.616128109619218 ], [ 85.306295868803574, 27.616386461153951 ], [ 85.306005833730524, 27.61638291965355 ], [ 85.306001857543194, 27.616641271139429 ], [ 85.305711821843076, 27.616637728994505 ], [ 85.305703867949632, 27.617154431858388 ], [ 85.30541383094247, 27.617150889030214 ], [ 85.305401897665163, 27.617925943133741 ], [ 85.305111858670898, 27.617922399583556 ], [ 85.305103901527858, 27.61843910219104 ], [ 85.305393941882201, 27.618442645818675 ], [ 85.305385985887426, 27.618959348463001 ], [ 85.305095944172962, 27.618955804757924 ], [ 85.305080028827604, 27.619989209769834 ], [ 85.304789984445748, 27.61998566530395 ], [ 85.304782025095051, 27.620502367671534 ], [ 85.304491979405952, 27.620498822522269 ], [ 85.304472076701387, 27.621790578069845 ], [ 85.304182027664552, 27.621787032120935 ], [ 85.304158138589329, 27.623337138210477 ], [ 85.304448191707337, 27.623340684391863 ], [ 85.304440229618734, 27.623857386417978 ], [ 85.304730284150182, 27.623860932070862 ], [ 85.30472630370663, 27.624119283107419 ], [ 85.305306414288978, 27.624126372672634 ], [ 85.305294476722025, 27.624901425953798 ], [ 85.30500441936357, 27.624897881358006 ], [ 85.304988499144912, 27.625931285435815 ], [ 85.305278559224533, 27.62593483018652 ], [ 85.305270600157982, 27.626451532241955 ], [ 85.305560661651228, 27.626455076464037 ], [ 85.305556682718816, 27.626713427515256 ], [ 85.30613680722486, 27.626720514218643 ], [ 85.306132829600188, 27.626978865337122 ], [ 85.306422892612972, 27.626982407818399 ], [ 85.306418915615723, 27.627240758965431 ], [ 85.306708979361801, 27.627244300879322 ], [ 85.306681143661564, 27.629052758895124 ], [ 85.306391075152732, 27.629049216710353 ], [ 85.306383120258289, 27.629565918831798 ], [ 85.306093050441547, 27.629562375963481 ], [ 85.30608111566147, 27.630337428953375 ], [ 85.305791043856303, 27.630333885362766 ], [ 85.305755230532085, 27.632659043435677 ], [ 85.305465152655302, 27.632655498890418 ], [ 85.305445251107471, 27.633947252826324 ], [ 85.305155169880791, 27.633943707481201 ], [ 85.305151188731713, 27.634202058199183 ], [ 85.305441270638966, 27.634205603583034 ], [ 85.305397481988962, 27.637047461236563 ], [ 85.305107392594508, 27.637043915426695 ], [ 85.305099428971602, 27.637560616608742 ], [ 85.305389519727484, 27.63756416249608 ], [ 85.305385538517257, 27.637822513110603 ], [ 85.305675630006832, 27.637826058430306 ], [ 85.305671649424369, 27.638084409073386 ], [ 85.305961741647678, 27.638087953825451 ], [ 85.305949801624678, 27.638863005809924 ], [ 85.305659707359126, 27.638859460941713 ], [ 85.305655726564751, 27.639117811544178 ], [ 85.305365631671393, 27.639114266030848 ], [ 85.305361650143269, 27.639372616584428 ], [ 85.305071554622117, 27.639369070425975 ], [ 85.305051642782601, 27.640660822847838 ], [ 85.304761543910416, 27.640657275889293 ], [ 85.304757560702683, 27.640915626304452 ], [ 85.304467461202677, 27.640912078700726 ], [ 85.304463477261095, 27.641170429066971 ], [ 85.304173377133282, 27.641166880818052 ], [ 85.304169392457823, 27.641425231135397 ], [ 85.30387929170216, 27.641421682241266 ], [ 85.303875306292824, 27.64168003250969 ], [ 85.303295103578918, 27.64167293282452 ], [ 85.303291116754806, 27.641931283005249 ], [ 85.303001014796578, 27.641927732214192 ], [ 85.302997027238533, 27.642186082345994 ], [ 85.302706924652483, 27.642182530909686 ], [ 85.302698948015419, 27.642699231065208 ], [ 85.302408844120677, 27.642695678944843 ], [ 85.30240086590949, 27.643212378982142 ], [ 85.300660235485253, 27.643191053057983 ], [ 85.300664228702843, 27.642932703277317 ], [ 85.299793916250707, 27.642922032244091 ], [ 85.299789920990406, 27.64318038190822 ], [ 85.299499816265097, 27.643176823645305 ], [ 85.299495820270707, 27.643435173260411 ], [ 85.29920571491769, 27.643431614352139 ], [ 85.299201718189209, 27.643689963918213 ], [ 85.298911612208428, 27.643686404364562 ], [ 85.298907614745815, 27.643944753881598 ], [ 85.298617508137326, 27.643941193682565 ], [ 85.29861350994058, 27.644199543150556 ], [ 85.298323402704341, 27.644195982306123 ], [ 85.298319403773448, 27.644454331725065 ], [ 85.298029295909473, 27.644450770235217 ], [ 85.29802529624439, 27.644709119605107 ], [ 85.297735187752693, 27.644705557469841 ], [ 85.297731187353435, 27.644963906790661 ], [ 85.297150969167816, 27.644956780622692 ], [ 85.297154970929, 27.644698431379698 ], [ 85.294834105765048, 27.644669902757968 ], [ 85.294830098556162, 27.644928251689418 ], [ 85.293959772956413, 27.644917543331619 ], [ 85.29397180055166, 27.644142496857611 ], [ 85.293681694167958, 27.644138926308919 ], [ 85.293685703940596, 27.643880577502923 ], [ 85.293105492695119, 27.643873434664023 ], [ 85.29310950377625, 27.643615085925852 ], [ 85.29223918935115, 27.643604367235788 ], [ 85.292243202421645, 27.643346018604515 ], [ 85.291662994433736, 27.64333886985672 ], [ 85.291667008812624, 27.643080521293353 ], [ 85.291376905579682, 27.643076946048769 ], [ 85.29138092058605, 27.642818597514268 ], [ 85.29109081808744, 27.642815021702258 ], [ 85.291094833721246, 27.642556673196655 ], [ 85.290804731956953, 27.64255309681722 ], [ 85.290800715642263, 27.642811445283769 ], [ 85.290510613250547, 27.64280786825881 ], [ 85.290502579099055, 27.643324565083276 ], [ 85.290212475399002, 27.643320987373695 ], [ 85.290216493182385, 27.64306263900562 ], [ 85.289926390216692, 27.643059060728625 ], [ 85.289930408627484, 27.642800712389452 ], [ 85.289350204218337, 27.642793554094212 ], [ 85.289346184445776, 27.6430519023552 ], [ 85.287315465933034, 27.643026828944162 ], [ 85.287319490471802, 27.642768480956992 ], [ 85.28673928702608, 27.642761311745268 ], [ 85.286735261125557, 27.643019659654144 ], [ 85.285864954316182, 27.643008901170546 ], [ 85.285860926319401, 27.643267248951741 ], [ 85.285280720686032, 27.643260073518608 ], [ 85.285284750044582, 27.643001725815779 ], [ 85.284994647989222, 27.64299813722868 ], [ 85.285002707907196, 27.642481441870874 ], [ 85.284422506680855, 27.642474263034075 ], [ 85.284418475386943, 27.642732610639655 ], [ 85.284128374173349, 27.642729020272352 ], [ 85.284132406148132, 27.642470672705986 ], [ 85.283842305669097, 27.642467081771436 ], [ 85.283846338271076, 27.642208734234103 ], [ 85.28181564118681, 27.64218358098616 ], [ 85.281819678501051, 27.641925233713373 ], [ 85.278918694042417, 27.641889249346946 ], [ 85.278922738111277, 27.641630902456971 ], [ 85.278632640642087, 27.641627300724252 ], [ 85.278636685337958, 27.641368953863449 ], [ 85.278346588603412, 27.641365351563639 ], [ 85.278350633926266, 27.641107004731996 ], [ 85.278060537926379, 27.641103401865113 ], [ 85.278064583876201, 27.640845055062638 ], [ 85.277774488610945, 27.640841451628699 ], [ 85.277778535187721, 27.640583104855413 ], [ 85.277488440657109, 27.640579500854425 ], [ 85.277492487860812, 27.640321154110318 ], [ 85.277202394064844, 27.640317549542299 ], [ 85.277206441895459, 27.640059202827395 ], [ 85.276916348834135, 27.640055597692342 ], [ 85.276924445695286, 27.639538904310754 ], [ 85.276634354049364, 27.639535298648077 ], [ 85.276646500979226, 27.638760258617523 ], [ 85.276356411429404, 27.638756652466633 ], [ 85.276360460978964, 27.638498305808824 ], [ 85.27607037216373, 27.638494699090973 ], [ 85.27607442234013, 27.638236352462378 ], [ 85.275784334259512, 27.638232745177582 ], [ 85.275788385062697, 27.637974398578208 ], [ 85.27549829771668, 27.637970790726481 ], [ 85.275502349146649, 27.637712444156335 ], [ 85.275212262535248, 27.637708835737687 ], [ 85.275216314591972, 27.637450489196791 ], [ 85.274926228715174, 27.637446880211236 ], [ 85.274930281398653, 27.637188533699572 ], [ 85.274640196256456, 27.637184924147121 ], [ 85.274644249566663, 27.63692657766471 ], [ 85.274354165159053, 27.636922967545381 ], [ 85.274358219095959, 27.636664621092223 ], [ 85.274068135422979, 27.636661010406026 ], [ 85.274072189986569, 27.636402663982143 ], [ 85.273492024163758, 27.636395440869745 ], [ 85.273496080034661, 27.636137094514581 ], [ 85.273205997884844, 27.636133482088411 ], [ 85.273210054382375, 27.635875135762515 ], [ 85.272919972967173, 27.635871522769524 ], [ 85.272924030091346, 27.635613176472926 ], [ 85.272633949410746, 27.635609562913125 ], [ 85.272638007161518, 27.635351216645812 ], [ 85.27234792721552, 27.635347602519222 ], [ 85.272351985592891, 27.635089256281223 ], [ 85.272061906381495, 27.635085641587857 ], [ 85.272065965385423, 27.63482729537915 ], [ 85.271775886908642, 27.634823680119013 ], [ 85.271779946539127, 27.63456533393963 ], [ 85.271489868796948, 27.634561718112742 ], [ 85.27149392905396, 27.63430337196268 ], [ 85.271203852046369, 27.634299755569053 ], [ 85.271207912929924, 27.634041409448312 ], [ 85.270917836656935, 27.63403779248797 ], [ 85.270921898166961, 27.633779446396556 ], [ 85.270631822628587, 27.633775828869496 ], [ 85.270635884765099, 27.63351748280742 ], [ 85.270055735211585, 27.633510246013699 ], [ 85.270059798655097, 27.6332519000205 ], [ 85.269769724639985, 27.633248280753854 ], [ 85.269773788709927, 27.632989934790011 ], [ 85.269483715429416, 27.632986314956703 ], [ 85.269487780125772, 27.63272796902222 ], [ 85.268907635088055, 27.632720727616107 ], [ 85.268903569030698, 27.632979073471493 ], [ 85.268613495912504, 27.632975451819583 ], [ 85.268609429120517, 27.633233797625216 ], [ 85.268319355375937, 27.633230175327551 ], [ 85.268315287849305, 27.633488521083436 ], [ 85.267735139161502, 27.633481274590331 ], [ 85.267731070219668, 27.633739620256879 ], [ 85.267440995276473, 27.633735996061422 ], [ 85.267436925599952, 27.6339943416782 ], [ 85.267146850030386, 27.633990716836934 ], [ 85.267134638634147, 27.634765753507413 ], [ 85.266844561077093, 27.634762127941116 ], [ 85.266836418514245, 27.635278818924657 ], [ 85.266546339650205, 27.635275192672903 ], [ 85.266542267606923, 27.635533538109801 ], [ 85.266252188116496, 27.635529911212171 ], [ 85.266248115338414, 27.635788256599266 ], [ 85.265958035221587, 27.635784629055756 ], [ 85.265953961708703, 27.63604297439305 ], [ 85.265663880965477, 27.636039346203642 ], [ 85.265655732415809, 27.636556036768425 ], [ 85.265365650365567, 27.636552407893465 ], [ 85.265349349892986, 27.637585788742296 ], [ 85.265059265174386, 27.637582159102475 ], [ 85.265047037208447, 27.638357194513262 ], [ 85.264466863849918, 27.638349933176773 ], [ 85.264462786391405, 27.638608278214026 ], [ 85.262722263534314, 27.638586479414538 ], [ 85.262718181937302, 27.638844824203517 ], [ 85.261847919199823, 27.63883391649912 ], [ 85.261843835506369, 27.63909226115878 ], [ 85.261263659258347, 27.639084986244697 ], [ 85.261259574149122, 27.639343330814718 ], [ 85.260969485425932, 27.639339692408413 ], [ 85.260965399581607, 27.639598036928511 ], [ 85.260385220936925, 27.639590758217352 ], [ 85.260381133676759, 27.639849102647769 ], [ 85.260091043755281, 27.639845462342898 ], [ 85.260086955759974, 27.640103806723364 ], [ 85.25950677471873, 27.640096524214989 ], [ 85.259502685307538, 27.640354868505742 ], [ 85.259212594187787, 27.640351226302226 ], [ 85.25920850404141, 27.640609570542995 ], [ 85.25891841229533, 27.640605927693315 ], [ 85.258914321413755, 27.64086427188413 ], [ 85.258624229041359, 27.640860628388275 ], [ 85.258620137424572, 27.6411189725291 ], [ 85.258039951481578, 27.641111683638623 ], [ 85.258035858448778, 27.641370027689661 ], [ 85.257745764878194, 27.641366382295011 ], [ 85.257741671110111, 27.641624726296055 ], [ 85.257451576913226, 27.641621080255188 ], [ 85.257439293239727, 27.642396112077712 ], [ 85.2571491970549, 27.642392465310966 ], [ 85.257136910848502, 27.64316749692232 ], [ 85.256846812675647, 27.643163849429644 ], [ 85.256842716483661, 27.643422193239878 ], [ 85.256552617684491, 27.643418545100921 ], [ 85.256544423775253, 27.643935232611149 ], [ 85.256254323668855, 27.643931583786042 ], [ 85.25625022595159, 27.644189927486028 ], [ 85.255960125218834, 27.644186278014608 ], [ 85.255956026766142, 27.644444621664544 ], [ 85.255665925407044, 27.644440971546789 ], [ 85.255661826218912, 27.644699315146681 ], [ 85.25537172423347, 27.644695664382578 ], [ 85.255367624309898, 27.644954007932405 ], [ 85.255077521698112, 27.644950356521949 ], [ 85.255073421039057, 27.645208700021719 ], [ 85.254783317800928, 27.64520504796489 ], [ 85.254779216406391, 27.645463391414584 ], [ 85.254489112541904, 27.645459738711367 ], [ 85.254480908227222, 27.645976425500411 ], [ 85.254190803055451, 27.645972772110909 ], [ 85.254186700135293, 27.646231115450249 ], [ 85.253316382904771, 27.646220151522925 ], [ 85.253320487867796, 27.645961808303316 ], [ 85.253030382914474, 27.645958152487754 ], [ 85.253034488503786, 27.645699809297874 ], [ 85.250133448786201, 27.645663218183767 ], [ 85.250129336387531, 27.645921560974063 ], [ 85.249259023496137, 27.64591057169303 ], [ 85.249263137937589, 27.64565222902273 ], [ 85.248392827581739, 27.645641234403197 ], [ 85.248396944011176, 27.645382891842768 ], [ 85.247236533693979, 27.645368224019251 ], [ 85.247232414540832, 27.645626566419502 ], [ 85.245201693829941, 27.645600874097905 ], [ 85.245197569855534, 27.645859216207402 ], [ 85.244617363070049, 27.645851870005412 ], [ 85.244613237678905, 27.646110212024482 ], [ 85.244033029751151, 27.646102863316248 ], [ 85.244028902943228, 27.646361205244876 ], [ 85.243448693873248, 27.646353854030345 ], [ 85.243444565648531, 27.646612195868492 ], [ 85.242864355436382, 27.646604842147614 ], [ 85.242860225794828, 27.646863183895263 ], [ 85.242570120090221, 27.646859506084887 ], [ 85.242565989712745, 27.647117847782184 ], [ 85.241695670885861, 27.647106810591385 ], [ 85.241691538410521, 27.647365152157967 ], [ 85.24082121803562, 27.647354109387827 ], [ 85.240817083462346, 27.647612450823612 ], [ 85.23994676153967, 27.647601402474031 ], [ 85.239942624868448, 27.647859743778984 ], [ 85.238492086026724, 27.647841317531011 ], [ 85.238487945895486, 27.648099658624549 ], [ 85.237907729382385, 27.64809228379902 ], [ 85.237903587834055, 27.648350624801832 ], [ 85.237613478979156, 27.648346936438973 ], [ 85.237609336694732, 27.648605277391297 ], [ 85.237319227213945, 27.648601588381606 ], [ 85.237315084193369, 27.648859929283454 ], [ 85.237024974086708, 27.648856239626905 ], [ 85.237020830329982, 27.649114580478262 ], [ 85.236730719597432, 27.649110890174846 ], [ 85.236726575104541, 27.649369230975708 ], [ 85.236146352442802, 27.649361848468548 ], [ 85.236142206532676, 27.649620189178595 ], [ 85.23585209460353, 27.649616496974826 ], [ 85.235847947957197, 27.649874837634361 ], [ 85.235267722902307, 27.649867451326422 ], [ 85.235263574838683, 27.650125791895089 ], [ 85.234973461712983, 27.650122097790895 ], [ 85.234969312913094, 27.650380438309032 ], [ 85.234098971824025, 27.650369352235813 ], [ 85.234103122667122, 27.650111011838725 ], [ 85.233813009762272, 27.650107315308144 ], [ 85.233817161231173, 27.649848974941214 ], [ 85.2329468248913, 27.649837881831012 ], [ 85.232942671379234, 27.650096222076808 ], [ 85.232072333493591, 27.650085123386123 ], [ 85.232068177883079, 27.650343463500537 ], [ 85.23177806468405, 27.650339762683384 ], [ 85.231769751934991, 27.650856442800769 ], [ 85.231479637429118, 27.650852741296177 ], [ 85.23147132309667, 27.651369421291911 ], [ 85.231181207283925, 27.651365719099857 ], [ 85.231177049353633, 27.651624059041996 ], [ 85.230886932915112, 27.651620356202891 ], [ 85.230882774248371, 27.651878696094389 ], [ 85.23059265718409, 27.651874992608221 ], [ 85.230588497780886, 27.652133332449075 ], [ 85.230298380090815, 27.652129628315826 ], [ 85.230294219951148, 27.65238796810603 ], [ 85.230004101635302, 27.652384263325683 ], [ 85.229999940759157, 27.652642603065221 ], [ 85.229709821817536, 27.652638897637775 ], [ 85.229705660204871, 27.652897237326648 ], [ 85.229995779827632, 27.65290094279456 ], [ 85.229991618840742, 27.653159282513688 ], [ 85.229701498536826, 27.653155577005322 ], [ 85.229697336813416, 27.653413916673781 ], [ 85.229407215883711, 27.653410210518288 ], [ 85.229398890908413, 27.653926889743659 ], [ 85.229108768671722, 27.653923182900542 ], [ 85.22910460541982, 27.654181522457449 ], [ 85.22881448255734, 27.654177814967163 ], [ 85.228810318568833, 27.65443615447338 ], [ 85.228520195080563, 27.654432446335914 ], [ 85.228516030355451, 27.654690785791441 ], [ 85.228225906241363, 27.654687077006784 ], [ 85.228221740779631, 27.654945416411604 ], [ 85.2270612421528, 27.654930575043881 ], [ 85.227057073910743, 27.655188914276462 ], [ 85.226186698479253, 27.655177776758595 ], [ 85.226190868764959, 27.654919437647603 ], [ 85.225320495876502, 27.654908294790932 ], [ 85.225324668150364, 27.654649955791388 ], [ 85.224744421198011, 27.65464252426786 ], [ 85.224748594778774, 27.654384185339232 ], [ 85.224458472067099, 27.654380468707988 ], [ 85.224454297805138, 27.65463880759604 ], [ 85.223874051186002, 27.654631372432295 ], [ 85.223878226810342, 27.654373033625419 ], [ 85.223297981775843, 27.654365596116072 ], [ 85.223302158707014, 27.65410725738019 ], [ 85.222141672029707, 27.654092375243657 ], [ 85.22213749237379, 27.65435071381706 ], [ 85.22184737016228, 27.654346991725571 ], [ 85.221843189769558, 27.654605330248128 ], [ 85.221553066932486, 27.654601607509314 ], [ 85.221519616338426, 27.656668314996878 ], [ 85.221229488107113, 27.656664591326159 ], [ 85.221216941172528, 27.657439606343502 ], [ 85.220056420628396, 27.657424705105097 ], [ 85.220052235480381, 27.657683043261105 ], [ 85.219181843612986, 27.657671860839155 ], [ 85.21917765636536, 27.657930198862875 ], [ 85.218887525173002, 27.65792647013464 ], [ 85.218883337188359, 27.658184808107436 ], [ 85.216272152833739, 27.658151221881639 ], [ 85.21626795866149, 27.658409559477573 ], [ 85.215977826664087, 27.658405824600017 ], [ 85.215969436789493, 27.658922499679669 ], [ 85.215679303485246, 27.658918764113771 ], [ 85.2156751077829, 27.659177101597489 ], [ 85.215384973853133, 27.659173365384 ], [ 85.2153807774136, 27.659431702816718 ], [ 85.2150906428583, 27.659427965955633 ], [ 85.215086445681578, 27.659686303337331 ], [ 85.214796310500759, 27.659682565828636 ], [ 85.214792112586807, 27.65994090315932 ], [ 85.214211841030007, 27.659933426239839 ], [ 85.214207641697456, 27.660191763478686 ], [ 85.213627369001358, 27.660184284050256 ], [ 85.213623168250166, 27.66044262119723 ], [ 85.213042894414855, 27.6604351392598 ], [ 85.213038692244993, 27.66069347631489 ], [ 85.212748554729785, 27.660689734395078 ], [ 85.21274014885951, 27.661206408392893 ], [ 85.212450010037415, 27.661202665784529 ], [ 85.212437398768344, 27.661977676582026 ], [ 85.212147257957881, 27.661973933244226 ], [ 85.212143053408226, 27.662232270115421 ], [ 85.211852911972244, 27.662228526129873 ], [ 85.211844501342199, 27.662745199759868 ], [ 85.211554358599244, 27.662741455085687 ], [ 85.211550152518839, 27.662999791844477 ], [ 85.211260009150365, 27.662996046522519 ], [ 85.211255802332516, 27.66325438323021 ], [ 85.210965658338537, 27.663250637260468 ], [ 85.210957243171933, 27.66376731056339 ], [ 85.210667097870939, 27.663763563904951 ], [ 85.210658681117408, 27.664280237085194 ], [ 85.210368534509385, 27.664276489738022 ], [ 85.210364325367109, 27.6645348262719 ], [ 85.210074178133553, 27.664531078276898 ], [ 85.210065758317938, 27.66504775123218 ], [ 85.208615016175017, 27.66502900174379 ], [ 85.208610802775453, 27.665287338001438 ], [ 85.206869909964468, 27.665264818340248 ], [ 85.206865692419512, 27.665523154341891 ], [ 85.206285393901496, 27.665515642850533 ], [ 85.206281174937303, 27.665773978759955 ], [ 85.205700875280669, 27.665766464758754 ], [ 85.20569665489721, 27.66602480057594 ], [ 85.205406504471526, 27.666021042623878 ], [ 85.205385398304074, 27.667312721351305 ], [ 85.205095244526561, 27.66730896258715 ], [ 85.205091022442986, 27.667567298260931 ], [ 85.20480086804001, 27.667563538848746 ], [ 85.204796645218636, 27.667821874471262 ], [ 85.204506490190198, 27.667818114411034 ], [ 85.204498043015619, 27.668334785543312 ], [ 85.204207886680081, 27.668331024793975 ], [ 85.204203662326861, 27.668589360303734 ], [ 85.203913505365875, 27.668585598906319 ], [ 85.203905055127493, 27.669102269813031 ], [ 85.203614896859364, 27.66909850772646 ], [ 85.203606445032761, 27.669615178510146 ], [ 85.203316285457461, 27.669611415734398 ], [ 85.203307832042597, 27.670128086395035 ], [ 85.203017671160111, 27.670124322930082 ], [ 85.203013443686629, 27.670382658203984 ], [ 85.202723282178667, 27.670378894090881 ], [ 85.202719053967215, 27.670637229313471 ], [ 85.201268243862586, 27.670618399436268 ], [ 85.201264012186215, 27.67087673444313 ], [ 85.200973849652399, 27.670872966605319 ], [ 85.200969617237973, 27.67113130156083 ], [ 85.20067945407871, 27.671127533074799 ], [ 85.200675220926243, 27.671385867978962 ], [ 85.200094893413151, 27.671378329103341 ], [ 85.200090658840864, 27.671636663914992 ], [ 85.199510330189568, 27.671629122528664 ], [ 85.199506094197403, 27.671887457247792 ], [ 85.19892576440796, 27.671879913350697 ], [ 85.198921526995903, 27.672138247977262 ], [ 85.198341196068384, 27.672130701569365 ], [ 85.198336957236378, 27.672389036103343 ], [ 85.19775662517084, 27.672381487184587 ], [ 85.197752384918886, 27.672639821625957 ], [ 85.197172051715356, 27.672632270196285 ], [ 85.197167810043382, 27.672890604545017 ], [ 85.196877642844456, 27.67288682787828 ], [ 85.196873400434271, 27.673145162175548 ], [ 85.196583232609967, 27.67314138486045 ], [ 85.19657474625663, 27.673658053341864 ], [ 85.196284577125127, 27.673654275337167 ], [ 85.19628033318196, 27.673912609521292 ], [ 85.19599016342508, 27.673908830868204 ], [ 85.195985918743617, 27.674167165000856 ], [ 85.195115407766252, 27.67415582527488 ], [ 85.195111160982776, 27.674414159273567 ], [ 85.194820990088104, 27.674410378109311 ], [ 85.194816742566289, 27.674668712056487 ], [ 85.194526571046254, 27.674664930243793 ], [ 85.194522322786071, 27.674923264139469 ], [ 85.194232150640673, 27.674919481678319 ], [ 85.194227901642122, 27.675177815522488 ], [ 85.193937728871376, 27.675174032412873 ], [ 85.193933479134401, 27.675432366205516 ], [ 85.193643305738291, 27.675428582447417 ], [ 85.193639055262906, 27.675686916188546 ], [ 85.193348881241448, 27.675683131781948 ], [ 85.19334463002761, 27.675941465471535 ], [ 85.193054455380803, 27.675937680416435 ], [ 85.193050203428527, 27.676196014054494 ], [ 85.192760028156357, 27.676192228350875 ], [ 85.192755775465599, 27.676450561937379 ], [ 85.192465599568095, 27.67644677558523 ], [ 85.192461346138842, 27.676705109120178 ], [ 85.191880993149695, 27.676697534511558 ], [ 85.191876738299996, 27.676955867953616 ], [ 85.19100620719496, 27.676944501362438 ], [ 85.191001950242836, 27.677202834670236 ], [ 85.190711772639133, 27.677199044550687 ], [ 85.190707514948429, 27.677457377806885 ], [ 85.190417336719392, 27.677453587038734 ], [ 85.190413078290121, 27.677711920243329 ], [ 85.190122899435764, 27.677708128826566 ], [ 85.190118640267869, 27.677966461979551 ], [ 85.189828460788206, 27.677962669914155 ], [ 85.189824200881688, 27.678221003015533 ], [ 85.189534020776705, 27.678217210301487 ], [ 85.18952549942972, 27.678733876390748 ], [ 85.189235318017424, 27.678730082986668 ], [ 85.189226795079747, 27.679246748952181 ], [ 85.188936612360123, 27.679242954858019 ], [ 85.18890251288569, 27.681309617979235 ], [ 85.189192701061728, 27.681313412404563 ], [ 85.189184176990366, 27.681830078165245 ], [ 85.189474366587277, 27.681833872066019 ], [ 85.189470105148672, 27.682092204972385 ], [ 85.190050485876739, 27.682099791034624 ], [ 85.190029184654932, 27.683391455826662 ], [ 85.190319378514658, 27.683395248153598 ], [ 85.190315118782465, 27.683653581122655 ], [ 85.190605313381013, 27.683657372883555 ], [ 85.190601054274353, 27.683915705883734 ], [ 85.19089124961171, 27.683919497078584 ], [ 85.190886991130597, 27.684177830109885 ], [ 85.191177187206776, 27.684181620738684 ], [ 85.191172929351211, 27.6844399538011 ], [ 85.191463126166227, 27.68444374386382 ], [ 85.191458868936238, 27.684702076957333 ], [ 85.192329461767571, 27.684713443624943 ], [ 85.192325206527613, 27.684971776832224 ], [ 85.192615404933463, 27.684975564547873 ], [ 85.192606895648211, 27.685492231014354 ], [ 85.192897095475118, 27.685496018205196 ], [ 85.192888587328028, 27.686012684713344 ], [ 85.193178788576006, 27.686016471379347 ], [ 85.193140505254036, 27.688341470530862 ], [ 85.193430712699268, 27.688345256961124 ], [ 85.193426459396306, 27.688603590190283 ], [ 85.193136251268726, 27.688599803718716 ], [ 85.193110726168769, 27.690149802630764 ], [ 85.193400938390624, 27.690153589350153 ], [ 85.193379669330241, 27.691445255035081 ], [ 85.193669885020782, 27.691449041353394 ], [ 85.193657124953091, 27.692224040765343 ], [ 85.193947342747592, 27.692227826599925 ], [ 85.193943089961053, 27.692486159758054 ], [ 85.194233308494589, 27.692489945026296 ], [ 85.194212047126044, 27.693781610869735 ], [ 85.194502269128691, 27.693785395736739 ], [ 85.194498017367863, 27.694043728915982 ], [ 85.194788240109602, 27.694047513216599 ], [ 85.194783988974777, 27.694305846426879 ], [ 85.195074212455594, 27.694309630161072 ], [ 85.1950699619468, 27.694567963402378 ], [ 85.195940634776008, 27.694579311082631 ], [ 85.195936386258396, 27.694837644437467 ], [ 85.196226611330374, 27.694841425823405 ], [ 85.196222363438835, 27.695099759209238 ], [ 85.196512589249878, 27.695103540028711 ], [ 85.19650834198444, 27.695361873445545 ], [ 85.197088795141141, 27.695369433343828 ], [ 85.197076057101569, 27.696144433780223 ], [ 85.197366285812436, 27.696148212941445 ], [ 85.197353549312581, 27.696923213409324 ], [ 85.197643780127805, 27.696926992086446 ], [ 85.19763529021094, 27.697443659096258 ], [ 85.197925522447918, 27.69744743724803 ], [ 85.197887321172047, 27.699772438656101 ], [ 85.19817755960986, 27.699776216570886 ], [ 85.198173315424185, 27.700034550050667 ], [ 85.198463554601176, 27.700038327398818 ], [ 85.19845931104183, 27.700296660909554 ], [ 85.198749550958013, 27.700300437691055 ], [ 85.198745308025025, 27.700558771232735 ], [ 85.199035548680399, 27.700562547447579 ], [ 85.199027064010707, 27.701079214582577 ], [ 85.199317306088076, 27.701082990271921 ], [ 85.199313064351415, 27.701341323865233 ], [ 85.19960330716799, 27.701345098987879 ], [ 85.199599066057729, 27.701603432612121 ], [ 85.199889309613511, 27.701607207168053 ], [ 85.199885069129678, 27.70186554082321 ], [ 85.200175313424666, 27.70186931481242 ], [ 85.200171073567276, 27.702127648498493 ], [ 85.200461318601469, 27.702131421920967 ], [ 85.200457079370551, 27.702389755637956 ], [ 85.200747325143936, 27.702393528493676 ], [ 85.200743086539504, 27.702651862241563 ], [ 85.201904072928016, 27.702666947749954 ], [ 85.201899836998663, 27.70292528165211 ], [ 85.202480331896624, 27.702932820841074 ], [ 85.202476097276673, 27.703191154815194 ], [ 85.203637090479717, 27.703206226062484 ], [ 85.203632858534988, 27.703464560190717 ], [ 85.203923107659335, 27.703468326523801 ], [ 85.20391887634122, 27.703726660682854 ], [ 85.204499376124474, 27.703734191607346 ], [ 85.204490916051085, 27.704250860058998 ], [ 85.204781167392895, 27.704254624691441 ], [ 85.204772708460368, 27.70477129318423 ], [ 85.205062961224286, 27.704775057290806 ], [ 85.205054503432692, 27.705291725824743 ], [ 85.205344757618718, 27.705295489405426 ], [ 85.205327844092665, 27.706328826514593 ], [ 85.20561810106679, 27.706332589651428 ], [ 85.20560964533243, 27.706849258226647 ], [ 85.205899903728778, 27.706853020837524 ], [ 85.205895676460273, 27.707111355150808 ], [ 85.20618593559584, 27.707115117194686 ], [ 85.206181708954162, 27.70737345153875 ], [ 85.206471968828964, 27.707377213015615 ], [ 85.206463516743085, 27.707893881755052 ], [ 85.206173255502222, 27.707890120196158 ], [ 85.206164801825466, 27.70840678881261 ], [ 85.205874539274703, 27.70840302656363 ], [ 85.205861856288834, 27.709178029288477 ], [ 85.206152120888845, 27.709181791660516 ], [ 85.206147893797549, 27.709440125922672 ], [ 85.206438159136866, 27.709443887727648 ], [ 85.206433932672496, 27.709702222020589 ], [ 85.20672419875109, 27.709705983258484 ], [ 85.206719972913646, 27.709964317582187 ], [ 85.207881040522309, 27.709979356616792 ], [ 85.207876817361168, 27.710237691094232 ], [ 85.208457352868692, 27.710245207044863 ], [ 85.208453131017677, 27.710503541594004 ], [ 85.208743399538776, 27.710507298698118 ], [ 85.208739178314786, 27.71076563327799 ], [ 85.210190525177723, 27.710784409881509 ], [ 85.210186307313379, 27.711042744655856 ], [ 85.210766847817496, 27.711050251122224 ], [ 85.210762631263407, 27.711308585968172 ], [ 85.211052902282731, 27.711312338330064 ], [ 85.211040254333668, 27.71208734292922 ], [ 85.2113305274586, 27.712091094805679 ], [ 85.211317881054697, 27.712866099435434 ], [ 85.211608156285322, 27.712869850826422 ], [ 85.211599726435622, 27.713386520610211 ], [ 85.211890003088769, 27.713390271474807 ], [ 85.211885788763112, 27.71364860639223 ], [ 85.212466343603992, 27.713656106378604 ], [ 85.212462130588833, 27.713914441367564 ], [ 85.212752408776566, 27.71391819048932 ], [ 85.212748196388674, 27.714176525508915 ], [ 85.21303847531567, 27.714180274063327 ], [ 85.213034263555059, 27.714438609113547 ], [ 85.214195382556071, 27.714453597412419 ], [ 85.214191173472614, 27.714711932615806 ], [ 85.216513419626509, 27.714741880345198 ], [ 85.216517623243604, 27.714483544815337 ], [ 85.218259306106759, 27.714505979821958 ], [ 85.218263505568217, 27.714247644037286 ], [ 85.218553785557575, 27.71425138103551 ], [ 85.218549586779432, 27.714509716860913 ], [ 85.219420429132313, 27.714520924328415 ], [ 85.219416232348252, 27.714779260265775 ], [ 85.219996795562452, 27.714786728951037 ], [ 85.219992600089199, 27.715045064959579 ], [ 85.220282882463295, 27.715048798430548 ], [ 85.220278687617594, 27.715307134469569 ], [ 85.220859253899718, 27.71531459966814 ], [ 85.220855060364912, 27.715572935778312 ], [ 85.221145344272955, 27.7155766675059 ], [ 85.221141151365742, 27.715835003646522 ], [ 85.22143143601285, 27.715838734806521 ], [ 85.22142724373326, 27.716097070977582 ], [ 85.221717529119474, 27.716100801569983 ], [ 85.221713337467477, 27.716359137771484 ], [ 85.222293909773796, 27.716366597212769 ], [ 85.222289719432837, 27.716624933485352 ], [ 85.222580006352942, 27.71662866233422 ], [ 85.222571626870675, 27.717145334930009 ], [ 85.222861915213244, 27.717149063251863 ], [ 85.222849347622315, 27.717924072190748 ], [ 85.225461963662738, 27.717957600810195 ], [ 85.225453597292145, 27.718474274115948 ], [ 85.225743889608367, 27.718477996557628 ], [ 85.225735524382216, 27.718994669903616 ], [ 85.226025818120959, 27.71899839181809 ], [ 85.226021636107959, 27.719256728516321 ], [ 85.226311930585766, 27.719260449863008 ], [ 85.226307749200643, 27.719518786591568 ], [ 85.227178635018007, 27.719529947103101 ], [ 85.227174455627775, 27.719788283943092 ], [ 85.227464751694868, 27.719792002937407 ], [ 85.227460572932557, 27.720050339807699 ], [ 85.227750869738699, 27.720054058234158 ], [ 85.227746691604352, 27.720312395134769 ], [ 85.228036989149558, 27.72031611299337 ], [ 85.228032811643175, 27.720574449924271 ], [ 85.228613408267208, 27.720581883897331 ], [ 85.228609232072358, 27.720840220899039 ], [ 85.229189830285534, 27.720847652519513 ], [ 85.229185655402247, 27.721105989591994 ], [ 85.229475955275632, 27.721109704530114 ], [ 85.229471781020393, 27.721368041632861 ], [ 85.230052382300727, 27.721375469764823 ], [ 85.230048209357122, 27.721633806938311 ], [ 85.230338510764071, 27.721637520132131 ], [ 85.230334338448543, 27.721895857335873 ], [ 85.230624640594542, 27.721899569961735 ], [ 85.230620468907148, 27.722157907195712 ], [ 85.230910771792153, 27.722161619253598 ], [ 85.230906600732894, 27.722419956517808 ], [ 85.231196904356949, 27.722423668007703 ], [ 85.231180222299812, 27.723457017124119 ], [ 85.231470528713757, 27.72346072816735 ], [ 85.231445508066699, 27.725010751777891 ], [ 85.231155197550791, 27.72500704049196 ], [ 85.231151026565229, 27.725265377684153 ], [ 85.230860715421073, 27.725261665749258 ], [ 85.230839856242966, 27.726553351354514 ], [ 85.231130170805699, 27.72655706349169 ], [ 85.231117656684603, 27.7273320748535 ], [ 85.231407973354038, 27.727335786503474 ], [ 85.231399631696945, 27.727852460774447 ], [ 85.231689949789384, 27.727856171896729 ], [ 85.231685779561445, 27.72811450905732 ], [ 85.231976098393119, 27.728118219611456 ], [ 85.23196775913857, 27.728634893982832 ], [ 85.232258079393276, 27.728638604009234 ], [ 85.232241402954372, 27.729671952791008 ], [ 85.23253172599982, 27.729675662370493 ], [ 85.232527557435404, 27.729933999580801 ], [ 85.232817881220129, 27.729937708592072 ], [ 85.232801209143844, 27.730971057492702 ], [ 85.2325108826236, 27.730967348319748 ], [ 85.232494206925182, 27.732000696895071 ], [ 85.232203877724686, 27.731996986951746 ], [ 85.232162177759633, 27.734580357269891 ], [ 85.232452513799913, 27.734584067617504 ], [ 85.232440004781623, 27.735359078634804 ], [ 85.232730342929443, 27.735362788494918 ], [ 85.232717835464555, 27.736137799541439 ], [ 85.233008175719974, 27.73614150891402 ], [ 85.232995669808616, 27.736916519989741 ], [ 85.233286012171732, 27.736920228874748 ], [ 85.233281844107921, 27.737178565919951 ], [ 85.233572187210541, 27.737182274236545 ], [ 85.233568019775447, 27.737440611311911 ], [ 85.233858363617585, 27.737444319060071 ], [ 85.233854196811222, 27.737702656165617 ], [ 85.23414454139288, 27.737706363345325 ], [ 85.234140375215276, 27.737964700481037 ], [ 85.234430720536452, 27.737968407092286 ], [ 85.234426554987621, 27.738226744258149 ], [ 85.234716901048316, 27.738230450300936 ], [ 85.234712736128287, 27.738488787496948 ], [ 85.235003082928486, 27.73849249297124 ], [ 85.234994754290696, 27.739009167413343 ], [ 85.235285102514609, 27.739012872359496 ], [ 85.235272611195384, 27.739787884067038 ], [ 85.235562961527236, 27.739791588525392 ], [ 85.235558798327688, 27.74004992578115 ], [ 85.235849149399087, 27.740053629670957 ], [ 85.23584498682844, 27.740311966956838 ], [ 85.235554635072816, 27.740308263026677 ], [ 85.235546308397076, 27.740824937487055 ], [ 85.234965602314887, 27.740817527638534 ], [ 85.234948942825241, 27.741850876113649 ], [ 85.235239298575721, 27.741854581503834 ], [ 85.23521014712783, 27.743662941224088 ], [ 85.235500507723884, 27.743666646287863 ], [ 85.23549634369428, 27.743924983390212 ], [ 85.235786705030023, 27.74392868788534 ], [ 85.235782541629447, 27.744187025017812 ], [ 85.236072903704894, 27.744190728944282 ], [ 85.236068740933348, 27.744449066106885 ], [ 85.236649466618928, 27.744456472213475 ], [ 85.236641143647418, 27.744973146669338 ], [ 85.237221872291784, 27.744980550501143 ], [ 85.237217712091876, 27.74523888779439 ], [ 85.238379172781606, 27.745253688310797 ], [ 85.238383330243906, 27.744995350856321 ], [ 85.23896405955152, 27.745002747379687 ], [ 85.238968215589779, 27.744744409834411 ], [ 85.240420036403307, 27.744762890283319 ], [ 85.240415883787023, 27.745021228029923 ], [ 85.241286978990686, 27.745032309111583 ], [ 85.241291129553744, 27.744773971244268 ], [ 85.241581494047566, 27.744777663679848 ], [ 85.241585643871076, 27.744519325762088 ], [ 85.242166371655372, 27.744526708725711 ], [ 85.24217052005497, 27.74426837071729 ], [ 85.243331973547583, 27.744283129175393 ], [ 85.243327827885523, 27.74454146734459 ], [ 85.24477964941282, 27.744559901914972 ], [ 85.244783791652935, 27.744301563544958 ], [ 85.245945247128205, 27.744316300078125 ], [ 85.245949386575745, 27.744057961537354 ], [ 85.24623974989774, 27.744061644107962 ], [ 85.246235611134594, 27.744319982688847 ], [ 85.24681633931236, 27.744327346083193 ], [ 85.24681220186298, 27.744585684734076 ], [ 85.247102566718752, 27.744589365557808 ], [ 85.247098429898784, 27.744847704238566 ], [ 85.247679161144049, 27.744855064139088 ], [ 85.247675025637918, 27.745113402889803 ], [ 85.247965392027425, 27.745117081966576 ], [ 85.247957122219148, 27.745633759517503 ], [ 85.248247490032455, 27.745637438065369 ], [ 85.248243355730338, 27.74589577686557 ], [ 85.248533724283021, 27.745899454844437 ], [ 85.248529590610403, 27.746157793674485 ], [ 85.248819959902477, 27.746161471084331 ], [ 85.248815826859385, 27.746419809944225 ], [ 85.249106196890835, 27.746423486785051 ], [ 85.249097932008809, 27.746940164554271 ], [ 85.249388303464158, 27.746943840866109 ], [ 85.249384171625238, 27.747202179775439 ], [ 85.249964916069615, 27.747209530651872 ], [ 85.249960785544786, 27.747467869631048 ], [ 85.250251158533828, 27.747471544195633 ], [ 85.250247028638611, 27.747729883204631 ], [ 85.250537402367044, 27.747733557200114 ], [ 85.250529143781009, 27.748250235267484 ], [ 85.250819518933355, 27.748253908733876 ], [ 85.250811261496906, 27.74877058684039 ], [ 85.251101638073209, 27.748774259777665 ], [ 85.251105766134316, 27.748515920689506 ], [ 85.251686518082408, 27.748523264656615 ], [ 85.251690644719602, 27.748264925478246 ], [ 85.251981020091364, 27.74826859650809 ], [ 85.251993397620296, 27.747493578791701 ], [ 85.25228377099333, 27.747497249092465 ], [ 85.252292021036126, 27.746980570483824 ], [ 85.252582393094997, 27.746984240095532 ], [ 85.25259476569461, 27.746209221986007 ], [ 85.252885135754852, 27.746212890868705 ], [ 85.252889259160639, 27.745954551438462 ], [ 85.253179628591226, 27.745958219672119 ], [ 85.253183751257765, 27.745699880191697 ], [ 85.253474120058698, 27.745703547776319 ], [ 85.253478241986002, 27.745445208245727 ], [ 85.254058978383298, 27.745452541507863 ], [ 85.254063098886974, 27.74519420188717 ], [ 85.256966777313423, 27.745230831254698 ], [ 85.256970890918041, 27.744972491224761 ], [ 85.257261258377085, 27.744976150771798 ], [ 85.25726537124261, 27.744717810691789 ], [ 85.25871720593554, 27.744736099091838 ], [ 85.25871309649213, 27.744994439371084 ], [ 85.259003464279019, 27.74499809526376 ], [ 85.258999355465434, 27.745256435572625 ], [ 85.261322305201148, 27.745285661106145 ], [ 85.261318201808535, 27.745544001723161 ], [ 85.264512270922083, 27.745584123620819 ], [ 85.264508175003982, 27.745842464664701 ], [ 85.265379287959277, 27.745853394328769 ], [ 85.265383381823995, 27.745595053165825 ], [ 85.266835234415211, 27.745613256892479 ], [ 85.266827053476078, 27.746129939604771 ], [ 85.267117425526379, 27.746133578602123 ], [ 85.267113335659772, 27.746391919982596 ], [ 85.267403708448924, 27.746395558410484 ], [ 85.267399619212441, 27.746653899820384 ], [ 85.267689992740443, 27.7466575376788 ], [ 85.267681815473438, 27.747174220547226 ], [ 85.2679721904248, 27.747177857875762 ], [ 85.26796810239432, 27.747436199334295 ], [ 85.268258478084519, 27.747439836093324 ], [ 85.268254390684248, 27.747698177581249 ], [ 85.268544767113326, 27.74770181377076 ], [ 85.268540680343264, 27.747960155288094 ], [ 85.268831057511179, 27.747963790908056 ], [ 85.268814712626096, 27.748997157033717 ], [ 85.268524332719906, 27.74899352125534 ], [ 85.26850389696861, 27.750285228484724 ], [ 85.268794280297826, 27.750288864461123 ], [ 85.268773846611836, 27.751580571633315 ], [ 85.26848345985934, 27.751576935458893 ], [ 85.268471196941931, 27.752351959520887 ], [ 85.268180808189697, 27.752348322618392 ], [ 85.268172631270403, 27.752865005196114 ], [ 85.267882241203068, 27.75286136760511 ], [ 85.267878151977186, 27.753119708839041 ], [ 85.268168542729242, 27.753123346469657 ], [ 85.268160365483936, 27.753640028986126 ], [ 85.267869973362409, 27.75363639127627 ], [ 85.267837256729493, 27.755703120616797 ], [ 85.267546859184051, 27.755699481980624 ], [ 85.26753458749549, 27.756474505195964 ], [ 85.267824987095437, 27.756478143951021 ], [ 85.26781271697223, 27.757253167193362 ], [ 85.268103118681111, 27.757256805457921 ], [ 85.268094939696979, 27.757773487647672 ], [ 85.268385342829973, 27.757777125382074 ], [ 85.268381253941286, 27.758035466501248 ], [ 85.268671657813513, 27.758039103665855 ], [ 85.26866756955539, 27.758297444814431 ], [ 85.268957974166867, 27.758301081409243 ], [ 85.26895388653935, 27.758559422587208 ], [ 85.269244291890033, 27.7585630586122 ], [ 85.269240204893123, 27.758821399819546 ], [ 85.269530610983054, 27.758825035274711 ], [ 85.269526524616765, 27.759083376511448 ], [ 85.269816931445945, 27.759087011396762 ], [ 85.269812845710305, 27.759345352662866 ], [ 85.270103253278705, 27.759348986978328 ], [ 85.270099168173729, 27.759607328273802 ], [ 85.270389576481378, 27.759610962019387 ], [ 85.270381407478524, 27.760127644658855 ], [ 85.270671817210385, 27.760131277874116 ], [ 85.270659565354009, 27.760906301875437 ], [ 85.270949977195116, 27.760909934599916 ], [ 85.270933643366973, 27.76194329995031 ], [ 85.272676131993393, 27.761965084446842 ], [ 85.272672052511012, 27.762223425996137 ], [ 85.272962468156905, 27.762227054651778 ], [ 85.272958389305387, 27.762485396230375 ], [ 85.273248805690542, 27.762489024316 ], [ 85.273244727469887, 27.7627473659239 ], [ 85.273535144594291, 27.7627509934395 ], [ 85.273522911662454, 27.763526018320437 ], [ 85.273813330896317, 27.763529645344981 ], [ 85.273809253829114, 27.763787986991041 ], [ 85.274680513911051, 27.763798864525803 ], [ 85.27467643884502, 27.7640572062801 ], [ 85.274966859665767, 27.764060830945361 ], [ 85.274962785230727, 27.764319172728914 ], [ 85.275253206790737, 27.764322796824061 ], [ 85.275249132986687, 27.764581138636871 ], [ 85.27553955528596, 27.764584762161913 ], [ 85.275527335604536, 27.765359787657435 ], [ 85.275236911249792, 27.765356164014033 ], [ 85.275224689025691, 27.76613118929933 ], [ 85.274934262669518, 27.766127564927942 ], [ 85.274905737455342, 27.767935956626751 ], [ 85.275196168608105, 27.767939581274391 ], [ 85.275188019430146, 27.768456264603955 ], [ 85.275478452007604, 27.768459888720837 ], [ 85.275474378022693, 27.768718230409771 ], [ 85.275764811339556, 27.768721853956421 ], [ 85.27576073798582, 27.768980195674594 ], [ 85.276051172042102, 27.768983818650998 ], [ 85.276030807888191, 27.770275527285946 ], [ 85.275740370405302, 27.770271904112317 ], [ 85.275736296726819, 27.77053024576924 ], [ 85.275445858612699, 27.77052662194642 ], [ 85.275425485981572, 27.77181832988061 ], [ 85.275135044494718, 27.771814705250755 ], [ 85.275126893692487, 27.772331388274047 ], [ 85.274836450888955, 27.772327762955488 ], [ 85.274820145893031, 27.773361128721678 ], [ 85.275110591438292, 27.773364754198099 ], [ 85.275106515739367, 27.773623095653587 ], [ 85.275396962024246, 27.773626720559673 ], [ 85.275388811834901, 27.774143403518938 ], [ 85.275679259544859, 27.774147027894109 ], [ 85.275675185054453, 27.774405369397883 ], [ 85.275965633504029, 27.774408993202677 ], [ 85.275961559644998, 27.774667334735689 ], [ 85.276252008834177, 27.774670957970088 ], [ 85.276247935606534, 27.774929299532339 ], [ 85.276538385535346, 27.774932922196324 ], [ 85.276534312939091, 27.775191263787793 ], [ 85.276824763607522, 27.775194885881358 ], [ 85.276820691642683, 27.775453227502062 ], [ 85.277111143050746, 27.775456849025197 ], [ 85.277107071717339, 27.775715190675097 ], [ 85.277687976066773, 27.7757224319706 ], [ 85.27768390605037, 27.775980773689117 ], [ 85.277974358991742, 27.77598439346146 ], [ 85.277954011526475, 27.777276102097957 ], [ 85.278244467949776, 27.777279721457411 ], [ 85.278240398980117, 27.777538063193479 ], [ 85.278530856143092, 27.777541681982409 ], [ 85.278526787804978, 27.777800023747655 ], [ 85.2788172457076, 27.777803641966049 ], [ 85.278805042425887, 27.778578667318708 ], [ 85.279095502439432, 27.778582285045307 ], [ 85.279083300728317, 27.779357310424221 ], [ 85.279373762852856, 27.779360927658995 ], [ 85.279361562712495, 27.780135953064132 ], [ 85.279071098530906, 27.78013233571124 ], [ 85.279062963462451, 27.780649019184882 ], [ 85.278772497963473, 27.780645401143243 ], [ 85.278735881308748, 27.782970475914802 ], [ 85.278445409692026, 27.782966856908679 ], [ 85.278437270691498, 27.783483540000155 ], [ 85.278727743679838, 27.783487159085059 ], [ 85.278723674784288, 27.78374550065487 ], [ 85.279014148512502, 27.78374911916908 ], [ 85.279010080248739, 27.784007460768066 ], [ 85.279300554716812, 27.784011078711568 ], [ 85.279280216016616, 27.785302786750226 ], [ 85.279570693968012, 27.785306404280494 ], [ 85.279558492157136, 27.786081429099266 ], [ 85.280139452337352, 27.786088662565604 ], [ 85.280131320270286, 27.786605345884514 ], [ 85.280421801813262, 27.786608961781166 ], [ 85.280417736384649, 27.786867303464657 ], [ 85.280708218667556, 27.786870918790509 ], [ 85.280704153870886, 27.787129260503129 ], [ 85.281285119970548, 27.787136489403004 ], [ 85.281281056491778, 27.787394831184095 ], [ 85.281571540308548, 27.7873984447581 ], [ 85.281567477461749, 27.787656786568295 ], [ 85.281857962018449, 27.787660399571447 ], [ 85.281849837534907, 27.788177083239852 ], [ 85.282140323517496, 27.788180695711446 ], [ 85.282132200190105, 27.788697379417641 ], [ 85.282422687598654, 27.788700991357651 ], [ 85.282414565427459, 27.789217675101618 ], [ 85.282705054261982, 27.78922128651001 ], [ 85.28268475132019, 27.790512995887756 ], [ 85.282975243638873, 27.790516606882388 ], [ 85.282967123456729, 27.791033290640613 ], [ 85.2832576172015, 27.791036901103563 ], [ 85.283237319232924, 27.792328610516893 ], [ 85.283527816462168, 27.792332220565982 ], [ 85.283523757392828, 27.792590562457299 ], [ 85.283814255362117, 27.792594171935352 ], [ 85.283802079889043, 27.793369197665871 ], [ 85.284092579970718, 27.793372806651423 ], [ 85.284080406071027, 27.794147832407869 ], [ 85.284370908265146, 27.79415144090088 ], [ 85.284366850876992, 27.794409782838535 ], [ 85.284657353811212, 27.794413390760447 ], [ 85.28464518338204, 27.795188416629937 ], [ 85.284935688428817, 27.795192024059244 ], [ 85.284931632197569, 27.795450366034572 ], [ 85.285222137984462, 27.795453972892737 ], [ 85.285214026732817, 27.795970656891253 ], [ 85.285504533946096, 27.795974263217506 ], [ 85.285496423851541, 27.796490947253659 ], [ 85.28578693249122, 27.796494553047982 ], [ 85.285778823553827, 27.797011237121762 ], [ 85.286069333619935, 27.797014842384115 ], [ 85.286061225839731, 27.797531526495504 ], [ 85.286351737332325, 27.797535131225867 ], [ 85.286347684047783, 27.797793473305472 ], [ 85.286638196280535, 27.797797077464597 ], [ 85.286617932482045, 27.799088787905543 ], [ 85.286908448200393, 27.799092391650255 ], [ 85.286888186488184, 27.800384102031995 ], [ 85.287178705692355, 27.80038770536223 ], [ 85.287174653874871, 27.800646047447149 ], [ 85.287755693817488, 27.800653252354447 ], [ 85.287751643319069, 27.800911594507539 ], [ 85.288332684849735, 27.8009187970511 ], [ 85.288328635670425, 27.80117713927234 ], [ 85.290362287526492, 27.801202329217038 ], [ 85.290358243098595, 27.801460671702113 ], [ 85.291520333801273, 27.801475052680757 ], [ 85.291516292065566, 27.801733395312084 ], [ 85.291806815561927, 27.801736989069468 ], [ 85.291798733302429, 27.802253674379678 ], [ 85.292089258225431, 27.802257267604677 ], [ 85.292085217701683, 27.802515610283564 ], [ 85.292956794852131, 27.802526386412381 ], [ 85.292948717762727, 27.803043071973992 ], [ 85.293239244959864, 27.8030466628739 ], [ 85.293231169028971, 27.803563348472814 ], [ 85.293521697652807, 27.803566938840245 ], [ 85.29351766029346, 27.80382528166345 ], [ 85.293808189657469, 27.803828871459324 ], [ 85.293796079317403, 27.804603899984855 ], [ 85.294086610794722, 27.804607489287246 ], [ 85.294062392786714, 27.806157546297001 ], [ 85.293771857189739, 27.806153956760337 ], [ 85.293751670608913, 27.80744567045922 ], [ 85.293461131632256, 27.807442080116616 ], [ 85.293444978655643, 27.808475450735781 ], [ 85.29315443698583, 27.808471859626223 ], [ 85.293138280404207, 27.809505229925822 ], [ 85.293428824820964, 27.809508821191624 ], [ 85.293424786228215, 27.809767163780059 ], [ 85.294005876596145, 27.809774344557493 ], [ 85.2940018393233, 27.810032687213834 ], [ 85.294582931279237, 27.810039865626273 ], [ 85.294574859319823, 27.810556551064472 ], [ 85.294865406751754, 27.810560139432592 ], [ 85.29486137137846, 27.810818482175417 ], [ 85.295151919550776, 27.810822069971767 ], [ 85.295143850017027, 27.811338755504835 ], [ 85.295434399616539, 27.811342342768427 ], [ 85.295430365456127, 27.81160068555867 ], [ 85.296011466189526, 27.811607858331438 ], [ 85.296007433349217, 27.811866201189481 ], [ 85.29629798448309, 27.811869786698637 ], [ 85.296293952276059, 27.812128129585471 ], [ 85.297165608059473, 27.812138882564952 ], [ 85.297161577859455, 27.812397225558531 ], [ 85.29774268335639, 27.812404391235297 ], [ 85.297738654476589, 27.812662734296605 ], [ 85.298319761561274, 27.812669897607925 ], [ 85.298315734001719, 27.812928240736941 ], [ 85.300930724711094, 27.812960445751216 ], [ 85.300934746088714, 27.812702102271949 ], [ 85.301225300192229, 27.812705677513705 ], [ 85.30123334141355, 27.812188990446778 ], [ 85.30152389419672, 27.812192564999936 ], [ 85.301527914040449, 27.811934221412287 ], [ 85.301818466190127, 27.811937795315732 ], [ 85.301822485293627, 27.811679451679019 ], [ 85.302113036809843, 27.811683024932769 ], [ 85.302117055173113, 27.811424681246976 ], [ 85.303860361269713, 27.811446107709102 ], [ 85.303864375458645, 27.811187763780069 ], [ 85.304736027166214, 27.811198468648623 ], [ 85.304732015037786, 27.811456812694086 ], [ 85.305022566400382, 27.811460379800774 ], [ 85.305018554905516, 27.811718723874836 ], [ 85.305599659164201, 27.811725856333318 ], [ 85.305595648989794, 27.81198420047475 ], [ 85.307629520380218, 27.812009145109567 ], [ 85.307625514960591, 27.812267489512106 ], [ 85.307916068916072, 27.812271050626741 ], [ 85.307912064130122, 27.812529395057812 ], [ 85.309655393100769, 27.812550749150091 ], [ 85.309651392382975, 27.812809093803214 ], [ 85.309941948084301, 27.812812650719284 ], [ 85.309937948000268, 27.813070995400892 ], [ 85.310228504441625, 27.813074551744783 ], [ 85.310224504991382, 27.81333289645487 ], [ 85.31051506217274, 27.813336452226562 ], [ 85.310511063356316, 27.813594796965127 ], [ 85.310801621277704, 27.813598352164608 ], [ 85.310797623095098, 27.813856696931637 ], [ 85.311378740471, 27.813863805575263 ], [ 85.311374743609164, 27.814122150409407 ], [ 85.312536981745566, 27.814136360520493 ], [ 85.312540975859648, 27.813878015531799 ], [ 85.313122093872238, 27.813885116844713 ], [ 85.313126086559407, 27.813626771768597 ], [ 85.313707203410232, 27.813633870560732 ], [ 85.313711194670532, 27.813375525397205 ], [ 85.315163984290322, 27.813393261494095 ], [ 85.315159996464644, 27.81365160685052 ], [ 85.316612790842981, 27.813669327868055 ], [ 85.316608806399032, 27.813927673407004 ], [ 85.31835216552065, 27.813948918699662 ], [ 85.318356145842955, 27.813690572929648 ], [ 85.320390062414447, 27.813715331039131 ], [ 85.320386086900726, 27.813973677078412 ], [ 85.321257768284269, 27.813984278648608 ], [ 85.321253794778642, 27.814242624793 ], [ 85.322706601574524, 27.814260282050579 ], [ 85.322702631450966, 27.814518628376813 ], [ 85.323574318222128, 27.814529215515535 ], [ 85.323570350106763, 27.814787561946726 ], [ 85.324442039413114, 27.814798143702237 ], [ 85.324438073306027, 27.815056490238316 ], [ 85.327924843512889, 27.815098762736273 ], [ 85.327928801376061, 27.814840415740459 ], [ 85.329672185196642, 27.814861518769135 ], [ 85.329668231455457, 27.815119865994454 ], [ 85.330539926135671, 27.815130409375811 ], [ 85.330535974403006, 27.815388756705616 ], [ 85.332860501354602, 27.81541684581309 ], [ 85.332864447591163, 27.815158498177802 ], [ 85.333445578479257, 27.815165514268816 ], [ 85.333449523289417, 27.814907166547044 ], [ 85.334030653013031, 27.814914180117984 ], [ 85.334034596396819, 27.81465583230975 ], [ 85.334325160650181, 27.814659338140672 ], [ 85.334329103294607, 27.814400990284124 ], [ 85.334619666913341, 27.814404495465997 ], [ 85.334623608818433, 27.814146147561136 ], [ 85.335204734838968, 27.814153156015855 ], [ 85.335208675317773, 27.813894808024596 ], [ 85.33549923771956, 27.813898311297471 ], [ 85.33550317745906, 27.813639963257916 ], [ 85.336084301045673, 27.813646967894723 ], [ 85.336088239358958, 27.813388619768808 ], [ 85.339284415266192, 27.813427101172323 ], [ 85.339288345970715, 27.813168752617702 ], [ 85.339869468167976, 27.813175741218682 ], [ 85.339873397446425, 27.812917392577877 ], [ 85.340163957936397, 27.812920885924015 ], [ 85.340171814962886, 27.812404188535872 ], [ 85.340462374131164, 27.812407681195136 ], [ 85.340466301879232, 27.812149332447806 ], [ 85.340756860412739, 27.812152824458206 ], [ 85.340760787421758, 27.811894475662712 ], [ 85.34192301932957, 27.811908437443648 ], [ 85.341926943538823, 27.811650088486122 ], [ 85.342508058431633, 27.811657065635451 ], [ 85.342519826625406, 27.810882018474143 ], [ 85.342810382089311, 27.8108855060187 ], [ 85.342818225917625, 27.810368807784403 ], [ 85.343108780059879, 27.810372294642264 ], [ 85.343116622306184, 27.809855596291399 ], [ 85.343697727999526, 27.809862568022947 ], [ 85.343705567290229, 27.809345869479721 ], [ 85.343996118841318, 27.80934935435344 ], [ 85.34400003772177, 27.809091005028662 ], [ 85.344581139606476, 27.809097972867882 ], [ 85.344585057061266, 27.808839623457128 ], [ 85.345166157780454, 27.808846588777364 ], [ 85.345170073809626, 27.80858823928067 ], [ 85.345460623560442, 27.808591720986719 ], [ 85.345464538850806, 27.808333371441979 ], [ 85.347788933234114, 27.808361202799027 ], [ 85.347792842978208, 27.808102852941378 ], [ 85.348083391823096, 27.80810632907464 ], [ 85.34808730082851, 27.807847979169004 ], [ 85.348377849038528, 27.80785145465369 ], [ 85.348370032349365, 27.808368154530399 ], [ 85.348660581984845, 27.808371629479897 ], [ 85.348656674249199, 27.808629979440788 ], [ 85.349237775049446, 27.808636927582992 ], [ 85.349214335787636, 27.810187027588174 ], [ 85.353282104889701, 27.810235599343784 ], [ 85.35327820778059, 27.810493949837358 ], [ 85.353859319854706, 27.81050087896147 ], [ 85.353855424067589, 27.81075922952024 ], [ 85.354145980869149, 27.810762693203696 ], [ 85.354142085717186, 27.811021043789964 ], [ 85.35443264325734, 27.811024506900221 ], [ 85.354428748740546, 27.811282857513998 ], [ 85.354719307019323, 27.811286320051053 ], [ 85.354715413137725, 27.81154467069231 ], [ 85.355877649517495, 27.811558514882382 ], [ 85.355873758331853, 27.811816865664049 ], [ 85.356164318242932, 27.811820325221994 ], [ 85.356160427692544, 27.812078676031117 ], [ 85.357032109796506, 27.812089051152469 ], [ 85.357028221255263, 27.812347402064276 ], [ 85.359062152780083, 27.812371589562446 ], [ 85.359058268995838, 27.812629940727145 ], [ 85.359929956769733, 27.812640297746864 ], [ 85.359926074994803, 27.812898649014052 ], [ 85.360216638376173, 27.812902100169666 ], [ 85.360212757236667, 27.81316045146421 ], [ 85.360503321356546, 27.813163902046441 ], [ 85.360499440852479, 27.813422253368348 ], [ 85.361080570620814, 27.813429152775058 ], [ 85.361076691439195, 27.813687504161841 ], [ 85.361367257087608, 27.813690952986299 ], [ 85.361359499943845, 27.814207655804392 ], [ 85.361650067017791, 27.814211104092916 ], [ 85.36165394492842, 27.813952752651449 ], [ 85.362235077856781, 27.81395964732064 ], [ 85.362238954341905, 27.813701295794026 ], [ 85.362529520196304, 27.813704742174714 ], [ 85.362533395942961, 27.813446390600447 ], [ 85.362823961161851, 27.813449836332719 ], [ 85.362827836170041, 27.81319148471081 ], [ 85.36399009481211, 27.81320526138067 ], [ 85.363993967020932, 27.812946909598757 ], [ 85.364575095276578, 27.812953794193213 ], [ 85.364578966060037, 27.812695442326252 ], [ 85.365160093147367, 27.812702324402149 ], [ 85.365163962505505, 27.812443972450179 ], [ 85.365745088424447, 27.812450852007569 ], [ 85.365752824238768, 27.811934147923466 ], [ 85.366043385901392, 27.811937586710986 ], [ 85.36604725304457, 27.811679234616292 ], [ 85.366337814071613, 27.811682672755513 ], [ 85.366341680476509, 27.811424320613252 ], [ 85.366632240867972, 27.811427758104191 ], [ 85.366636106534585, 27.811169405914381 ], [ 85.367798345866035, 27.811183149619737 ], [ 85.367802208733679, 27.810924797270278 ], [ 85.368092768007898, 27.810928231632051 ], [ 85.368096630137345, 27.810669879235075 ], [ 85.368387188775955, 27.810673312948619 ], [ 85.368391050167205, 27.810414960504129 ], [ 85.368972166224466, 27.81042182602393 ], [ 85.368976026190666, 27.810163473494597 ], [ 85.369557141079184, 27.810170336496288 ], [ 85.36956099962039, 27.809911983882149 ], [ 85.369851556454634, 27.809915414429391 ], [ 85.3698554142577, 27.809657061767773 ], [ 85.370436526706172, 27.809663920955082 ], [ 85.370440383084286, 27.809405568208696 ], [ 85.370730938698472, 27.809408996848784 ], [ 85.370734794338517, 27.809150644054935 ], [ 85.373640346426697, 27.809184896486858 ], [ 85.373636497655212, 27.809443249653274 ], [ 85.374217610060242, 27.809450092884031 ], [ 85.374213762611376, 27.80970844611473 ], [ 85.375085433662704, 27.809718706491118 ], [ 85.375081588223395, 27.809977059823261 ], [ 85.376243819754279, 27.809990731921864 ], [ 85.376239977011465, 27.810249085392563 ], [ 85.377402212106446, 27.810262747865966 ], [ 85.377398372060185, 27.810521101475118 ], [ 85.377979491287519, 27.810527929120859 ], [ 85.377975652564089, 27.810786282794115 ], [ 85.378556773369155, 27.810793108070584 ], [ 85.3785529359686, 27.811051461807924 ], [ 85.379134058351354, 27.81105828471506 ], [ 85.379130222273702, 27.811316638516455 ], [ 85.379711346234103, 27.811323459054201 ], [ 85.379707511479381, 27.811581812919627 ], [ 85.380579199862737, 27.811592039255711 ], [ 85.380575367117956, 27.811850393222212 ], [ 85.381447058020285, 27.811860614171298 ], [ 85.381443227285473, 27.81211896823881 ], [ 85.383186614585227, 27.812139393864374 ], [ 85.383182787921413, 27.812397748143894 ], [ 85.384345049885653, 27.812411353157078 ], [ 85.384348873801571, 27.81215299872958 ], [ 85.385220568747073, 27.812163195963748 ], [ 85.385224390551272, 27.811904841415192 ], [ 85.385805519394793, 27.811911636442751 ], [ 85.385801698964514, 27.812169991065222 ], [ 85.386092264149354, 27.812173387699559 ], [ 85.386088444355309, 27.812431742348824 ], [ 85.386669576251123, 27.812438533858586 ], [ 85.386661939258858, 27.812955243274391 ], [ 85.386952506656826, 27.812958638186718 ], [ 85.386948688771639, 27.813216992916317 ], [ 85.387239256907307, 27.81322038725461 ], [ 85.387231622358883, 27.81373709675719 ], [ 85.387522191919302, 27.813740490558342 ], [ 85.387514558542165, 27.81425720009414 ], [ 85.387805129527365, 27.814260593358139 ], [ 85.387797497321614, 27.814777302927137 ], [ 85.388669214703597, 27.814787479274571 ], [ 85.38866540058595, 27.815045834154525 ], [ 85.38924654713469, 27.815052615404905 ], [ 85.389242734340542, 27.815310970348452 ], [ 85.389533308377963, 27.815314360093993 ], [ 85.389529496220291, 27.815572715064263 ], [ 85.389820070995427, 27.81557610423565 ], [ 85.389812447902429, 27.816092814219452 ], [ 85.390393600352979, 27.816099590876568 ], [ 85.390389790104805, 27.816357945926935 ], [ 85.390680367093125, 27.816361333375788 ], [ 85.390672747819252, 27.816878043519761 ], [ 85.390963326232423, 27.816881430431231 ], [ 85.390959517206767, 27.817139785524827 ], [ 85.39154067555917, 27.817146557588252 ], [ 85.391536867857241, 27.817404912745346 ] ] ] } }
]
}
