{
"type": "FeatureCollection",
"name": "streams",
"features": [
{ "type": "Feature", "properties": { "FID": 1, "STRM_VAL": 1.0, "stream_id": 1, "strahler": 1, "upstream_cells": 4574.0, "length_m": 1795.0508641273716 }, "geometry": { "type": "LineString", "coordinates": [ [ 360226.612130704452284, 3043271.169116135686636 ], [ 360283.871915197581984, 3043271.169116135686636 ], [ 360341.131699690711685, 3043213.909331642556936 ], [ 360455.651268676912878, 3043213.909331642556936 ], [ 360484.28116092341952, 3043242.539223888888955 ], [ 360656.060514402750414, 3043242.539223888888955 ], [ 360684.690406649315264, 3043271.169116135686636 ], [ 360713.320298895880114, 3043271.169116135686636 ], [ 360741.950191142444964, 3043299.799008382018656 ], [ 360770.580083388951607, 3043299.799008382018656 ], [ 360827.839867882081307, 3043357.058792875148356 ], [ 360856.469760128646158, 3043357.058792875148356 ], [ 361056.879005854483694, 3043557.468038600869477 ], [ 361114.138790347613394, 3043557.468038600869477 ], [ 361171.398574840684887, 3043614.727823093999177 ], [ 361457.697497306216974, 3043614.727823093999177 ], [ 361457.697497306216974, 3043643.357715340796858 ], [ 361514.957281799346674, 3043700.617499833926558 ], [ 361543.587174045911524, 3043700.617499833926558 ], [ 361572.217066292418167, 3043729.247392080258578 ], [ 361600.846958538983017, 3043729.247392080258578 ], [ 361629.476850785547867, 3043700.617499833926558 ], [ 361658.106743032112718, 3043700.617499833926558 ], [ 361686.736635278677568, 3043729.247392080258578 ], [ 361686.736635278677568, 3043786.507176573388278 ] ] } },
{ "type": "Feature", "properties": { "FID": 2, "STRM_VAL": 1.0, "stream_id": 2, "strahler": 1, "upstream_cells": 8283.0, "length_m": 7025.1951056207799 }, "geometry": { "type": "LineString", "coordinates": [ [ 356418.83646191295702, 3043414.318577368278056 ], [ 356447.46635415952187, 3043385.688685121946037 ], [ 356476.096246406086721, 3043385.688685121946037 ], [ 356504.726138652651571, 3043414.318577368278056 ], [ 356590.615815392287914, 3043414.318577368278056 ], [ 356619.245707638852764, 3043442.948469615075737 ], [ 356676.505492131982464, 3043442.948469615075737 ], [ 356705.135384378489107, 3043414.318577368278056 ], [ 356819.654953364748508, 3043414.318577368278056 ], [ 356848.28484561125515, 3043385.688685121946037 ], [ 356876.91473785782, 3043385.688685121946037 ], [ 356905.544630104384851, 3043414.318577368278056 ], [ 356962.804414597456343, 3043414.318577368278056 ], [ 357077.323983583715744, 3043528.838146354537457 ], [ 357077.323983583715744, 3043557.468038600869477 ], [ 357105.953875830280595, 3043586.097930847667158 ], [ 357105.953875830280595, 3043614.727823093999177 ], [ 357220.473444816481788, 3043614.727823093999177 ], [ 357277.73322930955328, 3043557.468038600869477 ], [ 357306.363121556118131, 3043586.097930847667158 ], [ 357392.252798295754474, 3043586.097930847667158 ], [ 357420.882690542319324, 3043614.727823093999177 ], [ 357535.402259528520517, 3043614.727823093999177 ], [ 357535.402259528520517, 3043757.877284327056259 ], [ 357678.55172076128656, 3043901.026745559647679 ], [ 357707.181613007851411, 3043901.026745559647679 ], [ 357735.811505254416261, 3043929.65663780644536 ], [ 358165.259888952714391, 3043929.65663780644536 ], [ 358193.889781199221034, 3043958.28653005277738 ], [ 358222.519673445785884, 3043958.28653005277738 ], [ 358251.149565692350734, 3043986.916422299575061 ], [ 358251.149565692350734, 3044015.54631454590708 ], [ 358279.779457938915584, 3044044.1762067922391 ], [ 358279.779457938915584, 3044072.806099039036781 ], [ 358365.669134678551927, 3044158.695775778498501 ], [ 358365.669134678551927, 3044187.325668025296181 ], [ 358422.928919171681628, 3044244.585452518425882 ], [ 358451.558811418246478, 3044244.585452518425882 ], [ 358623.338164897519164, 3044416.364805997814983 ], [ 358623.338164897519164, 3044444.994698244147003 ], [ 358651.968057144084014, 3044473.624590490944684 ], [ 358680.597949390648864, 3044473.624590490944684 ], [ 358823.747410623414908, 3044616.774051723536104 ], [ 358823.747410623414908, 3044645.403943969868124 ], [ 358852.37730286992155, 3044674.033836216665804 ], [ 358881.0071951164864, 3044674.033836216665804 ], [ 358966.896871856180951, 3044759.923512956127524 ], [ 358966.896871856180951, 3044845.813189696054906 ], [ 358995.526764102745801, 3044874.443081942386925 ], [ 358995.526764102745801, 3044960.332758682314306 ], [ 359024.156656349252444, 3044960.332758682314306 ], [ 359110.046333088946994, 3045046.222435421776026 ], [ 359110.046333088946994, 3045189.371896654367447 ], [ 359081.416440842382144, 3045218.001788901165128 ], [ 359081.416440842382144, 3045504.30071136681363 ], [ 359052.786548595817294, 3045532.930603613145649 ], [ 359052.786548595817294, 3045590.19038810627535 ], [ 359110.046333088946994, 3045647.45017259940505 ], [ 359110.046333088946994, 3045761.969741585664451 ], [ 359081.416440842382144, 3045790.599633831996471 ], [ 359110.046333088946994, 3045819.229526078794152 ], [ 359110.046333088946994, 3045847.859418325126171 ], [ 359138.676225335453637, 3045847.859418325126171 ], [ 359167.306117582018487, 3045876.489310571923852 ], [ 359224.565902075148188, 3045876.489310571923852 ], [ 359281.82568656821968, 3045819.229526078794152 ], [ 359453.605040047550574, 3045819.229526078794152 ], [ 359482.234932294115424, 3045847.859418325126171 ], [ 359568.124609033751767, 3045847.859418325126171 ], [ 359596.754501280316617, 3045876.489310571923852 ], [ 359625.384393526881468, 3045876.489310571923852 ], [ 359654.014285773446318, 3045905.119202818255872 ], [ 359682.64417801995296, 3045905.119202818255872 ], [ 359711.274070266517811, 3045933.749095065053552 ], [ 359825.793639252719004, 3045933.749095065053552 ], [ 359854.423531499283854, 3045905.119202818255872 ], [ 359883.053423745848704, 3045905.119202818255872 ], [ 359968.943100485485047, 3045819.229526078794152 ], [ 359968.943100485485047, 3045676.08006484573707 ], [ 359940.313208238920197, 3045647.45017259940505 ], [ 359940.313208238920197, 3045532.930603613145649 ], [ 359968.943100485485047, 3045504.30071136681363 ], [ 359968.943100485485047, 3045447.040926873683929 ], [ 360054.832777225179598, 3045361.151250133756548 ], [ 360083.46266947168624, 3045361.151250133756548 ], [ 360083.46266947168624, 3045389.781142380554229 ], [ 360112.09256171825109, 3045418.411034626886249 ], [ 360112.09256171825109, 3045447.040926873683929 ], [ 360140.722453964815941, 3045475.670819120015949 ], [ 360140.722453964815941, 3045532.930603613145649 ], [ 360169.352346211380791, 3045561.56049585994333 ], [ 360169.352346211380791, 3045590.19038810627535 ], [ 360197.982238457945641, 3045618.820280353073031 ], [ 360197.982238457945641, 3045647.45017259940505 ], [ 360398.391484183783177, 3045847.859418325126171 ], [ 360398.391484183783177, 3045933.749095065053552 ], [ 360427.021376430348027, 3045962.378987311385572 ], [ 360484.28116092341952, 3045962.378987311385572 ], [ 360484.28116092341952, 3045991.008879558183253 ] ] } },
{ "type": "Feature", "properties": { "FID": 3, "STRM_VAL": 1.0, "stream_id": 3, "strahler": 3, "upstream_cells": 319711.0, "length_m": 2028.1593296921985 }, "geometry": { "type": "LineString", "coordinates": [ [ 360484.28116092341952, 3045991.008879558183253 ], [ 360741.950191142444964, 3045991.008879558183253 ], [ 360799.209975635516457, 3045933.749095065053552 ], [ 360799.209975635516457, 3045790.599633831996471 ], [ 360885.099652375211008, 3045704.709957092534751 ], [ 360885.099652375211008, 3045676.08006484573707 ], [ 360970.989329114847351, 3045590.19038810627535 ], [ 360999.619221361412201, 3045590.19038810627535 ], [ 361257.288251580379438, 3045332.521357887424529 ], [ 361257.288251580379438, 3045303.891465640626848 ], [ 361285.91814382688608, 3045275.261573394294828 ], [ 361285.91814382688608, 3045246.631681147497147 ], [ 361257.288251580379438, 3045218.001788901165128 ], [ 361257.288251580379438, 3045132.112112161237746 ], [ 361285.91814382688608, 3045103.482219914905727 ], [ 361285.91814382688608, 3045074.852327668573707 ], [ 361314.54803607345093, 3045046.222435421776026 ], [ 361314.54803607345093, 3045017.592543175444007 ], [ 361457.697497306216974, 3044874.443081942386925 ], [ 361543.587174045911524, 3044874.443081942386925 ], [ 361658.106743032112718, 3044759.923512956127524 ], [ 361686.736635278677568, 3044759.923512956127524 ], [ 361715.36652752518421, 3044731.293620709795505 ] ] } },
{ "type": "Feature", "properties": { "FID": 4, "STRM_VAL": 1.0, "stream_id": 4, "strahler": 1, "upstream_cells": 4503.0, "length_m": 1563.9770623592926 }, "geometry": { "type": "LineString", "coordinates": [ [ 353183.65863805252593, 3044187.325668025296181 ], [ 353183.65863805252593, 3044215.955560271628201 ], [ 353212.28853029909078, 3044244.585452518425882 ], [ 353212.28853029909078, 3044301.845237011555582 ], [ 353183.65863805252593, 3044330.475129257887602 ], [ 353183.65863805252593, 3044387.734913751017302 ], [ 353155.028745806019288, 3044416.364805997814983 ], [ 353155.028745806019288, 3044444.994698244147003 ], [ 353126.398853559454437, 3044473.624590490944684 ], [ 353126.398853559454437, 3044588.144159476738423 ], [ 353069.139069066324737, 3044645.403943969868124 ], [ 352925.989607833558694, 3044645.403943969868124 ], [ 352925.989607833558694, 3044674.033836216665804 ], [ 352897.359715586993843, 3044702.663728462997824 ], [ 352897.359715586993843, 3044759.923512956127524 ], [ 352954.619500080123544, 3044817.183297449257225 ], [ 353097.768961312889587, 3044817.183297449257225 ], [ 353126.398853559454437, 3044845.813189696054906 ], [ 353183.65863805252593, 3044845.813189696054906 ], [ 353212.28853029909078, 3044874.443081942386925 ], [ 353212.28853029909078, 3044903.072974189184606 ], [ 353183.65863805252593, 3044931.702866435516626 ], [ 353155.028745806019288, 3044931.702866435516626 ], [ 353069.139069066324737, 3045017.592543175444007 ], [ 353069.139069066324737, 3045074.852327668573707 ], [ 353097.768961312889587, 3045103.482219914905727 ], [ 353097.768961312889587, 3045132.112112161237746 ], [ 353126.398853559454437, 3045132.112112161237746 ], [ 353126.398853559454437, 3045160.742004408035427 ] ] } },
{ "type": "Feature", "properties": { "FID": 5, "STRM_VAL": 1.0, "stream_id": 5, "strahler": 2, "upstream_cells": 39958.0, "length_m": 8690.9900619691434 }, "geometry": { "type": "LineString", "coordinates": [ [ 353126.398853559454437, 3045160.742004408035427 ], [ 353155.028745806019288, 3045160.742004408035427 ], [ 353183.65863805252593, 3045132.112112161237746 ], [ 353298.178207038785331, 3045132.112112161237746 ], [ 353298.178207038785331, 3045160.742004408035427 ], [ 353384.067883778421674, 3045246.631681147497147 ], [ 353384.067883778421674, 3045275.261573394294828 ], [ 353412.697776024986524, 3045303.891465640626848 ], [ 353469.957560518058017, 3045303.891465640626848 ], [ 353527.217345011187717, 3045246.631681147497147 ], [ 353555.847237257752568, 3045246.631681147497147 ], [ 353613.10702175082406, 3045303.891465640626848 ], [ 353613.10702175082406, 3045332.521357887424529 ], [ 353584.477129504317418, 3045361.151250133756548 ], [ 353584.477129504317418, 3045389.781142380554229 ], [ 353555.847237257752568, 3045418.411034626886249 ], [ 353555.847237257752568, 3045447.040926873683929 ], [ 353498.587452764622867, 3045504.30071136681363 ], [ 353498.587452764622867, 3045561.56049585994333 ], [ 353555.847237257752568, 3045618.820280353073031 ], [ 353584.477129504317418, 3045618.820280353073031 ], [ 353613.10702175082406, 3045647.45017259940505 ], [ 353641.736913997388911, 3045647.45017259940505 ], [ 353670.366806243953761, 3045676.08006484573707 ], [ 353985.29562095599249, 3045676.08006484573707 ], [ 354013.92551320255734, 3045704.709957092534751 ], [ 354013.92551320255734, 3045905.119202818255872 ], [ 354071.185297695687041, 3045962.378987311385572 ], [ 354099.815189942251891, 3045962.378987311385572 ], [ 354185.704866681888234, 3046048.268664051312953 ], [ 354185.704866681888234, 3046105.528448544442654 ], [ 354214.334758928453084, 3046134.158340790774673 ], [ 354242.964651175017934, 3046134.158340790774673 ], [ 354328.854327914654277, 3046048.268664051312953 ], [ 354328.854327914654277, 3045991.008879558183253 ], [ 354357.484220161219127, 3045962.378987311385572 ], [ 354357.484220161219127, 3045819.229526078794152 ], [ 354414.74400465429062, 3045761.969741585664451 ], [ 354443.37389690085547, 3045761.969741585664451 ], [ 354500.633681393985171, 3045819.229526078794152 ], [ 354500.633681393985171, 3045847.859418325126171 ], [ 354615.153250380186364, 3045962.378987311385572 ], [ 354729.672819366387557, 3045962.378987311385572 ], [ 354758.302711612952407, 3045933.749095065053552 ], [ 354786.932603859517258, 3045933.749095065053552 ], [ 354786.932603859517258, 3045962.378987311385572 ], [ 354815.5624961060239, 3045991.008879558183253 ], [ 354815.5624961060239, 3046048.268664051312953 ], [ 354958.711957338789944, 3046191.418125283904374 ], [ 354958.711957338789944, 3046220.048017530236393 ], [ 354987.341849585354794, 3046248.677909777034074 ], [ 355015.971741831919644, 3046248.677909777034074 ], [ 355044.601634078484494, 3046277.307802023366094 ], [ 355101.861418571555987, 3046277.307802023366094 ], [ 355187.751095311250538, 3046363.197478763293475 ], [ 355187.751095311250538, 3046391.827371009625494 ], [ 355216.38098755775718, 3046420.457263256423175 ], [ 355302.270664297451731, 3046420.457263256423175 ], [ 355330.900556543958373, 3046449.087155502755195 ], [ 355359.530448790523224, 3046449.087155502755195 ], [ 355445.420125530217774, 3046534.976832242682576 ], [ 355474.050017776782624, 3046534.976832242682576 ], [ 355531.309802269854117, 3046592.236616735812277 ], [ 355531.309802269854117, 3046620.866508982144296 ], [ 355559.939694516418967, 3046649.496401228941977 ], [ 355559.939694516418967, 3046678.126293475273997 ], [ 355617.19947900949046, 3046735.386077968403697 ], [ 355645.82937125605531, 3046735.386077968403697 ], [ 355703.089155749185011, 3046792.645862461533397 ], [ 355703.089155749185011, 3046878.535539200995117 ], [ 355874.868509228457697, 3047050.314892680384219 ], [ 355874.868509228457697, 3047136.2045694203116 ], [ 355903.498401475022547, 3047164.83446166664362 ], [ 355903.498401475022547, 3047307.98392289923504 ], [ 355989.388078214717098, 3047393.873599639162421 ], [ 356018.017970461281948, 3047393.873599639162421 ], [ 356046.64786270778859, 3047422.503491885494441 ], [ 356103.907647200918291, 3047422.503491885494441 ], [ 356132.537539447483141, 3047393.873599639162421 ], [ 356161.167431693989784, 3047393.873599639162421 ], [ 356304.316892926755827, 3047537.023060871753842 ], [ 356418.83646191295702, 3047537.023060871753842 ], [ 356476.096246406086721, 3047594.282845364883542 ], [ 356476.096246406086721, 3047622.912737611681223 ], [ 356533.356030899216421, 3047680.172522104810923 ], [ 356533.356030899216421, 3047794.692091091070324 ], [ 356504.726138652651571, 3047823.321983337402344 ], [ 356504.726138652651571, 3047880.581767830532044 ], [ 356476.096246406086721, 3047909.211660076864064 ], [ 356476.096246406086721, 3047995.101336816791445 ], [ 356418.83646191295702, 3048052.361121309921145 ], [ 356418.83646191295702, 3048252.770367035642266 ], [ 356476.096246406086721, 3048310.030151528771967 ], [ 356476.096246406086721, 3048739.478535227011889 ], [ 356533.356030899216421, 3048796.73831972014159 ], [ 356533.356030899216421, 3048825.36821196693927 ], [ 356590.615815392287914, 3048882.627996460068971 ], [ 356647.875599885417614, 3048882.627996460068971 ], [ 356676.505492131982464, 3048911.25788870640099 ], [ 356876.91473785782, 3048911.25788870640099 ], [ 356934.174522350949701, 3048853.99810421327129 ], [ 356934.174522350949701, 3048768.10842747380957 ], [ 357020.064199090586044, 3048682.218750733882189 ], [ 357220.473444816481788, 3048682.218750733882189 ], [ 357306.363121556118131, 3048596.329073994420469 ], [ 357306.363121556118131, 3048567.699181747622788 ], [ 357334.993013802682981, 3048539.069289501290768 ], [ 357334.993013802682981, 3048510.439397254493088 ], [ 357420.882690542319324, 3048510.439397254493088 ], [ 357449.512582788884174, 3048539.069289501290768 ], [ 357478.142475035449024, 3048539.069289501290768 ], [ 357478.142475035449024, 3048510.439397254493088 ], [ 357506.772367281955667, 3048481.809505008161068 ], [ 357478.142475035449024, 3048453.179612761363387 ], [ 357506.772367281955667, 3048424.549720515031368 ], [ 357506.772367281955667, 3048395.919828268233687 ], [ 357649.92182851472171, 3048252.770367035642266 ] ] } },
{ "type": "Feature", "properties": { "FID": 6, "STRM_VAL": 1.0, "stream_id": 6, "strahler": 3, "upstream_cells": 281268.0, "length_m": 1399.1444856062813 }, "geometry": { "type": "LineString", "coordinates": [ [ 357649.92182851472171, 3048252.770367035642266 ], [ 357535.402259528520517, 3048138.250798049382865 ], [ 357535.402259528520517, 3048052.361121309921145 ], [ 357506.772367281955667, 3048023.731229063123465 ], [ 357506.772367281955667, 3047995.101336816791445 ], [ 357420.882690542319324, 3047909.211660076864064 ], [ 357420.882690542319324, 3047851.951875583734363 ], [ 357478.142475035449024, 3047851.951875583734363 ], [ 357506.772367281955667, 3047823.321983337402344 ], [ 357592.662044021650217, 3047823.321983337402344 ], [ 357621.291936268215068, 3047794.692091091070324 ], [ 357649.92182851472171, 3047794.692091091070324 ], [ 357735.811505254416261, 3047708.802414351142943 ], [ 357735.811505254416261, 3047680.172522104810923 ], [ 357878.960966487182304, 3047680.172522104810923 ], [ 357907.590858733747154, 3047708.802414351142943 ], [ 357936.220750980253797, 3047708.802414351142943 ], [ 358022.110427719948348, 3047622.912737611681223 ], [ 358108.000104459584691, 3047622.912737611681223 ], [ 358165.259888952714391, 3047565.652953118551522 ] ] } },
{ "type": "Feature", "properties": { "FID": 7, "STRM_VAL": 1.0, "stream_id": 7, "strahler": 3, "upstream_cells": 294289.0, "length_m": 3029.3627729825075 }, "geometry": { "type": "LineString", "coordinates": [ [ 358165.259888952714391, 3047565.652953118551522 ], [ 358279.779457938915584, 3047451.133384132292122 ], [ 358308.409350185422227, 3047451.133384132292122 ], [ 358508.818595911317971, 3047250.724138406571001 ], [ 358508.818595911317971, 3047222.09424615977332 ], [ 358623.338164897519164, 3047107.574677173513919 ], [ 358623.338164897519164, 3046993.055108187254518 ], [ 358651.968057144084014, 3046964.425215940922499 ], [ 358651.968057144084014, 3046878.535539200995117 ], [ 358709.227841637213714, 3046821.275754707865417 ], [ 358709.227841637213714, 3046792.645862461533397 ], [ 358737.857733883720357, 3046764.015970214735717 ], [ 358823.747410623414908, 3046764.015970214735717 ], [ 358852.37730286992155, 3046792.645862461533397 ], [ 358881.0071951164864, 3046792.645862461533397 ], [ 358909.637087363051251, 3046821.275754707865417 ], [ 358938.266979609616101, 3046821.275754707865417 ], [ 358995.526764102745801, 3046878.535539200995117 ], [ 359024.156656349252444, 3046878.535539200995117 ], [ 359052.786548595817294, 3046907.165431447792798 ], [ 359110.046333088946994, 3046907.165431447792798 ], [ 359138.676225335453637, 3046935.795323694124818 ], [ 359195.936009828583337, 3046935.795323694124818 ], [ 359224.565902075148188, 3046964.425215940922499 ], [ 359253.195794321713038, 3046964.425215940922499 ], [ 359281.82568656821968, 3046993.055108187254518 ], [ 359310.455578814784531, 3046993.055108187254518 ], [ 359339.085471061349381, 3047021.685000434052199 ], [ 359367.715363307914231, 3046993.055108187254518 ], [ 359396.345255554420874, 3046993.055108187254518 ], [ 359396.345255554420874, 3046935.795323694124818 ], [ 359424.975147800985724, 3046907.165431447792798 ], [ 359424.975147800985724, 3046792.645862461533397 ], [ 359396.345255554420874, 3046764.015970214735717 ], [ 359396.345255554420874, 3046706.756185722071677 ], [ 359424.975147800985724, 3046678.126293475273997 ], [ 359424.975147800985724, 3046620.866508982144296 ], [ 359482.234932294115424, 3046563.606724489014596 ], [ 359510.864824540680274, 3046563.606724489014596 ], [ 359539.494716787245125, 3046592.236616735812277 ], [ 359568.124609033751767, 3046592.236616735812277 ], [ 359596.754501280316617, 3046620.866508982144296 ], [ 359625.384393526881468, 3046620.866508982144296 ], [ 359682.64417801995296, 3046678.126293475273997 ], [ 359682.64417801995296, 3046735.386077968403697 ], [ 359739.903962513082661, 3046792.645862461533397 ], [ 359739.903962513082661, 3046849.905646954663098 ], [ 359768.533854759647511, 3046878.535539200995117 ], [ 359825.793639252719004, 3046878.535539200995117 ], [ 359854.423531499283854, 3046849.905646954663098 ], [ 359854.423531499283854, 3046792.645862461533397 ], [ 359883.053423745848704, 3046764.015970214735717 ], [ 359883.053423745848704, 3046735.386077968403697 ] ] } },
{ "type": "Feature", "properties": { "FID": 8, "STRM_VAL": 1.0, "stream_id": 8, "strahler": 3, "upstream_cells": 303042.0, "length_m": 1077.2688941676051 }, "geometry": { "type": "LineString", "coordinates": [ [ 359883.053423745848704, 3046735.386077968403697 ], [ 359883.053423745848704, 3046706.756185722071677 ], [ 360026.202884978614748, 3046563.606724489014596 ], [ 360026.202884978614748, 3046534.976832242682576 ], [ 360112.09256171825109, 3046449.087155502755195 ], [ 360112.09256171825109, 3046305.937694270163774 ], [ 360169.352346211380791, 3046248.677909777034074 ], [ 360169.352346211380791, 3046191.418125283904374 ], [ 360226.612130704452284, 3046134.158340790774673 ], [ 360226.612130704452284, 3046105.528448544442654 ], [ 360312.501807444146834, 3046019.638771804515272 ], [ 360455.651268676912878, 3046019.638771804515272 ], [ 360484.28116092341952, 3045991.008879558183253 ] ] } },
{ "type": "Feature", "properties": { "FID": 9, "STRM_VAL": 1.0, "stream_id": 9, "strahler": 1, "upstream_cells": 12134.0, "length_m": 4643.652843107946 }, "geometry": { "type": "LineString", "coordinates": [ [ 322349.264688515453599, 3044444.994698244147003 ], [ 322377.89458076201845, 3044444.994698244147003 ], [ 322435.15436525514815, 3044502.254482737276703 ], [ 322664.193503227550536, 3044502.254482737276703 ], [ 322692.823395474115387, 3044530.884374984074384 ], [ 322721.453287720680237, 3044530.884374984074384 ], [ 322807.34296446031658, 3044616.774051723536104 ], [ 322807.34296446031658, 3044674.033836216665804 ], [ 322778.71307221375173, 3044702.663728462997824 ], [ 322778.71307221375173, 3044731.293620709795505 ], [ 322835.97285670688143, 3044788.553405202925205 ], [ 322864.60274895344628, 3044788.553405202925205 ], [ 322893.232641199952923, 3044817.183297449257225 ], [ 322950.492425693082623, 3044817.183297449257225 ], [ 323007.752210186154116, 3044874.443081942386925 ], [ 323036.382102432718966, 3044874.443081942386925 ], [ 323150.901671418920159, 3044988.962650928646326 ], [ 323236.79134815861471, 3044988.962650928646326 ], [ 323265.42124040517956, 3044960.332758682314306 ], [ 323322.681024898251053, 3044960.332758682314306 ], [ 323351.310917144815903, 3044931.702866435516626 ], [ 323437.200593884452246, 3044931.702866435516626 ], [ 323465.830486131017096, 3044903.072974189184606 ], [ 323494.460378377581947, 3044903.072974189184606 ], [ 323523.090270624146797, 3044874.443081942386925 ], [ 323608.97994736378314, 3044874.443081942386925 ], [ 323723.499516349984333, 3044759.923512956127524 ], [ 323752.129408596549183, 3044759.923512956127524 ], [ 323809.389193089678884, 3044702.663728462997824 ], [ 323838.019085336185526, 3044702.663728462997824 ], [ 323981.168546568951569, 3044559.514267230406404 ], [ 324095.688115555152763, 3044559.514267230406404 ], [ 324124.318007801717613, 3044530.884374984074384 ], [ 324238.837576787918806, 3044530.884374984074384 ], [ 324267.467469034483656, 3044502.254482737276703 ], [ 324324.727253527613357, 3044502.254482737276703 ], [ 324381.987038020684849, 3044444.994698244147003 ], [ 324410.6169302672497, 3044444.994698244147003 ], [ 324439.24682251381455, 3044416.364805997814983 ], [ 324467.8767147603794, 3044416.364805997814983 ], [ 324496.506607006886043, 3044387.734913751017302 ], [ 324525.136499253450893, 3044387.734913751017302 ], [ 324611.026175993145443, 3044301.845237011555582 ], [ 324639.656068239652086, 3044301.845237011555582 ], [ 324696.915852732781786, 3044244.585452518425882 ], [ 324725.545744979346637, 3044244.585452518425882 ], [ 324754.175637225911487, 3044215.955560271628201 ], [ 324754.175637225911487, 3044072.806099039036781 ], [ 324696.915852732781786, 3044015.54631454590708 ], [ 324696.915852732781786, 3043872.39685331331566 ], [ 324639.656068239652086, 3043815.137068820185959 ], [ 324696.915852732781786, 3043757.877284327056259 ], [ 324696.915852732781786, 3043729.247392080258578 ], [ 324725.545744979346637, 3043729.247392080258578 ], [ 324725.545744979346637, 3043700.617499833926558 ], [ 324782.805529472418129, 3043643.357715340796858 ], [ 324811.43542171898298, 3043643.357715340796858 ], [ 324840.06531396554783, 3043614.727823093999177 ], [ 325040.474559691385366, 3043614.727823093999177 ], [ 325069.104451937950216, 3043586.097930847667158 ], [ 325298.14358991041081, 3043586.097930847667158 ], [ 325326.773482156917453, 3043557.468038600869477 ], [ 325384.033266650047153, 3043557.468038600869477 ], [ 325412.663158896612003, 3043528.838146354537457 ], [ 325441.293051143118646, 3043528.838146354537457 ], [ 325469.922943389683496, 3043500.208254107739776 ], [ 325613.07240462244954, 3043500.208254107739776 ] ] } },
{ "type": "Feature", "properties": { "FID": 10, "STRM_VAL": 1.0, "stream_id": 10, "strahler": 4, "upstream_cells": 978642.0, "length_m": 524.31950096093146 }, "geometry": { "type": "LineString", "coordinates": [ [ 325613.07240462244954, 3043500.208254107739776 ], [ 325727.591973608650733, 3043385.688685121946037 ], [ 325727.591973608650733, 3043299.799008382018656 ], [ 325756.221865855215583, 3043271.169116135686636 ], [ 325756.221865855215583, 3043242.539223888888955 ], [ 325784.851758101780433, 3043213.909331642556936 ], [ 325784.851758101780433, 3043185.279439395759255 ], [ 325842.111542594910134, 3043128.019654902629554 ], [ 325842.111542594910134, 3043070.759870409499854 ] ] } },
{ "type": "Feature", "properties": { "FID": 11, "STRM_VAL": 1.0, "stream_id": 11, "strahler": null, "upstream_cells": 12.0, "length_m": 836.37086653796621 }, "geometry": { "type": "LineString", "coordinates": [ [ 331739.86934538470814, 3044502.254482737276703 ], [ 331768.49923763127299, 3044473.624590490944684 ], [ 331768.49923763127299, 3044444.994698244147003 ], [ 331825.759022124344483, 3044387.734913751017302 ], [ 331854.388914370909333, 3044387.734913751017302 ], [ 331883.018806617474183, 3044359.105021504685283 ], [ 331911.648698864039034, 3044359.105021504685283 ], [ 331968.908483357110526, 3044301.845237011555582 ], [ 331997.538375603675377, 3044301.845237011555582 ], [ 332112.05794458987657, 3044187.325668025296181 ], [ 332140.68783683644142, 3044187.325668025296181 ], [ 332226.577513576077763, 3044101.4359912853688 ], [ 332283.837298069207463, 3044101.4359912853688 ], [ 332341.097082562278956, 3044158.695775778498501 ], [ 332369.726974808843806, 3044158.695775778498501 ] ] } },
{ "type": "Feature", "properties": { "FID": 12, "STRM_VAL": 1.0, "stream_id": 12, "strahler": 2, "upstream_cells": 9680.0, "length_m": 1458.4389338958315 }, "geometry": { "type": "LineString", "coordinates": [ [ 332369.726974808843806, 3044158.695775778498501 ], [ 332398.356867055408657, 3044130.065883532166481 ], [ 332426.986759301973507, 3044130.065883532166481 ], [ 332455.616651548538357, 3044101.4359912853688 ], [ 332484.246543795045, 3044101.4359912853688 ], [ 332541.5063282881747, 3044044.1762067922391 ], [ 332541.5063282881747, 3043986.916422299575061 ], [ 332484.246543795045, 3043986.916422299575061 ], [ 332426.986759301973507, 3043929.65663780644536 ], [ 332398.356867055408657, 3043929.65663780644536 ], [ 332341.097082562278956, 3043872.39685331331566 ], [ 332341.097082562278956, 3043843.766961066517979 ], [ 332512.87643604160985, 3043671.987607587128878 ], [ 332541.5063282881747, 3043671.987607587128878 ], [ 332570.13622053473955, 3043643.357715340796858 ], [ 332570.13622053473955, 3043614.727823093999177 ], [ 332598.7661127813044, 3043586.097930847667158 ], [ 332598.7661127813044, 3043528.838146354537457 ], [ 332656.025897274375893, 3043471.578361861407757 ], [ 332656.025897274375893, 3043442.948469615075737 ], [ 332684.655789520940743, 3043414.318577368278056 ], [ 332713.285681767505594, 3043414.318577368278056 ], [ 332741.915574014070444, 3043385.688685121946037 ], [ 332741.915574014070444, 3043357.058792875148356 ], [ 332770.545466260577086, 3043328.428900628816336 ], [ 332770.545466260577086, 3043299.799008382018656 ], [ 332856.435143000271637, 3043213.909331642556936 ], [ 332885.06503524677828, 3043213.909331642556936 ] ] } },
{ "type": "Feature", "properties": { "FID": 13, "STRM_VAL": 1.0, "stream_id": 13, "strahler": 3, "upstream_cells": 57994.0, "length_m": 390.99426558990876 }, "geometry": { "type": "LineString", "coordinates": [ [ 332885.06503524677828, 3043213.909331642556936 ], [ 332885.06503524677828, 3043185.279439395759255 ], [ 332827.805250753706787, 3043128.019654902629554 ], [ 332741.915574014070444, 3043128.019654902629554 ], [ 332684.655789520940743, 3043070.759870409499854 ], [ 332656.025897274375893, 3043070.759870409499854 ], [ 332656.025897274375893, 3042984.870193670038134 ] ] } },
{ "type": "Feature", "properties": { "FID": 14, "STRM_VAL": 1.0, "stream_id": 14, "strahler": 1, "upstream_cells": 8288.0, "length_m": 2551.2869521950097 }, "geometry": { "type": "LineString", "coordinates": [ [ 344136.612688141933177, 3045132.112112161237746 ], [ 344107.982795895426534, 3045132.112112161237746 ], [ 343993.463226909167133, 3045017.592543175444007 ], [ 343964.833334662660491, 3045017.592543175444007 ], [ 343936.203442416095641, 3045046.222435421776026 ], [ 343907.57355016953079, 3045046.222435421776026 ], [ 343878.94365792296594, 3045074.852327668573707 ], [ 343850.31376567640109, 3045074.852327668573707 ], [ 343821.683873429894447, 3045103.482219914905727 ], [ 343793.053981183329597, 3045103.482219914905727 ], [ 343764.424088936764747, 3045132.112112161237746 ], [ 343564.014843210927211, 3045132.112112161237746 ], [ 343478.12516647123266, 3045046.222435421776026 ], [ 343392.235489731596317, 3045046.222435421776026 ], [ 343363.605597485031467, 3045017.592543175444007 ], [ 343277.715920745395124, 3045017.592543175444007 ], [ 343249.086028498830274, 3045046.222435421776026 ], [ 343191.826244005700573, 3045046.222435421776026 ], [ 343163.196351759135723, 3045074.852327668573707 ], [ 343048.67678277293453, 3045074.852327668573707 ], [ 343020.046890526427887, 3045103.482219914905727 ], [ 342962.787106033298187, 3045103.482219914905727 ], [ 342934.157213786733337, 3045132.112112161237746 ], [ 342791.007752553967293, 3045132.112112161237746 ], [ 342762.377860307402443, 3045160.742004408035427 ], [ 342676.4881835677661, 3045160.742004408035427 ], [ 342647.85829132120125, 3045132.112112161237746 ], [ 342561.968614581564907, 3045132.112112161237746 ], [ 342533.338722335000057, 3045103.482219914905727 ], [ 342476.078937841928564, 3045103.482219914905727 ], [ 342447.449045595363714, 3045074.852327668573707 ], [ 342418.819153348798864, 3045074.852327668573707 ], [ 342390.189261102234013, 3045046.222435421776026 ], [ 341932.110985157429241, 3045046.222435421776026 ], [ 341903.48109291086439, 3045074.852327668573707 ], [ 341846.22130841773469, 3045074.852327668573707 ] ] } },
{ "type": "Feature", "properties": { "FID": 15, "STRM_VAL": 1.0, "stream_id": 15, "strahler": 2, "upstream_cells": 19675.0, "length_m": 3139.8130143771432 }, "geometry": { "type": "LineString", "coordinates": [ [ 341846.22130841773469, 3045074.852327668573707 ], [ 341846.22130841773469, 3045046.222435421776026 ], [ 341645.812062691897154, 3045046.222435421776026 ], [ 341617.182170445332304, 3045074.852327668573707 ], [ 341559.922385952202603, 3045074.852327668573707 ], [ 341531.292493705695961, 3045103.482219914905727 ], [ 341502.66260145913111, 3045103.482219914905727 ], [ 341474.03270921256626, 3045132.112112161237746 ], [ 341416.77292471943656, 3045132.112112161237746 ], [ 341388.143032472929917, 3045160.742004408035427 ], [ 341302.253355733235367, 3045160.742004408035427 ], [ 341273.623463486670516, 3045189.371896654367447 ], [ 341216.363678993599024, 3045189.371896654367447 ], [ 341159.103894500469323, 3045246.631681147497147 ], [ 341101.84411000739783, 3045246.631681147497147 ], [ 340987.324541021196637, 3045132.112112161237746 ], [ 340901.434864281502087, 3045132.112112161237746 ], [ 340844.175079788430594, 3045189.371896654367447 ], [ 340701.025618555664551, 3045189.371896654367447 ], [ 340672.3957263090997, 3045218.001788901165128 ], [ 340643.76583406253485, 3045218.001788901165128 ], [ 340557.876157322898507, 3045303.891465640626848 ], [ 340529.246265076333657, 3045303.891465640626848 ], [ 340500.616372829768807, 3045332.521357887424529 ], [ 340471.986480583203956, 3045332.521357887424529 ], [ 340443.356588336697314, 3045303.891465640626848 ], [ 340386.096803843567614, 3045303.891465640626848 ], [ 340328.837019350437913, 3045361.151250133756548 ], [ 340300.207127103931271, 3045361.151250133756548 ], [ 340271.57723485736642, 3045389.781142380554229 ], [ 340242.94734261080157, 3045389.781142380554229 ], [ 340157.057665871165227, 3045475.670819120015949 ], [ 340157.057665871165227, 3045532.930603613145649 ], [ 339928.018527898704633, 3045532.930603613145649 ], [ 339928.018527898704633, 3045561.56049585994333 ], [ 339899.388635652197991, 3045590.19038810627535 ], [ 339899.388635652197991, 3045647.45017259940505 ], [ 339842.12885115906829, 3045704.709957092534751 ], [ 339842.12885115906829, 3045733.33984933886677 ], [ 339813.49895891250344, 3045761.969741585664451 ], [ 339613.089713186665904, 3045761.969741585664451 ], [ 339498.570144200464711, 3045876.489310571923852 ], [ 339498.570144200464711, 3045962.378987311385572 ], [ 339384.05057521420531, 3045962.378987311385572 ] ] } },
{ "type": "Feature", "properties": { "FID": 16, "STRM_VAL": 1.0, "stream_id": 16, "strahler": 2, "upstream_cells": 36177.0, "length_m": 9794.8541845874643 }, "geometry": { "type": "LineString", "coordinates": [ [ 339384.05057521420531, 3045962.378987311385572 ], [ 339355.420682967698667, 3045933.749095065053552 ], [ 339269.531006228004117, 3045933.749095065053552 ], [ 339240.901113981497474, 3045962.378987311385572 ], [ 339155.011437241802923, 3045962.378987311385572 ], [ 339126.381544995238073, 3045933.749095065053552 ], [ 338868.712514776270837, 3045933.749095065053552 ], [ 338840.082622529705986, 3045905.119202818255872 ], [ 338725.563053543504793, 3045905.119202818255872 ], [ 338696.933161296998151, 3045933.749095065053552 ], [ 338525.153807817667257, 3045933.749095065053552 ], [ 338496.523915571102407, 3045962.378987311385572 ], [ 338467.894023324537557, 3045962.378987311385572 ], [ 338382.004346584901214, 3046048.268664051312953 ], [ 338095.705424119369127, 3046048.268664051312953 ], [ 338067.075531872804277, 3046076.898556297644973 ], [ 337981.185855133167934, 3045991.008879558183253 ], [ 337981.185855133167934, 3045962.378987311385572 ], [ 337752.14671716070734, 3045962.378987311385572 ], [ 337694.886932667635847, 3046019.638771804515272 ], [ 337637.627148174506146, 3046019.638771804515272 ], [ 337637.627148174506146, 3046076.898556297644973 ], [ 337523.107579188304953, 3046191.418125283904374 ], [ 337494.477686941740103, 3046191.418125283904374 ], [ 337465.847794695233461, 3046220.048017530236393 ], [ 337408.58801020210376, 3046220.048017530236393 ], [ 337379.95811795553891, 3046248.677909777034074 ], [ 337322.698333462467417, 3046248.677909777034074 ], [ 337294.068441215902567, 3046277.307802023366094 ], [ 337236.808656722772866, 3046277.307802023366094 ], [ 337208.178764476208016, 3046248.677909777034074 ], [ 337093.659195490006823, 3046248.677909777034074 ], [ 337036.39941099693533, 3046191.418125283904374 ], [ 337036.39941099693533, 3046048.268664051312953 ], [ 336950.50973425724078, 3045962.378987311385572 ], [ 336835.990165271039587, 3045962.378987311385572 ], [ 336807.360273024532944, 3045933.749095065053552 ], [ 336778.730380777968094, 3045933.749095065053552 ], [ 336750.100488531403244, 3045905.119202818255872 ], [ 336721.470596284838393, 3045905.119202818255872 ], [ 336692.840704038273543, 3045933.749095065053552 ], [ 336606.9510272986372, 3045933.749095065053552 ], [ 336578.32113505207235, 3045962.378987311385572 ], [ 336521.061350559000857, 3045962.378987311385572 ], [ 336492.431458312436007, 3045991.008879558183253 ], [ 336377.911889326234814, 3045991.008879558183253 ], [ 336349.281997079669964, 3045962.378987311385572 ], [ 336349.281997079669964, 3045933.749095065053552 ], [ 336263.392320340033621, 3045847.859418325126171 ], [ 336263.392320340033621, 3045819.229526078794152 ], [ 336177.50264360033907, 3045733.33984933886677 ], [ 336062.983074614137877, 3045733.33984933886677 ], [ 336034.353182367573027, 3045704.709957092534751 ], [ 335891.203721134806983, 3045704.709957092534751 ], [ 335862.573828888242133, 3045733.33984933886677 ], [ 335833.94393664173549, 3045733.33984933886677 ], [ 335776.68415214860579, 3045790.599633831996471 ], [ 335633.534690915839747, 3045790.599633831996471 ], [ 335547.645014176203404, 3045704.709957092534751 ], [ 335490.385229683073703, 3045704.709957092534751 ], [ 335461.755337436508853, 3045676.08006484573707 ], [ 335375.86566069687251, 3045676.08006484573707 ], [ 335261.346091710671317, 3045561.56049585994333 ], [ 335261.346091710671317, 3045532.930603613145649 ], [ 335204.086307217541616, 3045532.930603613145649 ], [ 335175.456414971034974, 3045504.30071136681363 ], [ 335118.196630477905273, 3045504.30071136681363 ], [ 335118.196630477905273, 3045447.040926873683929 ], [ 335089.566738231340423, 3045418.411034626886249 ], [ 335089.566738231340423, 3045332.521357887424529 ], [ 335003.67706149170408, 3045246.631681147497147 ], [ 334889.157492505502887, 3045246.631681147497147 ], [ 334860.527600258938037, 3045275.261573394294828 ], [ 334831.897708012373187, 3045275.261573394294828 ], [ 334803.267815765808336, 3045246.631681147497147 ], [ 334774.637923519243486, 3045246.631681147497147 ], [ 334688.748246779607143, 3045160.742004408035427 ], [ 334688.748246779607143, 3045132.112112161237746 ], [ 334602.8585700399708, 3045046.222435421776026 ], [ 334574.22867779340595, 3045046.222435421776026 ], [ 334545.5987855468411, 3045017.592543175444007 ], [ 334516.96889330027625, 3045017.592543175444007 ], [ 334488.339001053769607, 3044988.962650928646326 ], [ 334431.079216560639907, 3044988.962650928646326 ], [ 334345.189539821003564, 3045074.852327668573707 ], [ 334345.189539821003564, 3045132.112112161237746 ], [ 334287.929755327873863, 3045189.371896654367447 ], [ 334287.929755327873863, 3045218.001788901165128 ], [ 334259.299863081309013, 3045246.631681147497147 ], [ 334173.41018634167267, 3045246.631681147497147 ], [ 334058.890617355471477, 3045132.112112161237746 ], [ 334030.260725108906627, 3045132.112112161237746 ], [ 333944.371048369270284, 3045218.001788901165128 ], [ 333829.851479383069091, 3045218.001788901165128 ], [ 333772.59169488993939, 3045160.742004408035427 ], [ 333715.33191039680969, 3045160.742004408035427 ], [ 333686.702018150303047, 3045132.112112161237746 ], [ 333658.072125903738197, 3045132.112112161237746 ], [ 333658.072125903738197, 3044931.702866435516626 ], [ 333629.442233657173347, 3044931.702866435516626 ], [ 333600.812341410608497, 3044903.072974189184606 ], [ 333572.182449164043646, 3044903.072974189184606 ], [ 333514.922664670972154, 3044845.813189696054906 ], [ 333514.922664670972154, 3044759.923512956127524 ], [ 333486.292772424407303, 3044759.923512956127524 ], [ 333257.253634452004917, 3044530.884374984074384 ], [ 333228.623742205440067, 3044530.884374984074384 ], [ 333171.363957712310366, 3044473.624590490944684 ], [ 333142.734065465803724, 3044473.624590490944684 ], [ 333114.104173219238874, 3044444.994698244147003 ], [ 333114.104173219238874, 3044416.364805997814983 ], [ 333028.214496479544323, 3044330.475129257887602 ], [ 333028.214496479544323, 3044301.845237011555582 ], [ 332999.58460423303768, 3044273.215344764757901 ], [ 333028.214496479544323, 3044244.585452518425882 ], [ 333028.214496479544323, 3044215.955560271628201 ], [ 333056.844388726109173, 3044187.325668025296181 ], [ 333056.844388726109173, 3044158.695775778498501 ], [ 332970.95471198647283, 3044072.806099039036781 ], [ 332970.95471198647283, 3044044.1762067922391 ], [ 332942.32481973990798, 3044015.54631454590708 ], [ 332942.32481973990798, 3043986.916422299575061 ], [ 332856.435143000271637, 3043901.026745559647679 ], [ 332856.435143000271637, 3043872.39685331331566 ], [ 332827.805250753706787, 3043843.766961066517979 ], [ 332827.805250753706787, 3043786.507176573388278 ], [ 332856.435143000271637, 3043757.877284327056259 ], [ 332856.435143000271637, 3043528.838146354537457 ], [ 332913.69492749334313, 3043471.578361861407757 ], [ 332913.69492749334313, 3043442.948469615075737 ], [ 332999.58460423303768, 3043357.058792875148356 ], [ 332885.06503524677828, 3043242.539223888888955 ], [ 332885.06503524677828, 3043213.909331642556936 ] ] } },
{ "type": "Feature", "properties": { "FID": 17, "STRM_VAL": 1.0, "stream_id": 17, "strahler": 1, "upstream_cells": 4323.0, "length_m": 1113.6883484801519 }, "geometry": { "type": "LineString", "coordinates": [ [ 332341.097082562278956, 3045189.371896654367447 ], [ 332341.097082562278956, 3045132.112112161237746 ], [ 332369.726974808843806, 3045103.482219914905727 ], [ 332369.726974808843806, 3044845.813189696054906 ], [ 332341.097082562278956, 3044817.183297449257225 ], [ 332341.097082562278956, 3044731.293620709795505 ], [ 332312.467190315772314, 3044702.663728462997824 ], [ 332312.467190315772314, 3044530.884374984074384 ], [ 332341.097082562278956, 3044502.254482737276703 ], [ 332341.097082562278956, 3044359.105021504685283 ], [ 332312.467190315772314, 3044330.475129257887602 ], [ 332312.467190315772314, 3044215.955560271628201 ], [ 332369.726974808843806, 3044158.695775778498501 ] ] } },
{ "type": "Feature", "properties": { "FID": 18, "STRM_VAL": 1.0, "stream_id": 18, "strahler": 1, "upstream_cells": 3986.0, "length_m": 150.09623795975003 }, "geometry": { "type": "LineString", "coordinates": [ [ 349805.331352959328797, 3045218.001788901165128 ], [ 349891.221029699023347, 3045303.891465640626848 ], [ 349891.221029699023347, 3045332.521357887424529 ] ] } },
{ "type": "Feature", "properties": { "FID": 19, "STRM_VAL": 1.0, "stream_id": 19, "strahler": 2, "upstream_cells": 19800.0, "length_m": 4657.5463965611889 }, "geometry": { "type": "LineString", "coordinates": [ [ 349891.221029699023347, 3045332.521357887424529 ], [ 350034.370490931789391, 3045475.670819120015949 ], [ 350091.630275424860884, 3045475.670819120015949 ], [ 350120.260167671425734, 3045447.040926873683929 ], [ 350148.890059917990584, 3045475.670819120015949 ], [ 350177.519952164555434, 3045475.670819120015949 ], [ 350206.149844411062077, 3045504.30071136681363 ], [ 350263.409628904191777, 3045504.30071136681363 ], [ 350349.29930564382812, 3045590.19038810627535 ], [ 350349.29930564382812, 3045647.45017259940505 ], [ 350406.559090136957821, 3045704.709957092534751 ], [ 350492.448766876594163, 3045704.709957092534751 ], [ 350521.078659123159014, 3045733.33984933886677 ], [ 350606.968335862853564, 3045733.33984933886677 ], [ 350635.598228109360207, 3045761.969741585664451 ], [ 350692.858012602489907, 3045761.969741585664451 ], [ 350807.3775815886911, 3045876.489310571923852 ], [ 350836.007473835255951, 3045876.489310571923852 ], [ 350979.156935068021994, 3046019.638771804515272 ], [ 351093.676504054223187, 3046019.638771804515272 ], [ 351122.306396300788037, 3046048.268664051312953 ], [ 351179.56618079385953, 3046048.268664051312953 ], [ 351208.19607304042438, 3046019.638771804515272 ], [ 351208.19607304042438, 3045991.008879558183253 ], [ 351236.825965286989231, 3045962.378987311385572 ], [ 351294.085749780060723, 3045962.378987311385572 ], [ 351322.715642026625574, 3045933.749095065053552 ], [ 351351.345534273190424, 3045933.749095065053552 ], [ 351379.975426519755274, 3045962.378987311385572 ], [ 351437.235211012826767, 3045962.378987311385572 ], [ 351494.494995505956467, 3046019.638771804515272 ], [ 351523.124887752521317, 3046019.638771804515272 ], [ 351523.124887752521317, 3045991.008879558183253 ], [ 351580.38467224559281, 3045933.749095065053552 ], [ 351580.38467224559281, 3045876.489310571923852 ], [ 351609.01456449215766, 3045847.859418325126171 ], [ 351609.01456449215766, 3045819.229526078794152 ], [ 351723.534133478358854, 3045819.229526078794152 ], [ 351838.053702464560047, 3045704.709957092534751 ], [ 351981.20316369732609, 3045704.709957092534751 ], [ 352009.83305594389094, 3045676.08006484573707 ], [ 352009.83305594389094, 3045618.820280353073031 ], [ 352067.092840437020641, 3045561.56049585994333 ], [ 352067.092840437020641, 3045504.30071136681363 ], [ 352095.722732683527283, 3045475.670819120015949 ], [ 352095.722732683527283, 3045447.040926873683929 ], [ 352124.352624930092134, 3045418.411034626886249 ], [ 352124.352624930092134, 3045218.001788901165128 ], [ 352210.242301669786684, 3045132.112112161237746 ], [ 352238.872193916293327, 3045132.112112161237746 ], [ 352267.502086162858177, 3045103.482219914905727 ], [ 352296.131978409423027, 3045103.482219914905727 ], [ 352353.391762902552728, 3045046.222435421776026 ], [ 352496.541224135318771, 3045046.222435421776026 ], [ 352525.171116381825414, 3045074.852327668573707 ], [ 352553.801008628390264, 3045074.852327668573707 ], [ 352668.320577614591457, 3044960.332758682314306 ], [ 352668.320577614591457, 3044931.702866435516626 ], [ 352725.580362107721157, 3044874.443081942386925 ], [ 352782.84014660079265, 3044874.443081942386925 ], [ 352840.099931093922351, 3044931.702866435516626 ], [ 352840.099931093922351, 3045046.222435421776026 ], [ 352925.989607833558694, 3045132.112112161237746 ], [ 352983.249392326688394, 3045132.112112161237746 ], [ 353011.879284573253244, 3045160.742004408035427 ], [ 353126.398853559454437, 3045160.742004408035427 ] ] } },
{ "type": "Feature", "properties": { "FID": 20, "STRM_VAL": 1.0, "stream_id": 20, "strahler": 1, "upstream_cells": 8905.0, "length_m": 2419.9963806205956 }, "geometry": { "type": "LineString", "coordinates": [ [ 347743.979111207590904, 3045361.151250133756548 ], [ 347801.238895700662397, 3045361.151250133756548 ], [ 347829.868787947227247, 3045389.781142380554229 ], [ 347858.498680193792097, 3045389.781142380554229 ], [ 347944.38835693342844, 3045475.670819120015949 ], [ 347973.01824917999329, 3045475.670819120015949 ], [ 348001.648141426558141, 3045504.30071136681363 ], [ 348287.947063892090227, 3045504.30071136681363 ], [ 348316.57695613859687, 3045532.930603613145649 ], [ 348488.356309617927764, 3045532.930603613145649 ], [ 348516.986201864492614, 3045561.56049585994333 ], [ 348746.025339836895, 3045561.56049585994333 ], [ 348774.65523208345985, 3045532.930603613145649 ], [ 348917.804693316225894, 3045532.930603613145649 ], [ 348946.434585562790744, 3045504.30071136681363 ], [ 348975.064477809355594, 3045504.30071136681363 ], [ 349003.694370055862237, 3045475.670819120015949 ], [ 349032.324262302427087, 3045475.670819120015949 ], [ 349060.954154548991937, 3045447.040926873683929 ], [ 349118.21393904206343, 3045447.040926873683929 ], [ 349146.84383128862828, 3045418.411034626886249 ], [ 349204.103615781757981, 3045418.411034626886249 ], [ 349232.733508028322831, 3045389.781142380554229 ], [ 349261.363400274829473, 3045389.781142380554229 ], [ 349289.993292521394324, 3045418.411034626886249 ], [ 349318.623184767959174, 3045389.781142380554229 ], [ 349347.253077014524024, 3045389.781142380554229 ], [ 349404.512861507595517, 3045332.521357887424529 ], [ 349433.142753754160367, 3045332.521357887424529 ], [ 349461.772646000725217, 3045303.891465640626848 ], [ 349547.66232274036156, 3045303.891465640626848 ], [ 349604.922107233491261, 3045361.151250133756548 ], [ 349748.071568466257304, 3045361.151250133756548 ], [ 349776.701460712822154, 3045332.521357887424529 ], [ 349805.331352959328797, 3045361.151250133756548 ], [ 349862.591137452458497, 3045361.151250133756548 ], [ 349891.221029699023347, 3045332.521357887424529 ] ] } },
{ "type": "Feature", "properties": { "FID": 21, "STRM_VAL": 1.0, "stream_id": 21, "strahler": 1, "upstream_cells": 4708.0, "length_m": 775.04175445304929 }, "geometry": { "type": "LineString", "coordinates": [ [ 328075.24313782597892, 3045733.33984933886677 ], [ 327960.723568839777727, 3045733.33984933886677 ], [ 327932.093676593212876, 3045761.969741585664451 ], [ 327903.463784346648026, 3045761.969741585664451 ], [ 327874.833892100141384, 3045790.599633831996471 ], [ 327846.203999853576533, 3045790.599633831996471 ], [ 327817.574107607011683, 3045819.229526078794152 ], [ 327559.905077388044447, 3045819.229526078794152 ], [ 327531.275185141479596, 3045847.859418325126171 ], [ 327502.645292894914746, 3045847.859418325126171 ], [ 327474.015400648349896, 3045876.489310571923852 ], [ 327359.495831662148703, 3045876.489310571923852 ] ] } },
{ "type": "Feature", "properties": { "FID": 22, "STRM_VAL": 1.0, "stream_id": 22, "strahler": 2, "upstream_cells": 9156.0, "length_m": 166.86724054838101 }, "geometry": { "type": "LineString", "coordinates": [ [ 327359.495831662148703, 3045876.489310571923852 ], [ 327273.60615492251236, 3045876.489310571923852 ], [ 327216.346370429382659, 3045819.229526078794152 ] ] } },
{ "type": "Feature", "properties": { "FID": 23, "STRM_VAL": 1.0, "stream_id": 23, "strahler": 4, "upstream_cells": 956214.0, "length_m": 3561.4718360088777 }, "geometry": { "type": "LineString", "coordinates": [ [ 327216.346370429382659, 3045819.229526078794152 ], [ 327187.716478182876017, 3045790.599633831996471 ], [ 327187.716478182876017, 3045676.08006484573707 ], [ 327216.346370429382659, 3045647.45017259940505 ], [ 327216.346370429382659, 3045389.781142380554229 ], [ 327187.716478182876017, 3045361.151250133756548 ], [ 327159.086585936311167, 3045361.151250133756548 ], [ 327101.826801443181466, 3045303.891465640626848 ], [ 327073.196909196616616, 3045303.891465640626848 ], [ 327044.567016950109974, 3045275.261573394294828 ], [ 327015.937124703545123, 3045275.261573394294828 ], [ 326987.307232456980273, 3045246.631681147497147 ], [ 326872.78766347077908, 3045246.631681147497147 ], [ 326844.15777122421423, 3045218.001788901165128 ], [ 326786.897986731142737, 3045218.001788901165128 ], [ 326758.268094484577887, 3045189.371896654367447 ], [ 326701.008309991448186, 3045189.371896654367447 ], [ 326672.378417744883336, 3045160.742004408035427 ], [ 326557.858848758682143, 3045160.742004408035427 ], [ 326529.228956512117293, 3045132.112112161237746 ], [ 326471.9691720190458, 3045132.112112161237746 ], [ 326386.079495279351249, 3045046.222435421776026 ], [ 326328.819710786279757, 3045046.222435421776026 ], [ 326214.300141800078563, 3044931.702866435516626 ], [ 326214.300141800078563, 3044845.813189696054906 ], [ 326242.930034046643414, 3044817.183297449257225 ], [ 326242.930034046643414, 3044788.553405202925205 ], [ 326271.559926293150056, 3044759.923512956127524 ], [ 326271.559926293150056, 3044674.033836216665804 ], [ 326300.189818539714906, 3044645.403943969868124 ], [ 326300.189818539714906, 3044559.514267230406404 ], [ 326328.819710786279757, 3044530.884374984074384 ], [ 326328.819710786279757, 3044473.624590490944684 ], [ 326271.559926293150056, 3044416.364805997814983 ], [ 326271.559926293150056, 3044387.734913751017302 ], [ 326242.930034046643414, 3044359.105021504685283 ], [ 326185.670249553513713, 3044359.105021504685283 ], [ 326157.040357306948863, 3044330.475129257887602 ], [ 326071.15068056731252, 3044330.475129257887602 ], [ 326042.52078832074767, 3044301.845237011555582 ], [ 326013.89089607418282, 3044301.845237011555582 ], [ 325985.261003827617969, 3044273.215344764757901 ], [ 325956.631111581111327, 3044273.215344764757901 ], [ 325870.741434841416776, 3044187.325668025296181 ], [ 325870.741434841416776, 3044072.806099039036781 ], [ 325842.111542594910134, 3044044.1762067922391 ], [ 325842.111542594910134, 3044015.54631454590708 ], [ 325813.481650348345283, 3043986.916422299575061 ], [ 325813.481650348345283, 3043958.28653005277738 ], [ 325784.851758101780433, 3043929.65663780644536 ], [ 325784.851758101780433, 3043901.026745559647679 ], [ 325613.07240462244954, 3043729.247392080258578 ], [ 325613.07240462244954, 3043671.987607587128878 ], [ 325584.442512375884689, 3043643.357715340796858 ], [ 325584.442512375884689, 3043586.097930847667158 ], [ 325613.07240462244954, 3043557.468038600869477 ], [ 325613.07240462244954, 3043500.208254107739776 ] ] } },
{ "type": "Feature", "properties": { "FID": 24, "STRM_VAL": 1.0, "stream_id": 24, "strahler": 1, "upstream_cells": 5703.0, "length_m": 2485.3948202984138 }, "geometry": { "type": "LineString", "coordinates": [ [ 356676.505492131982464, 3045905.119202818255872 ], [ 356733.765276625053957, 3045962.378987311385572 ], [ 356733.765276625053957, 3046019.638771804515272 ], [ 356762.395168871618807, 3046048.268664051312953 ], [ 356762.395168871618807, 3046076.898556297644973 ], [ 356819.654953364748508, 3046134.158340790774673 ], [ 356819.654953364748508, 3046162.788233037572354 ], [ 356905.544630104384851, 3046248.677909777034074 ], [ 356905.544630104384851, 3046277.307802023366094 ], [ 357134.583768076787237, 3046506.346939995884895 ], [ 357134.583768076787237, 3046534.976832242682576 ], [ 357163.213660323352087, 3046563.606724489014596 ], [ 357163.213660323352087, 3046592.236616735812277 ], [ 357191.843552569916938, 3046620.866508982144296 ], [ 357191.843552569916938, 3046649.496401228941977 ], [ 357277.73322930955328, 3046735.386077968403697 ], [ 357277.73322930955328, 3046792.645862461533397 ], [ 357306.363121556118131, 3046821.275754707865417 ], [ 357306.363121556118131, 3046878.535539200995117 ], [ 357363.622906049247831, 3046935.795323694124818 ], [ 357363.622906049247831, 3046993.055108187254518 ], [ 357506.772367281955667, 3047136.2045694203116 ], [ 357535.402259528520517, 3047136.2045694203116 ], [ 357621.291936268215068, 3047222.09424615977332 ], [ 357621.291936268215068, 3047250.724138406571001 ], [ 357764.441397500981111, 3047393.873599639162421 ], [ 357821.701181994052604, 3047393.873599639162421 ], [ 357850.331074240617454, 3047365.24370739236474 ], [ 357993.480535473383497, 3047365.24370739236474 ], [ 358136.629996706149541, 3047508.393168625421822 ], [ 358136.629996706149541, 3047565.652953118551522 ], [ 358165.259888952714391, 3047565.652953118551522 ] ] } },
{ "type": "Feature", "properties": { "FID": 25, "STRM_VAL": 1.0, "stream_id": 25, "strahler": 1, "upstream_cells": 6099.0, "length_m": 1463.351046826662 }, "geometry": { "type": "LineString", "coordinates": [ [ 342676.4881835677661, 3046076.898556297644973 ], [ 342676.4881835677661, 3046048.268664051312953 ], [ 342590.598506828129757, 3045962.378987311385572 ], [ 342590.598506828129757, 3045876.489310571923852 ], [ 342561.968614581564907, 3045847.859418325126171 ], [ 342561.968614581564907, 3045819.229526078794152 ], [ 342504.708830088435207, 3045761.969741585664451 ], [ 342361.559368855669163, 3045761.969741585664451 ], [ 342332.929476609162521, 3045733.33984933886677 ], [ 342304.29958436259767, 3045733.33984933886677 ], [ 342275.66969211603282, 3045704.709957092534751 ], [ 342247.03979986946797, 3045704.709957092534751 ], [ 342247.03979986946797, 3045676.08006484573707 ], [ 342132.520230883266777, 3045561.56049585994333 ], [ 342132.520230883266777, 3045532.930603613145649 ], [ 342046.630554143630434, 3045447.040926873683929 ], [ 342046.630554143630434, 3045418.411034626886249 ], [ 342018.000661897065584, 3045389.781142380554229 ], [ 342018.000661897065584, 3045361.151250133756548 ], [ 341846.22130841773469, 3045189.371896654367447 ], [ 341846.22130841773469, 3045074.852327668573707 ] ] } },
{ "type": "Feature", "properties": { "FID": 26, "STRM_VAL": 1.0, "stream_id": 26, "strahler": 1, "upstream_cells": 3872.0, "length_m": 293.24569919234148 }, "geometry": { "type": "LineString", "coordinates": [ [ 339469.94025195389986, 3046220.048017530236393 ], [ 339384.05057521420531, 3046134.158340790774673 ], [ 339384.05057521420531, 3045962.378987311385572 ] ] } },
{ "type": "Feature", "properties": { "FID": 27, "STRM_VAL": 1.0, "stream_id": 27, "strahler": 1, "upstream_cells": 4187.0, "length_m": 767.25219238679324 }, "geometry": { "type": "LineString", "coordinates": [ [ 327874.833892100141384, 3046363.197478763293475 ], [ 327731.68443086737534, 3046220.048017530236393 ], [ 327731.68443086737534, 3046191.418125283904374 ], [ 327703.05453862081049, 3046162.788233037572354 ], [ 327703.05453862081049, 3046134.158340790774673 ], [ 327588.534969634609297, 3046019.638771804515272 ], [ 327588.534969634609297, 3045991.008879558183253 ], [ 327502.645292894914746, 3045905.119202818255872 ], [ 327388.125723908713553, 3045905.119202818255872 ], [ 327359.495831662148703, 3045876.489310571923852 ] ] } },
{ "type": "Feature", "properties": { "FID": 28, "STRM_VAL": 1.0, "stream_id": 28, "strahler": 1, "upstream_cells": 6126.0, "length_m": 1478.08738561928 }, "geometry": { "type": "LineString", "coordinates": [ [ 318426.969450737757143, 3046449.087155502755195 ], [ 318398.3395584912505, 3046477.717047749552876 ], [ 318398.3395584912505, 3046534.976832242682576 ], [ 318341.0797739981208, 3046592.236616735812277 ], [ 318341.0797739981208, 3046620.866508982144296 ], [ 318312.449881751555949, 3046649.496401228941977 ], [ 318312.449881751555949, 3046678.126293475273997 ], [ 318283.819989504991099, 3046706.756185722071677 ], [ 318283.819989504991099, 3046764.015970214735717 ], [ 318255.190097258484457, 3046792.645862461533397 ], [ 318226.560205011919606, 3046792.645862461533397 ], [ 318197.930312765354756, 3046821.275754707865417 ], [ 318169.300420518789906, 3046821.275754707865417 ], [ 317997.521067039459012, 3046993.055108187254518 ], [ 317625.332467834290583, 3046993.055108187254518 ], [ 317568.07268334121909, 3046935.795323694124818 ], [ 317367.663437615323346, 3046935.795323694124818 ], [ 317339.033545368758496, 3046907.165431447792798 ], [ 317310.403653122251853, 3046907.165431447792798 ] ] } },
{ "type": "Feature", "properties": { "FID": 29, "STRM_VAL": 1.0, "stream_id": 29, "strahler": 1, "upstream_cells": 10243.0, "length_m": 7170.379230650361 }, "geometry": { "type": "LineString", "coordinates": [ [ 320402.4320157499169, 3046935.795323694124818 ], [ 320402.4320157499169, 3046907.165431447792798 ], [ 320545.581476982682943, 3046764.015970214735717 ], [ 320516.951584736118093, 3046735.386077968403697 ], [ 320516.951584736118093, 3046678.126293475273997 ], [ 320459.691800242988393, 3046620.866508982144296 ], [ 320459.691800242988393, 3046563.606724489014596 ], [ 320431.06190799648175, 3046534.976832242682576 ], [ 320431.06190799648175, 3046506.346939995884895 ], [ 320574.211369229189586, 3046363.197478763293475 ], [ 320631.471153722319286, 3046363.197478763293475 ], [ 320717.360830461955629, 3046277.307802023366094 ], [ 320745.99072270852048, 3046277.307802023366094 ], [ 320745.99072270852048, 3046019.638771804515272 ], [ 320803.25050720165018, 3045962.378987311385572 ], [ 320803.25050720165018, 3045933.749095065053552 ], [ 320831.88039944821503, 3045905.119202818255872 ], [ 320860.510291694721673, 3045905.119202818255872 ], [ 320975.029860680922866, 3045790.599633831996471 ], [ 321032.289645174052566, 3045790.599633831996471 ], [ 321060.919537420617417, 3045819.229526078794152 ], [ 321146.809214160253759, 3045819.229526078794152 ], [ 321175.43910640681861, 3045790.599633831996471 ], [ 321433.108136625785846, 3045790.599633831996471 ], [ 321518.997813365422189, 3045876.489310571923852 ], [ 321547.627705611987039, 3045876.489310571923852 ], [ 321547.627705611987039, 3046048.268664051312953 ], [ 321461.738028872350696, 3046134.158340790774673 ], [ 321547.627705611987039, 3046220.048017530236393 ], [ 321748.036951337882783, 3046220.048017530236393 ], [ 321776.666843584447633, 3046248.677909777034074 ], [ 321862.556520324083976, 3046248.677909777034074 ], [ 321919.816304817213677, 3046191.418125283904374 ], [ 321919.816304817213677, 3046105.528448544442654 ], [ 322034.33587380341487, 3045991.008879558183253 ], [ 322062.965766049921513, 3046019.638771804515272 ], [ 322062.965766049921513, 3046048.268664051312953 ], [ 322091.595658296486363, 3046076.898556297644973 ], [ 322091.595658296486363, 3046105.528448544442654 ], [ 322120.225550543051213, 3046134.158340790774673 ], [ 322120.225550543051213, 3046248.677909777034074 ], [ 322091.595658296486363, 3046277.307802023366094 ], [ 322091.595658296486363, 3046363.197478763293475 ], [ 322148.855442789616063, 3046420.457263256423175 ], [ 322263.375011775817256, 3046420.457263256423175 ], [ 322292.004904022382107, 3046449.087155502755195 ], [ 322320.634796268946957, 3046449.087155502755195 ], [ 322349.264688515453599, 3046477.717047749552876 ], [ 322521.044041994784493, 3046477.717047749552876 ], [ 322549.673934241349343, 3046506.346939995884895 ], [ 322606.933718734420836, 3046506.346939995884895 ], [ 322721.453287720680237, 3046620.866508982144296 ], [ 322721.453287720680237, 3046649.496401228941977 ], [ 322750.083179967186879, 3046678.126293475273997 ], [ 322750.083179967186879, 3046706.756185722071677 ], [ 322778.71307221375173, 3046735.386077968403697 ], [ 322778.71307221375173, 3046764.015970214735717 ], [ 322893.232641199952923, 3046878.535539200995117 ], [ 322893.232641199952923, 3046907.165431447792798 ], [ 322921.862533446517773, 3046935.795323694124818 ], [ 322950.492425693082623, 3046935.795323694124818 ], [ 322979.122317939647473, 3046964.425215940922499 ], [ 323122.271779172413517, 3046964.425215940922499 ], [ 323150.901671418920159, 3046935.795323694124818 ], [ 323179.53156366548501, 3046964.425215940922499 ], [ 323265.42124040517956, 3046964.425215940922499 ], [ 323294.051132651686203, 3046993.055108187254518 ], [ 323322.681024898251053, 3046993.055108187254518 ], [ 323351.310917144815903, 3047021.685000434052199 ], [ 323351.310917144815903, 3047050.314892680384219 ], [ 323408.570701637887396, 3047107.574677173513919 ], [ 323408.570701637887396, 3047164.83446166664362 ], [ 323437.200593884452246, 3047193.4643539134413 ], [ 323523.090270624146797, 3047193.4643539134413 ], [ 323580.35005511721829, 3047250.724138406571001 ], [ 323608.97994736378314, 3047250.724138406571001 ], [ 323723.499516349984333, 3047365.24370739236474 ], [ 323895.278869829315227, 3047365.24370739236474 ], [ 323923.908762075880077, 3047393.873599639162421 ], [ 323952.538654322386719, 3047393.873599639162421 ], [ 323981.168546568951569, 3047422.503491885494441 ], [ 324038.42833106208127, 3047422.503491885494441 ], [ 324067.05822330864612, 3047451.133384132292122 ], [ 324152.947900048282463, 3047451.133384132292122 ], [ 324181.577792294847313, 3047422.503491885494441 ], [ 324238.837576787918806, 3047422.503491885494441 ], [ 324267.467469034483656, 3047451.133384132292122 ], [ 324381.987038020684849, 3047451.133384132292122 ], [ 324410.6169302672497, 3047422.503491885494441 ], [ 324467.8767147603794, 3047422.503491885494441 ], [ 324496.506607006886043, 3047451.133384132292122 ], [ 324525.136499253450893, 3047451.133384132292122 ], [ 324553.766391500015743, 3047479.763276378624141 ], [ 324582.396283746580593, 3047479.763276378624141 ], [ 324611.026175993145443, 3047508.393168625421822 ], [ 324639.656068239652086, 3047508.393168625421822 ], [ 324668.285960486216936, 3047537.023060871753842 ], [ 324811.43542171898298, 3047537.023060871753842 ], [ 324840.06531396554783, 3047508.393168625421822 ], [ 324868.69520621211268, 3047508.393168625421822 ], [ 324897.32509845867753, 3047479.763276378624141 ] ] } },
{ "type": "Feature", "properties": { "FID": 30, "STRM_VAL": 1.0, "stream_id": 30, "strahler": 3, "upstream_cells": 113167.0, "length_m": 701.01096737091939 }, "geometry": { "type": "LineString", "coordinates": [ [ 324897.32509845867753, 3047479.763276378624141 ], [ 324897.32509845867753, 3047451.133384132292122 ], [ 324925.954990705184173, 3047422.503491885494441 ], [ 324925.954990705184173, 3047393.873599639162421 ], [ 324954.584882951749023, 3047365.24370739236474 ], [ 324954.584882951749023, 3047336.613815146032721 ], [ 324983.214775198313873, 3047336.613815146032721 ], [ 324983.214775198313873, 3047279.35403065290302 ], [ 325011.844667444878723, 3047250.724138406571001 ], [ 325011.844667444878723, 3047222.09424615977332 ], [ 325069.104451937950216, 3047222.09424615977332 ], [ 325126.364236431079917, 3047164.83446166664362 ], [ 325183.624020924151409, 3047164.83446166664362 ], [ 325212.25391317071626, 3047193.4643539134413 ], [ 325355.403374403482303, 3047193.4643539134413 ] ] } },
{ "type": "Feature", "properties": { "FID": 31, "STRM_VAL": 1.0, "stream_id": 31, "strahler": 4, "upstream_cells": 941939.0, "length_m": 3058.8354505673251 }, "geometry": { "type": "LineString", "coordinates": [ [ 325355.403374403482303, 3047193.4643539134413 ], [ 325412.663158896612003, 3047136.2045694203116 ], [ 325412.663158896612003, 3047078.9447849271819 ], [ 325498.552835636248346, 3047078.9447849271819 ], [ 325555.812620129378047, 3047021.685000434052199 ], [ 325584.442512375884689, 3047021.685000434052199 ], [ 325670.33218911557924, 3046935.795323694124818 ], [ 325698.96208136214409, 3046935.795323694124818 ], [ 325813.481650348345283, 3046821.275754707865417 ], [ 325870.741434841416776, 3046821.275754707865417 ], [ 325899.371327087981626, 3046792.645862461533397 ], [ 325956.631111581111327, 3046792.645862461533397 ], [ 325985.261003827617969, 3046764.015970214735717 ], [ 326013.89089607418282, 3046764.015970214735717 ], [ 326042.52078832074767, 3046735.386077968403697 ], [ 326128.410465060384013, 3046735.386077968403697 ], [ 326157.040357306948863, 3046764.015970214735717 ], [ 326300.189818539714906, 3046764.015970214735717 ], [ 326328.819710786279757, 3046735.386077968403697 ], [ 326586.488741005246993, 3046735.386077968403697 ], [ 326615.118633251811843, 3046706.756185722071677 ], [ 326672.378417744883336, 3046706.756185722071677 ], [ 326729.638202238013037, 3046649.496401228941977 ], [ 326729.638202238013037, 3046592.236616735812277 ], [ 326786.897986731142737, 3046534.976832242682576 ], [ 326786.897986731142737, 3046477.717047749552876 ], [ 326729.638202238013037, 3046420.457263256423175 ], [ 326729.638202238013037, 3046363.197478763293475 ], [ 326758.268094484577887, 3046334.567586516495794 ], [ 326758.268094484577887, 3046248.677909777034074 ], [ 326786.897986731142737, 3046220.048017530236393 ], [ 326901.41755571734393, 3046220.048017530236393 ], [ 326930.047447963850573, 3046191.418125283904374 ], [ 327073.196909196616616, 3046191.418125283904374 ], [ 327101.826801443181466, 3046220.048017530236393 ], [ 327159.086585936311167, 3046220.048017530236393 ], [ 327216.346370429382659, 3046162.788233037572354 ], [ 327273.60615492251236, 3046162.788233037572354 ], [ 327273.60615492251236, 3045962.378987311385572 ], [ 327216.346370429382659, 3045905.119202818255872 ], [ 327216.346370429382659, 3045819.229526078794152 ] ] } },
{ "type": "Feature", "properties": { "FID": 32, "STRM_VAL": 1.0, "stream_id": 32, "strahler": 1, "upstream_cells": 10496.0, "length_m": 5210.4957897685581 }, "geometry": { "type": "LineString", "coordinates": [ [ 352067.092840437020641, 3047336.613815146032721 ], [ 352124.352624930092134, 3047393.873599639162421 ], [ 352124.352624930092134, 3047451.133384132292122 ], [ 352152.982517176656984, 3047479.763276378624141 ], [ 352152.982517176656984, 3047537.023060871753842 ], [ 352124.352624930092134, 3047565.652953118551522 ], [ 352124.352624930092134, 3047594.282845364883542 ], [ 352152.982517176656984, 3047622.912737611681223 ], [ 352152.982517176656984, 3047651.542629858013242 ], [ 352181.612409423221834, 3047680.172522104810923 ], [ 352181.612409423221834, 3047766.062198844272643 ], [ 352210.242301669786684, 3047794.692091091070324 ], [ 352210.242301669786684, 3047823.321983337402344 ], [ 352238.872193916293327, 3047851.951875583734363 ], [ 352238.872193916293327, 3047880.581767830532044 ], [ 352410.65154739562422, 3048052.361121309921145 ], [ 352582.430900874955114, 3048052.361121309921145 ], [ 352611.060793121519964, 3048023.731229063123465 ], [ 352696.950469861156307, 3048109.620905803050846 ], [ 352696.950469861156307, 3048138.250798049382865 ], [ 352725.580362107721157, 3048166.880690296180546 ], [ 352725.580362107721157, 3048195.510582542512566 ], [ 352754.210254354286008, 3048224.140474789310247 ], [ 352754.210254354286008, 3048310.030151528771967 ], [ 352811.4700388473575, 3048367.289936021901667 ], [ 352811.4700388473575, 3048424.549720515031368 ], [ 352983.249392326688394, 3048596.329073994420469 ], [ 353011.879284573253244, 3048596.329073994420469 ], [ 353040.509176819818094, 3048624.958966240752488 ], [ 353040.509176819818094, 3048653.588858487550169 ], [ 353155.028745806019288, 3048768.10842747380957 ], [ 353155.028745806019288, 3048796.73831972014159 ], [ 353240.918422545655631, 3048882.627996460068971 ], [ 353269.548314792220481, 3048882.627996460068971 ], [ 353355.437991531856824, 3048968.517673199530691 ], [ 353355.437991531856824, 3048997.14756544586271 ], [ 353384.067883778421674, 3049025.777457692660391 ], [ 353412.697776024986524, 3049025.777457692660391 ], [ 353441.327668271493167, 3049054.407349938992411 ], [ 353613.10702175082406, 3049054.407349938992411 ], [ 353641.736913997388911, 3049025.777457692660391 ], [ 353756.256482983590104, 3049025.777457692660391 ], [ 353784.886375230154954, 3048997.14756544586271 ], [ 353956.665728709485848, 3048997.14756544586271 ], [ 353985.29562095599249, 3049025.777457692660391 ], [ 354128.445082188816741, 3049025.777457692660391 ], [ 354242.964651175017934, 3049140.297026678919792 ], [ 354271.594543421524577, 3049140.297026678919792 ], [ 354300.224435668089427, 3049168.926918925251812 ], [ 354443.37389690085547, 3049168.926918925251812 ], [ 354472.003789147420321, 3049197.556811172049493 ], [ 354529.263573640491813, 3049197.556811172049493 ], [ 354529.263573640491813, 3049226.186703418381512 ], [ 354557.893465887056664, 3049254.816595665179193 ], [ 354557.893465887056664, 3049283.446487911511213 ], [ 354701.042927119822707, 3049426.595949144568294 ], [ 354758.302711612952407, 3049426.595949144568294 ], [ 354901.452172845718451, 3049569.745410377159715 ], [ 354930.082065092283301, 3049569.745410377159715 ], [ 354958.711957338789944, 3049598.375302623491734 ], [ 355073.231526324991137, 3049598.375302623491734 ], [ 355101.861418571555987, 3049627.005194870289415 ], [ 355302.270664297451731, 3049627.005194870289415 ], [ 355359.530448790523224, 3049569.745410377159715 ], [ 355388.160341037088074, 3049569.745410377159715 ], [ 355445.420125530217774, 3049627.005194870289415 ], [ 355474.050017776782624, 3049627.005194870289415 ], [ 355502.679910023289267, 3049655.635087116621435 ], [ 355617.19947900949046, 3049655.635087116621435 ], [ 355674.459263502620161, 3049598.375302623491734 ], [ 355731.719047995749861, 3049598.375302623491734 ] ] } },
{ "type": "Feature", "properties": { "FID": 33, "STRM_VAL": 1.0, "stream_id": 33, "strahler": 3, "upstream_cells": 227226.0, "length_m": 2791.3421944867268 }, "geometry": { "type": "LineString", "coordinates": [ [ 355731.719047995749861, 3049598.375302623491734 ], [ 355731.719047995749861, 3049541.115518130362034 ], [ 355674.459263502620161, 3049483.855733637232333 ], [ 355674.459263502620161, 3049397.966056897770613 ], [ 355617.19947900949046, 3049340.706272404640913 ], [ 355703.089155749185011, 3049254.816595665179193 ], [ 355846.238616981951054, 3049254.816595665179193 ], [ 355989.388078214717098, 3049111.667134432122111 ], [ 356103.907647200918291, 3049111.667134432122111 ], [ 356132.537539447483141, 3049083.037242185790092 ], [ 356161.167431693989784, 3049083.037242185790092 ], [ 356189.797323940554634, 3049111.667134432122111 ], [ 356247.057108433684334, 3049111.667134432122111 ], [ 356275.687000680249184, 3049140.297026678919792 ], [ 356361.576677419885527, 3049140.297026678919792 ], [ 356390.206569666450378, 3049168.926918925251812 ], [ 356390.206569666450378, 3049197.556811172049493 ], [ 356647.875599885417614, 3049455.225841390900314 ], [ 356647.875599885417614, 3049483.855733637232333 ], [ 356676.505492131982464, 3049512.485625884030014 ], [ 356676.505492131982464, 3049541.115518130362034 ], [ 356733.765276625053957, 3049598.375302623491734 ], [ 356762.395168871618807, 3049598.375302623491734 ], [ 356791.025061118183658, 3049627.005194870289415 ], [ 357048.694091337150894, 3049627.005194870289415 ], [ 357077.323983583715744, 3049655.635087116621435 ], [ 357134.583768076787237, 3049655.635087116621435 ], [ 357163.213660323352087, 3049684.264979363419116 ], [ 357249.10333706298843, 3049684.264979363419116 ], [ 357277.73322930955328, 3049712.894871609751135 ], [ 357306.363121556118131, 3049712.894871609751135 ], [ 357334.993013802682981, 3049741.524763856548816 ], [ 357592.662044021650217, 3049741.524763856548816 ], [ 357649.92182851472171, 3049684.264979363419116 ] ] } },
{ "type": "Feature", "properties": { "FID": 34, "STRM_VAL": 1.0, "stream_id": 34, "strahler": 3, "upstream_cells": 233831.0, "length_m": 1752.5274184276 }, "geometry": { "type": "LineString", "coordinates": [ [ 357649.92182851472171, 3049684.264979363419116 ], [ 357649.92182851472171, 3049655.635087116621435 ], [ 357678.55172076128656, 3049627.005194870289415 ], [ 357678.55172076128656, 3049226.186703418381512 ], [ 357649.92182851472171, 3049197.556811172049493 ], [ 357649.92182851472171, 3049168.926918925251812 ], [ 357592.662044021650217, 3049168.926918925251812 ], [ 357478.142475035449024, 3049054.407349938992411 ], [ 357478.142475035449024, 3048853.99810421327129 ], [ 357506.772367281955667, 3048825.36821196693927 ], [ 357506.772367281955667, 3048768.10842747380957 ], [ 357564.032151775085367, 3048710.84864298067987 ], [ 357592.662044021650217, 3048710.84864298067987 ], [ 357649.92182851472171, 3048653.588858487550169 ], [ 357678.55172076128656, 3048653.588858487550169 ], [ 357707.181613007851411, 3048624.958966240752488 ], [ 357735.811505254416261, 3048624.958966240752488 ], [ 357735.811505254416261, 3048510.439397254493088 ], [ 357707.181613007851411, 3048481.809505008161068 ], [ 357707.181613007851411, 3048338.660043775569648 ], [ 357678.55172076128656, 3048310.030151528771967 ], [ 357678.55172076128656, 3048281.400259282439947 ], [ 357649.92182851472171, 3048252.770367035642266 ] ] } },
{ "type": "Feature", "properties": { "FID": 35, "STRM_VAL": 1.0, "stream_id": 35, "strahler": 1, "upstream_cells": 5826.0, "length_m": 1673.58451841479 }, "geometry": { "type": "LineString", "coordinates": [ [ 360484.28116092341952, 3048109.620905803050846 ], [ 360484.28116092341952, 3048080.991013556253165 ], [ 360427.021376430348027, 3048023.731229063123465 ], [ 360427.021376430348027, 3047937.841552323661745 ], [ 360398.391484183783177, 3047909.211660076864064 ], [ 360398.391484183783177, 3047851.951875583734363 ], [ 360369.761591937218327, 3047823.321983337402344 ], [ 360369.761591937218327, 3047794.692091091070324 ], [ 360341.131699690711685, 3047766.062198844272643 ], [ 360341.131699690711685, 3047708.802414351142943 ], [ 360312.501807444146834, 3047680.172522104810923 ], [ 360312.501807444146834, 3047622.912737611681223 ], [ 360283.871915197581984, 3047594.282845364883542 ], [ 360283.871915197581984, 3047537.023060871753842 ], [ 360255.242022951017134, 3047508.393168625421822 ], [ 360255.242022951017134, 3047451.133384132292122 ], [ 360197.982238457945641, 3047393.873599639162421 ], [ 360197.982238457945641, 3047365.24370739236474 ], [ 360169.352346211380791, 3047336.613815146032721 ], [ 360169.352346211380791, 3047050.314892680384219 ], [ 360140.722453964815941, 3047021.685000434052199 ], [ 360140.722453964815941, 3046907.165431447792798 ], [ 360112.09256171825109, 3046878.535539200995117 ], [ 360083.46266947168624, 3046878.535539200995117 ], [ 359940.313208238920197, 3046735.386077968403697 ], [ 359883.053423745848704, 3046735.386077968403697 ] ] } },
{ "type": "Feature", "properties": { "FID": 36, "STRM_VAL": 1.0, "stream_id": 36, "strahler": 2, "upstream_cells": 4265.0, "length_m": 28.62989224656485 }, "geometry": { "type": "LineString", "coordinates": [ [ 317367.663437615323346, 3048252.770367035642266 ], [ 317339.033545368758496, 3048252.770367035642266 ] ] } },
{ "type": "Feature", "properties": { "FID": 37, "STRM_VAL": 1.0, "stream_id": 37, "strahler": 1, "upstream_cells": 15891.0, "length_m": 9826.3615259688031 }, "geometry": { "type": "LineString", "coordinates": [ [ 340013.908204638399184, 3048310.030151528771967 ], [ 339985.278312391834334, 3048310.030151528771967 ], [ 339956.648420145269483, 3048281.400259282439947 ], [ 339870.75874340563314, 3048281.400259282439947 ], [ 339813.49895891250344, 3048224.140474789310247 ], [ 339784.86906666593859, 3048224.140474789310247 ], [ 339698.979389926302247, 3048138.250798049382865 ], [ 339670.349497679737397, 3048138.250798049382865 ], [ 339641.719605433172546, 3048109.620905803050846 ], [ 339613.089713186665904, 3048138.250798049382865 ], [ 339527.200036446971353, 3048138.250798049382865 ], [ 339469.94025195389986, 3048195.510582542512566 ], [ 339441.31035970733501, 3048195.510582542512566 ], [ 339412.68046746077016, 3048166.880690296180546 ], [ 339326.790790721133817, 3048166.880690296180546 ], [ 339298.160898474568967, 3048195.510582542512566 ], [ 339212.271221734932624, 3048195.510582542512566 ], [ 339183.641329488367774, 3048166.880690296180546 ], [ 339126.381544995238073, 3048224.140474789310247 ], [ 339069.12176050216658, 3048224.140474789310247 ], [ 339040.49186825560173, 3048195.510582542512566 ], [ 339011.86197600903688, 3048195.510582542512566 ], [ 338983.23208376247203, 3048166.880690296180546 ], [ 338925.972299269400537, 3048166.880690296180546 ], [ 338897.342407022835687, 3048138.250798049382865 ], [ 338811.452730283199344, 3048138.250798049382865 ], [ 338782.822838036634494, 3048166.880690296180546 ], [ 338668.3032690504333, 3048166.880690296180546 ], [ 338639.67337680386845, 3048195.510582542512566 ], [ 338553.783700064232107, 3048195.510582542512566 ], [ 338525.153807817667257, 3048224.140474789310247 ], [ 338410.634238831466064, 3048224.140474789310247 ], [ 338382.004346584901214, 3048195.510582542512566 ], [ 338296.114669845206663, 3048195.510582542512566 ], [ 338267.48477759870002, 3048166.880690296180546 ], [ 338124.335316365933977, 3048166.880690296180546 ], [ 338095.705424119369127, 3048195.510582542512566 ], [ 338067.075531872804277, 3048195.510582542512566 ], [ 337981.185855133167934, 3048281.400259282439947 ], [ 337838.03639390040189, 3048281.400259282439947 ], [ 337809.40650165383704, 3048252.770367035642266 ], [ 337666.257040421070997, 3048252.770367035642266 ], [ 337608.997255927999504, 3048310.030151528771967 ], [ 337580.367363681434654, 3048310.030151528771967 ], [ 337551.737471434869803, 3048338.660043775569648 ], [ 337494.477686941740103, 3048338.660043775569648 ], [ 337437.21790244866861, 3048281.400259282439947 ], [ 337294.068441215902567, 3048281.400259282439947 ], [ 337236.808656722772866, 3048224.140474789310247 ], [ 337179.548872229701374, 3048224.140474789310247 ], [ 337150.918979983136524, 3048252.770367035642266 ], [ 337093.659195490006823, 3048252.770367035642266 ], [ 337065.029303243500181, 3048281.400259282439947 ], [ 336921.879842010734137, 3048281.400259282439947 ], [ 336893.249949764169287, 3048310.030151528771967 ], [ 336864.620057517604437, 3048310.030151528771967 ], [ 336835.990165271039587, 3048338.660043775569648 ], [ 336807.360273024532944, 3048338.660043775569648 ], [ 336778.730380777968094, 3048367.289936021901667 ], [ 336721.470596284838393, 3048367.289936021901667 ], [ 336635.58091954520205, 3048453.179612761363387 ], [ 336606.9510272986372, 3048453.179612761363387 ], [ 336549.6912428055075, 3048510.439397254493088 ], [ 336492.431458312436007, 3048510.439397254493088 ], [ 336349.281997079669964, 3048367.289936021901667 ], [ 336292.022212586540263, 3048424.549720515031368 ], [ 336263.392320340033621, 3048424.549720515031368 ], [ 336177.50264360033907, 3048510.439397254493088 ], [ 336148.87275135377422, 3048510.439397254493088 ], [ 336091.612966860702727, 3048453.179612761363387 ], [ 336062.983074614137877, 3048453.179612761363387 ], [ 336034.353182367573027, 3048424.549720515031368 ], [ 335862.573828888242133, 3048424.549720515031368 ], [ 335748.05425990204094, 3048539.069289501290768 ], [ 335662.164583162404597, 3048539.069289501290768 ], [ 335633.534690915839747, 3048510.439397254493088 ], [ 335547.645014176203404, 3048510.439397254493088 ], [ 335490.385229683073703, 3048453.179612761363387 ], [ 335375.86566069687251, 3048453.179612761363387 ], [ 335347.23576845030766, 3048481.809505008161068 ], [ 335261.346091710671317, 3048481.809505008161068 ], [ 335232.716199464106467, 3048510.439397254493088 ], [ 335204.086307217541616, 3048510.439397254493088 ], [ 335175.456414971034974, 3048539.069289501290768 ], [ 335146.826522724470124, 3048539.069289501290768 ], [ 335118.196630477905273, 3048567.699181747622788 ], [ 334946.41727699857438, 3048567.699181747622788 ], [ 334917.78738475200953, 3048539.069289501290768 ], [ 334860.527600258938037, 3048539.069289501290768 ], [ 334774.637923519243486, 3048624.958966240752488 ], [ 334746.008031272736844, 3048624.958966240752488 ], [ 334717.378139026171993, 3048653.588858487550169 ], [ 334631.48846228653565, 3048653.588858487550169 ], [ 334602.8585700399708, 3048682.218750733882189 ], [ 334574.22867779340595, 3048682.218750733882189 ], [ 334545.5987855468411, 3048710.84864298067987 ], [ 334516.96889330027625, 3048710.84864298067987 ], [ 334488.339001053769607, 3048739.478535227011889 ], [ 334316.559647574438713, 3048739.478535227011889 ], [ 334230.669970834744163, 3048653.588858487550169 ], [ 334202.04007858823752, 3048653.588858487550169 ], [ 334173.41018634167267, 3048682.218750733882189 ], [ 334173.41018634167267, 3048710.84864298067987 ], [ 334144.78029409510782, 3048739.478535227011889 ], [ 334144.78029409510782, 3048768.10842747380957 ], [ 334116.15040184854297, 3048796.73831972014159 ], [ 334116.15040184854297, 3048825.36821196693927 ], [ 334087.520509602036327, 3048853.99810421327129 ], [ 334087.520509602036327, 3048882.627996460068971 ], [ 334058.890617355471477, 3048882.627996460068971 ], [ 334030.260725108906627, 3048911.25788870640099 ], [ 333973.000940615776926, 3048911.25788870640099 ], [ 333944.371048369270284, 3048939.88778095273301 ], [ 333915.741156122705434, 3048939.88778095273301 ], [ 333887.111263876140583, 3048968.517673199530691 ], [ 333858.481371629575733, 3048968.517673199530691 ], [ 333715.33191039680969, 3049111.667134432122111 ], [ 333715.33191039680969, 3049168.926918925251812 ], [ 333801.22158713650424, 3049254.816595665179193 ], [ 333801.22158713650424, 3049340.706272404640913 ], [ 333743.96180264337454, 3049397.966056897770613 ], [ 333743.96180264337454, 3049426.595949144568294 ], [ 333686.702018150303047, 3049483.855733637232333 ], [ 333686.702018150303047, 3049512.485625884030014 ], [ 333600.812341410608497, 3049598.375302623491734 ], [ 333600.812341410608497, 3049627.005194870289415 ], [ 333572.182449164043646, 3049655.635087116621435 ], [ 333572.182449164043646, 3049970.563901829067618 ], [ 333543.552556917537004, 3049999.193794075399637 ], [ 333543.552556917537004, 3050027.823686321731657 ], [ 333514.922664670972154, 3050056.453578568529338 ], [ 333514.922664670972154, 3050199.603039801120758 ], [ 333486.292772424407303, 3050228.232932047918439 ], [ 333486.292772424407303, 3050457.272070020437241 ], [ 333514.922664670972154, 3050485.90196226676926 ], [ 333514.922664670972154, 3050514.531854513566941 ], [ 333429.032987931277603, 3050600.421531253028661 ], [ 333429.032987931277603, 3050714.941100239288062 ], [ 333400.40309568477096, 3050743.570992485620081 ], [ 333400.40309568477096, 3050772.200884732417762 ], [ 333371.77320343820611, 3050800.830776978749782 ], [ 333371.77320343820611, 3050886.720453718677163 ], [ 333400.40309568477096, 3050915.350345965009183 ], [ 333400.40309568477096, 3051029.869914951268584 ], [ 333429.032987931277603, 3051058.499807198066264 ], [ 333429.032987931277603, 3051173.019376183860004 ] ] } },
{ "type": "Feature", "properties": { "FID": 38, "STRM_VAL": 1.0, "stream_id": 38, "strahler": 2, "upstream_cells": 33088.0, "length_m": 97.748566397666664 }, "geometry": { "type": "LineString", "coordinates": [ [ 333429.032987931277603, 3051173.019376183860004 ], [ 333457.662880177842453, 3051201.649268430657685 ], [ 333457.662880177842453, 3051258.909052923787385 ] ] } },
{ "type": "Feature", "properties": { "FID": 39, "STRM_VAL": 1.0, "stream_id": 39, "strahler": 3, "upstream_cells": 59059.0, "length_m": 13433.23425681182 }, "geometry": { "type": "LineString", "coordinates": [ [ 333457.662880177842453, 3051258.909052923787385 ], [ 333457.662880177842453, 3051344.798729663249105 ], [ 333429.032987931277603, 3051373.428621910046786 ], [ 333429.032987931277603, 3051402.058514156378806 ], [ 333400.40309568477096, 3051430.688406403176486 ], [ 333400.40309568477096, 3051487.948190896306187 ], [ 333371.77320343820611, 3051516.578083142638206 ], [ 333371.77320343820611, 3051545.207975389435887 ], [ 333343.14331119164126, 3051573.837867635767907 ], [ 333343.14331119164126, 3051602.467759882099926 ], [ 333314.51341894507641, 3051631.097652128897607 ], [ 333314.51341894507641, 3051774.247113361489028 ], [ 333285.883526698569767, 3051802.877005608286709 ], [ 333285.883526698569767, 3051860.136790101416409 ], [ 333257.253634452004917, 3051888.766682347748429 ], [ 333257.253634452004917, 3052031.91614358080551 ], [ 333314.51341894507641, 3052089.175928073935211 ], [ 333314.51341894507641, 3052289.585173799656332 ], [ 333343.14331119164126, 3052318.215066045988351 ], [ 333343.14331119164126, 3052489.994419525377452 ], [ 333314.51341894507641, 3052518.624311772175133 ], [ 333314.51341894507641, 3052661.773773004766554 ], [ 333343.14331119164126, 3052690.403665251098573 ], [ 333343.14331119164126, 3052747.663449744228274 ], [ 333400.40309568477096, 3052804.923234237357974 ], [ 333400.40309568477096, 3052890.812910977285355 ], [ 333514.922664670972154, 3052890.812910977285355 ], [ 333572.182449164043646, 3052948.072695470415056 ], [ 333572.182449164043646, 3053033.962372209876776 ], [ 333543.552556917537004, 3053062.592264456674457 ], [ 333543.552556917537004, 3053119.852048949804157 ], [ 333572.182449164043646, 3053148.481941196136177 ], [ 333572.182449164043646, 3053205.741725689265877 ], [ 333600.812341410608497, 3053234.371617935597897 ], [ 333600.812341410608497, 3053348.891186921857297 ], [ 333686.702018150303047, 3053434.780863661784679 ], [ 333743.96180264337454, 3053434.780863661784679 ], [ 333743.96180264337454, 3053463.410755908116698 ], [ 333772.59169488993939, 3053492.040648154914379 ], [ 333801.22158713650424, 3053492.040648154914379 ], [ 333801.22158713650424, 3053520.670540401246399 ], [ 333772.59169488993939, 3053549.30043264804408 ], [ 333829.851479383069091, 3053606.56021714117378 ], [ 333829.851479383069091, 3053635.1901093875058 ], [ 333801.22158713650424, 3053663.82000163430348 ], [ 333801.22158713650424, 3053978.748816346284002 ], [ 333915.741156122705434, 3054093.268385332543403 ], [ 333915.741156122705434, 3054121.898277578875422 ], [ 333944.371048369270284, 3054150.528169825673103 ], [ 333944.371048369270284, 3054179.158062072005123 ], [ 333973.000940615776926, 3054207.787954318802804 ], [ 334001.630832862341776, 3054207.787954318802804 ], [ 334116.15040184854297, 3054322.307523304596543 ], [ 334116.15040184854297, 3054436.827092290855944 ], [ 334087.520509602036327, 3054465.456984537653625 ], [ 334087.520509602036327, 3054522.716769030783325 ], [ 334116.15040184854297, 3054551.346661277115345 ], [ 334116.15040184854297, 3054608.606445770245045 ], [ 334058.890617355471477, 3054665.866230263374746 ], [ 334030.260725108906627, 3054665.866230263374746 ], [ 334030.260725108906627, 3054694.496122510172427 ], [ 333915.741156122705434, 3054809.015691496431828 ], [ 333715.33191039680969, 3054809.015691496431828 ], [ 333658.072125903738197, 3054866.275475989095867 ], [ 333629.442233657173347, 3054866.275475989095867 ], [ 333629.442233657173347, 3054923.535260482225567 ], [ 333486.292772424407303, 3055066.684721715282649 ], [ 333457.662880177842453, 3055066.684721715282649 ], [ 333343.14331119164126, 3055181.20429070154205 ], [ 333343.14331119164126, 3055267.09396744100377 ], [ 333429.032987931277603, 3055352.983644180931151 ], [ 333343.14331119164126, 3055438.873320920392871 ], [ 333343.14331119164126, 3055467.50321316672489 ], [ 333314.51341894507641, 3055496.133105413522571 ], [ 333314.51341894507641, 3055610.652674399781972 ], [ 333257.253634452004917, 3055667.912458892911673 ], [ 333257.253634452004917, 3055782.432027879171073 ], [ 333314.51341894507641, 3055839.691812372300774 ], [ 333314.51341894507641, 3055896.951596865430474 ], [ 333285.883526698569767, 3055925.581489111762494 ], [ 333285.883526698569767, 3055954.211381358094513 ], [ 333228.623742205440067, 3056011.471165851224214 ], [ 333228.623742205440067, 3056068.730950344353914 ], [ 333257.253634452004917, 3056097.360842591151595 ], [ 333257.253634452004917, 3056355.029872810002416 ], [ 333228.623742205440067, 3056383.659765056800097 ], [ 333228.623742205440067, 3056498.179334042593837 ], [ 333199.993849958875217, 3056526.809226289391518 ], [ 333199.993849958875217, 3056584.069010782521218 ], [ 333257.253634452004917, 3056641.328795275650918 ], [ 333257.253634452004917, 3056698.588579768780619 ], [ 333314.51341894507641, 3056755.848364261910319 ], [ 333314.51341894507641, 3056841.738041001372039 ], [ 333371.77320343820611, 3056841.738041001372039 ], [ 333400.40309568477096, 3056870.36793324816972 ], [ 333400.40309568477096, 3056898.99782549450174 ], [ 333429.032987931277603, 3056927.627717741299421 ], [ 333429.032987931277603, 3057042.14728672709316 ], [ 333400.40309568477096, 3057070.777178973890841 ], [ 333400.40309568477096, 3057099.407071220222861 ], [ 333228.623742205440067, 3057271.186424699611962 ], [ 333228.623742205440067, 3057385.705993685871363 ], [ 333257.253634452004917, 3057414.335885932669044 ], [ 333257.253634452004917, 3057471.595670425798744 ], [ 333228.623742205440067, 3057500.225562672130764 ], [ 333142.734065465803724, 3057500.225562672130764 ], [ 333114.104173219238874, 3057528.855454918928444 ], [ 333114.104173219238874, 3057557.485347165260464 ], [ 332999.58460423303768, 3057672.004916151519865 ], [ 332999.58460423303768, 3057700.634808397851884 ], [ 332970.95471198647283, 3057729.264700644649565 ], [ 332999.58460423303768, 3057757.894592890981585 ], [ 332999.58460423303768, 3057786.524485137779266 ], [ 333085.474280972674023, 3057872.414161877240986 ], [ 333114.104173219238874, 3057872.414161877240986 ], [ 333114.104173219238874, 3058015.563623110298067 ], [ 333199.993849958875217, 3058101.453299849759787 ], [ 333171.363957712310366, 3058130.083192096091807 ], [ 333171.363957712310366, 3058244.602761082351208 ], [ 333228.623742205440067, 3058301.862545575480908 ], [ 333257.253634452004917, 3058301.862545575480908 ], [ 333343.14331119164126, 3058387.752222315408289 ], [ 333343.14331119164126, 3058416.382114561740309 ], [ 333400.40309568477096, 3058473.641899054870009 ], [ 333400.40309568477096, 3058588.16146804112941 ], [ 333457.662880177842453, 3058645.421252534259111 ], [ 333457.662880177842453, 3058702.681037027388811 ], [ 333429.032987931277603, 3058731.310929273720831 ], [ 333429.032987931277603, 3058874.460390506777912 ], [ 333400.40309568477096, 3058903.090282753109932 ], [ 333400.40309568477096, 3059046.239743986167014 ], [ 333371.77320343820611, 3059074.869636232499033 ], [ 333400.40309568477096, 3059103.499528479296714 ], [ 333400.40309568477096, 3059160.759312972426414 ], [ 333457.662880177842453, 3059218.019097465090454 ], [ 333486.292772424407303, 3059218.019097465090454 ], [ 333543.552556917537004, 3059275.278881958220154 ], [ 333543.552556917537004, 3059389.798450944479555 ], [ 333600.812341410608497, 3059447.058235437609255 ], [ 333600.812341410608497, 3059676.097373410128057 ], [ 333543.552556917537004, 3059733.357157903257757 ], [ 333543.552556917537004, 3059819.246834642719477 ], [ 333514.922664670972154, 3059847.876726889517158 ], [ 333514.922664670972154, 3059991.026188122108579 ], [ 333486.292772424407303, 3059991.026188122108579 ], [ 333457.662880177842453, 3060019.65608036890626 ], [ 333457.662880177842453, 3060048.285972615238279 ], [ 333486.292772424407303, 3060076.91586486203596 ], [ 333514.922664670972154, 3060076.91586486203596 ], [ 333514.922664670972154, 3060105.54575710836798 ], [ 333486.292772424407303, 3060134.17564935516566 ], [ 333486.292772424407303, 3060162.80554160149768 ], [ 333400.40309568477096, 3060248.695218341425061 ], [ 333343.14331119164126, 3060248.695218341425061 ], [ 333285.883526698569767, 3060305.9550028340891 ], [ 333285.883526698569767, 3060363.214787327218801 ], [ 333142.734065465803724, 3060506.364248560275882 ], [ 333142.734065465803724, 3060592.253925299737602 ], [ 333114.104173219238874, 3060620.883817546535283 ], [ 333114.104173219238874, 3060792.663171025924385 ], [ 333085.474280972674023, 3060821.293063272256404 ], [ 333085.474280972674023, 3060907.182740011718124 ], [ 333028.214496479544323, 3060964.442524504847825 ], [ 332970.95471198647283, 3060964.442524504847825 ], [ 332942.32481973990798, 3060935.812632258515805 ], [ 332856.435143000271637, 3060935.812632258515805 ], [ 332799.175358507141937, 3060993.072416751645505 ], [ 332684.655789520940743, 3060993.072416751645505 ], [ 332656.025897274375893, 3061021.702308997977525 ], [ 332656.025897274375893, 3061050.332201244775206 ], [ 332627.396005027811043, 3061078.962093491107225 ], [ 332627.396005027811043, 3061107.591985737904906 ], [ 332455.616651548538357, 3061279.371339217294008 ], [ 332455.616651548538357, 3061308.001231463626027 ], [ 332426.986759301973507, 3061336.631123710423708 ], [ 332341.097082562278956, 3061336.631123710423708 ], [ 332312.467190315772314, 3061308.001231463626027 ], [ 332226.577513576077763, 3061308.001231463626027 ], [ 332197.94762132957112, 3061279.371339217294008 ], [ 332083.42805234331172, 3061279.371339217294008 ] ] } },
{ "type": "Feature", "properties": { "FID": 40, "STRM_VAL": 1.0, "stream_id": 40, "strahler": 4, "upstream_cells": 718226.0, "length_m": 3327.5205851056876 }, "geometry": { "type": "LineString", "coordinates": [ [ 332083.42805234331172, 3061279.371339217294008 ], [ 332083.42805234331172, 3061107.591985737904906 ], [ 332054.798160096805077, 3061078.962093491107225 ], [ 332054.798160096805077, 3060907.182740011718124 ], [ 331940.278591110545676, 3060792.663171025924385 ], [ 331911.648698864039034, 3060792.663171025924385 ], [ 331854.388914370909333, 3060735.403386532794684 ], [ 331825.759022124344483, 3060735.403386532794684 ], [ 331711.23945313814329, 3060620.883817546535283 ], [ 331711.23945313814329, 3060563.624033053405583 ], [ 331682.60956089157844, 3060534.994140806607902 ], [ 331682.60956089157844, 3060334.584895080886781 ], [ 331539.460099658812396, 3060191.435433848295361 ], [ 331539.460099658812396, 3060162.80554160149768 ], [ 331396.310638426046353, 3060019.65608036890626 ], [ 331339.05085393297486, 3060019.65608036890626 ], [ 331339.05085393297486, 3059991.026188122108579 ], [ 331195.901392700208817, 3059847.876726889517158 ], [ 331195.901392700208817, 3059819.246834642719477 ], [ 331110.011715960572474, 3059733.357157903257757 ], [ 331110.011715960572474, 3059475.688127684406936 ], [ 331052.751931467442773, 3059418.428343191277236 ], [ 331081.381823714007623, 3059389.798450944479555 ], [ 331081.381823714007623, 3059332.538666451349854 ], [ 331052.751931467442773, 3059303.908774205017835 ], [ 331081.381823714007623, 3059275.278881958220154 ], [ 331081.381823714007623, 3059074.869636232499033 ], [ 330995.492146974313073, 3058988.979959493037313 ], [ 330852.342685741605237, 3058988.979959493037313 ], [ 330795.082901248475537, 3059046.239743986167014 ], [ 330709.193224508839194, 3059046.239743986167014 ], [ 330594.673655522579793, 3058931.720175 ] ] } },
{ "type": "Feature", "properties": { "FID": 41, "STRM_VAL": 1.0, "stream_id": 41, "strahler": 4, "upstream_cells": 744307.0, "length_m": 6715.1784038395908 }, "geometry": { "type": "LineString", "coordinates": [ [ 330594.673655522579793, 3058931.720175 ], [ 330594.673655522579793, 3058817.200606013648212 ], [ 330651.933440015709493, 3058759.940821520518512 ], [ 330651.933440015709493, 3058502.27179130166769 ], [ 330680.563332262274344, 3058473.641899054870009 ], [ 330680.563332262274344, 3058445.01200680853799 ], [ 330823.712793495040387, 3058301.862545575480908 ], [ 330880.97257798811188, 3058301.862545575480908 ], [ 330966.86225472780643, 3058215.972868836019188 ], [ 330966.86225472780643, 3058187.342976589221507 ], [ 331024.122039220877923, 3058130.083192096091807 ], [ 331081.381823714007623, 3058130.083192096091807 ], [ 331110.011715960572474, 3058101.453299849759787 ], [ 331138.641608207079116, 3058101.453299849759787 ], [ 331224.531284946773667, 3058015.563623110298067 ], [ 331281.79106943984516, 3058015.563623110298067 ], [ 331367.68074617953971, 3057929.673946370370686 ], [ 331424.940530672611203, 3057929.673946370370686 ], [ 331453.570422919176053, 3057901.044054124038666 ], [ 331482.200315165740903, 3057901.044054124038666 ], [ 331510.830207412305754, 3057872.414161877240986 ], [ 331510.830207412305754, 3057614.745131658390164 ], [ 331568.089991905377246, 3057557.485347165260464 ], [ 331596.719884151942097, 3057557.485347165260464 ], [ 331711.23945313814329, 3057442.965778179001063 ], [ 331711.23945313814329, 3057070.777178973890841 ], [ 331596.719884151942097, 3056956.25760998763144 ], [ 331596.719884151942097, 3056669.958687521982938 ], [ 331568.089991905377246, 3056641.328795275650918 ], [ 331568.089991905377246, 3056612.698903028853238 ], [ 331596.719884151942097, 3056584.069010782521218 ], [ 331596.719884151942097, 3056498.179334042593837 ], [ 331539.460099658812396, 3056440.919549549929798 ], [ 331539.460099658812396, 3056383.659765056800097 ], [ 331482.200315165740903, 3056326.399980563670397 ], [ 331482.200315165740903, 3056269.140196070540696 ], [ 331510.830207412305754, 3056240.510303823743016 ], [ 331482.200315165740903, 3056211.880411577410996 ], [ 331482.200315165740903, 3056183.250519330613315 ], [ 331453.570422919176053, 3056154.620627084281296 ], [ 331453.570422919176053, 3055896.951596865430474 ], [ 331482.200315165740903, 3055868.321704618632793 ], [ 331482.200315165740903, 3055811.061920125503093 ], [ 331510.830207412305754, 3055782.432027879171073 ], [ 331510.830207412305754, 3055639.282566646113992 ], [ 331539.460099658812396, 3055610.652674399781972 ], [ 331539.460099658812396, 3055496.133105413522571 ], [ 331510.830207412305754, 3055467.50321316672489 ], [ 331424.940530672611203, 3055467.50321316672489 ], [ 331396.310638426046353, 3055438.873320920392871 ], [ 331367.68074617953971, 3055438.873320920392871 ], [ 331339.05085393297486, 3055410.24342867359519 ], [ 331339.05085393297486, 3055295.72385968780145 ], [ 331539.460099658812396, 3055095.314613961614668 ], [ 331539.460099658812396, 3055038.054829468484968 ], [ 331653.979668645071797, 3054923.535260482225567 ], [ 331653.979668645071797, 3054837.645583742763847 ], [ 331625.349776398506947, 3054809.015691496431828 ], [ 331625.349776398506947, 3054694.496122510172427 ], [ 331682.60956089157844, 3054637.236338017042726 ], [ 331682.60956089157844, 3054551.346661277115345 ], [ 331625.349776398506947, 3054494.086876783985645 ], [ 331625.349776398506947, 3054465.456984537653625 ], [ 331568.089991905377246, 3054408.197200044523925 ], [ 331539.460099658812396, 3054408.197200044523925 ], [ 331396.310638426046353, 3054265.047738811932504 ], [ 331396.310638426046353, 3054121.898277578875422 ], [ 331424.940530672611203, 3054093.268385332543403 ], [ 331424.940530672611203, 3054064.638493085745722 ], [ 331396.310638426046353, 3054036.008600839413702 ], [ 331396.310638426046353, 3053921.489031853154302 ], [ 331253.161177193338517, 3053778.33957062009722 ], [ 331138.641608207079116, 3053892.859139606356621 ], [ 331110.011715960572474, 3053892.859139606356621 ] ] } },
{ "type": "Feature", "properties": { "FID": 42, "STRM_VAL": 1.0, "stream_id": 42, "strahler": 4, "upstream_cells": 767439.0, "length_m": 2445.7488237317125 }, "geometry": { "type": "LineString", "coordinates": [ [ 331110.011715960572474, 3053892.859139606356621 ], [ 330938.23236248124158, 3053721.079786127433181 ], [ 330938.23236248124158, 3053663.82000163430348 ], [ 330880.97257798811188, 3053606.56021714117378 ], [ 330880.97257798811188, 3053549.30043264804408 ], [ 330852.342685741605237, 3053520.670540401246399 ], [ 330852.342685741605237, 3053492.040648154914379 ], [ 330823.712793495040387, 3053492.040648154914379 ], [ 330795.082901248475537, 3053520.670540401246399 ], [ 330680.563332262274344, 3053520.670540401246399 ], [ 330623.303547769144643, 3053577.930324894376099 ], [ 330594.673655522579793, 3053577.930324894376099 ], [ 330566.04376327607315, 3053606.56021714117378 ], [ 330422.894302043307107, 3053606.56021714117378 ], [ 330394.264409796742257, 3053635.1901093875058 ], [ 330365.634517550177407, 3053635.1901093875058 ], [ 330251.114948563976213, 3053520.670540401246399 ], [ 330251.114948563976213, 3053434.780863661784679 ], [ 330337.004625303612556, 3053348.891186921857297 ], [ 330337.004625303612556, 3053263.001510182395577 ], [ 330308.374733057105914, 3053234.371617935597897 ], [ 330308.374733057105914, 3053119.852048949804157 ], [ 330222.485056317411363, 3053033.962372209876776 ], [ 330222.485056317411363, 3052804.923234237357974 ], [ 330337.004625303612556, 3052690.403665251098573 ], [ 330337.004625303612556, 3052461.364527279045433 ], [ 330308.374733057105914, 3052432.734635032247752 ] ] } },
{ "type": "Feature", "properties": { "FID": 43, "STRM_VAL": 1.0, "stream_id": 43, "strahler": 4, "upstream_cells": 774486.0, "length_m": 40.488781904207691 }, "geometry": { "type": "LineString", "coordinates": [ [ 330308.374733057105914, 3052432.734635032247752 ], [ 330279.744840810541064, 3052404.104742785915732 ] ] } },
{ "type": "Feature", "properties": { "FID": 44, "STRM_VAL": 1.0, "stream_id": 44, "strahler": 4, "upstream_cells": 796746.0, "length_m": 934.11943293511604 }, "geometry": { "type": "LineString", "coordinates": [ [ 330279.744840810541064, 3052404.104742785915732 ], [ 330279.744840810541064, 3052346.844958292786032 ], [ 330193.855164070846513, 3052260.955281552858651 ], [ 330165.22527182433987, 3052260.955281552858651 ], [ 330136.59537957777502, 3052232.325389306526631 ], [ 330079.33559508464532, 3052232.325389306526631 ], [ 330050.70570283808047, 3052203.69549705972895 ], [ 329993.445918345008977, 3052203.69549705972895 ], [ 329735.77688812604174, 3051946.026466840878129 ], [ 329735.77688812604174, 3051917.396574594546109 ], [ 329707.14699587947689, 3051917.396574594546109 ], [ 329649.88721138634719, 3051860.136790101416409 ], [ 329621.257319139840547, 3051860.136790101416409 ] ] } },
{ "type": "Feature", "properties": { "FID": 45, "STRM_VAL": 1.0, "stream_id": 45, "strahler": 4, "upstream_cells": 805843.0, "length_m": 4006.0056516174118 }, "geometry": { "type": "LineString", "coordinates": [ [ 329621.257319139840547, 3051860.136790101416409 ], [ 329535.367642400145996, 3051774.247113361489028 ], [ 329535.367642400145996, 3051745.617221115157008 ], [ 329506.737750153581146, 3051716.987328868359327 ], [ 329506.737750153581146, 3051659.727544375229627 ], [ 329449.477965660509653, 3051602.467759882099926 ], [ 329449.477965660509653, 3051573.837867635767907 ], [ 329392.218181167379953, 3051516.578083142638206 ], [ 329392.218181167379953, 3051459.318298649508506 ], [ 329277.69861218117876, 3051344.798729663249105 ], [ 329249.06871993461391, 3051344.798729663249105 ], [ 329220.438827688107267, 3051316.168837416917086 ], [ 329191.808935441542417, 3051316.168837416917086 ], [ 329105.919258701847866, 3051230.279160676989704 ], [ 329105.919258701847866, 3051201.649268430657685 ], [ 329077.289366455341224, 3051173.019376183860004 ], [ 329077.289366455341224, 3051144.389483937527984 ], [ 329020.029581962211523, 3051087.129699444398284 ], [ 329020.029581962211523, 3051058.499807198066264 ], [ 328962.769797469081823, 3051001.240022704936564 ], [ 328962.769797469081823, 3050972.610130458138883 ], [ 328934.13990522257518, 3050943.980238211806864 ], [ 328934.13990522257518, 3050915.350345965009183 ], [ 328876.88012072944548, 3050858.090561471879482 ], [ 328848.25022848288063, 3050858.090561471879482 ], [ 328790.990443989809137, 3050800.830776978749782 ], [ 328705.100767250114586, 3050800.830776978749782 ], [ 328676.470875003607944, 3050829.460669225547463 ], [ 328647.840982757043093, 3050829.460669225547463 ], [ 328619.211090510478243, 3050858.090561471879482 ], [ 328504.69152152427705, 3050858.090561471879482 ], [ 328447.43173703114735, 3050800.830776978749782 ], [ 328390.171952538075857, 3050800.830776978749782 ], [ 328361.542060291511007, 3050772.200884732417762 ], [ 328275.652383551874664, 3050772.200884732417762 ], [ 328247.022491305309813, 3050800.830776978749782 ], [ 328247.022491305309813, 3050829.460669225547463 ], [ 328189.762706812180113, 3050886.720453718677163 ], [ 328161.132814565615263, 3050886.720453718677163 ], [ 328103.87303007254377, 3050943.980238211806864 ], [ 328046.61324557941407, 3050943.980238211806864 ], [ 327960.723568839777727, 3050858.090561471879482 ], [ 327932.093676593212876, 3050858.090561471879482 ], [ 327903.463784346648026, 3050829.460669225547463 ], [ 327874.833892100141384, 3050829.460669225547463 ], [ 327846.203999853576533, 3050800.830776978749782 ], [ 327760.314323113881983, 3050800.830776978749782 ], [ 327674.42464637424564, 3050714.941100239288062 ], [ 327645.79475412768079, 3050714.941100239288062 ], [ 327502.645292894914746, 3050571.79163900623098 ], [ 327502.645292894914746, 3050514.531854513566941 ], [ 327474.015400648349896, 3050485.90196226676926 ], [ 327474.015400648349896, 3050457.272070020437241 ], [ 327388.125723908713553, 3050371.382393280509859 ], [ 327388.125723908713553, 3050342.75250103417784 ], [ 327302.23604716907721, 3050256.862824294250458 ], [ 327302.23604716907721, 3050199.603039801120758 ], [ 327244.97626267594751, 3050142.343255307991058 ], [ 327244.97626267594751, 3050113.713363061659038 ], [ 327216.346370429382659, 3050085.083470814861357 ], [ 327273.60615492251236, 3050027.823686321731657 ], [ 327273.60615492251236, 3049999.193794075399637 ], [ 327244.97626267594751, 3049970.563901829067618 ], [ 327244.97626267594751, 3049941.934009582269937 ], [ 327302.23604716907721, 3049884.674225089140236 ], [ 327302.23604716907721, 3049827.414440596010536 ], [ 327330.86593941564206, 3049798.784548349678516 ] ] } },
{ "type": "Feature", "properties": { "FID": 46, "STRM_VAL": 1.0, "stream_id": 46, "strahler": 4, "upstream_cells": 824352.0, "length_m": 3820.3327446841572 }, "geometry": { "type": "LineString", "coordinates": [ [ 327330.86593941564206, 3049798.784548349678516 ], [ 327330.86593941564206, 3049770.154656102880836 ], [ 327302.23604716907721, 3049770.154656102880836 ], [ 327244.97626267594751, 3049712.894871609751135 ], [ 327244.97626267594751, 3049684.264979363419116 ], [ 327044.567016950109974, 3049483.855733637232333 ], [ 327044.567016950109974, 3049426.595949144568294 ], [ 327015.937124703545123, 3049397.966056897770613 ], [ 327015.937124703545123, 3049369.336164651438594 ], [ 326987.307232456980273, 3049340.706272404640913 ], [ 326987.307232456980273, 3049168.926918925251812 ], [ 326930.047447963850573, 3049111.667134432122111 ], [ 326930.047447963850573, 3049083.037242185790092 ], [ 326815.52787897764938, 3048968.517673199530691 ], [ 326815.52787897764938, 3048882.627996460068971 ], [ 326872.78766347077908, 3048825.36821196693927 ], [ 326872.78766347077908, 3048739.478535227011889 ], [ 326901.41755571734393, 3048710.84864298067987 ], [ 326901.41755571734393, 3048653.588858487550169 ], [ 326615.118633251811843, 3048367.289936021901667 ], [ 326443.33927977248095, 3048367.289936021901667 ], [ 326414.7093875259161, 3048395.919828268233687 ], [ 326242.930034046643414, 3048395.919828268233687 ], [ 326214.300141800078563, 3048367.289936021901667 ], [ 326214.300141800078563, 3048338.660043775569648 ], [ 326042.52078832074767, 3048166.880690296180546 ], [ 326042.52078832074767, 3048080.991013556253165 ], [ 325956.631111581111327, 3047995.101336816791445 ], [ 325956.631111581111327, 3047966.471444569993764 ], [ 325928.001219334546477, 3047937.841552323661745 ], [ 325899.371327087981626, 3047937.841552323661745 ], [ 325756.221865855215583, 3047794.692091091070324 ], [ 325756.221865855215583, 3047737.432306597940624 ], [ 325698.96208136214409, 3047680.172522104810923 ], [ 325698.96208136214409, 3047651.542629858013242 ], [ 325613.07240462244954, 3047565.652953118551522 ], [ 325613.07240462244954, 3047508.393168625421822 ], [ 325584.442512375884689, 3047479.763276378624141 ], [ 325584.442512375884689, 3047422.503491885494441 ], [ 325469.922943389683496, 3047307.98392289923504 ], [ 325441.293051143118646, 3047307.98392289923504 ], [ 325412.663158896612003, 3047279.35403065290302 ], [ 325384.033266650047153, 3047279.35403065290302 ], [ 325384.033266650047153, 3047250.724138406571001 ], [ 325355.403374403482303, 3047222.09424615977332 ], [ 325355.403374403482303, 3047193.4643539134413 ] ] } },
{ "type": "Feature", "properties": { "FID": 47, "STRM_VAL": 1.0, "stream_id": 47, "strahler": 1, "upstream_cells": 5690.0, "length_m": 2252.2863547332895 }, "geometry": { "type": "LineString", "coordinates": [ [ 347400.420404248929117, 3048338.660043775569648 ], [ 347400.420404248929117, 3048453.179612761363387 ], [ 347457.680188742058817, 3048510.439397254493088 ], [ 347457.680188742058817, 3048567.699181747622788 ], [ 347572.19975772826001, 3048682.218750733882189 ], [ 347600.829649974824861, 3048682.218750733882189 ], [ 347715.349218961026054, 3048796.73831972014159 ], [ 347715.349218961026054, 3048825.36821196693927 ], [ 347772.609003454097547, 3048882.627996460068971 ], [ 347772.609003454097547, 3048911.25788870640099 ], [ 347858.498680193792097, 3048997.14756544586271 ], [ 347858.498680193792097, 3049025.777457692660391 ], [ 347915.75846468686359, 3049083.037242185790092 ], [ 347944.38835693342844, 3049083.037242185790092 ], [ 347973.01824917999329, 3049111.667134432122111 ], [ 348087.537818166194484, 3049111.667134432122111 ], [ 348144.797602659324184, 3049168.926918925251812 ], [ 348144.797602659324184, 3049226.186703418381512 ], [ 348173.427494905830827, 3049254.816595665179193 ], [ 348173.427494905830827, 3049340.706272404640913 ], [ 348202.057387152395677, 3049369.336164651438594 ], [ 348230.687279398960527, 3049369.336164651438594 ], [ 348345.20684838516172, 3049483.855733637232333 ], [ 348345.20684838516172, 3049541.115518130362034 ], [ 348373.83674063172657, 3049569.745410377159715 ], [ 348373.83674063172657, 3049598.375302623491734 ], [ 348431.096525124856271, 3049655.635087116621435 ], [ 348431.096525124856271, 3049684.264979363419116 ], [ 348459.726417371362913, 3049712.894871609751135 ], [ 348459.726417371362913, 3049741.524763856548816 ], [ 348488.356309617927764, 3049770.154656102880836 ], [ 348488.356309617927764, 3049856.044332842808217 ], [ 348516.986201864492614, 3049884.674225089140236 ], [ 348516.986201864492614, 3049941.934009582269937 ], [ 348545.616094111057464, 3049970.563901829067618 ], [ 348545.616094111057464, 3049999.193794075399637 ] ] } },
{ "type": "Feature", "properties": { "FID": 48, "STRM_VAL": 1.0, "stream_id": 48, "strahler": 2, "upstream_cells": 34852.0, "length_m": 3001.5756660744037 }, "geometry": { "type": "LineString", "coordinates": [ [ 348545.616094111057464, 3049999.193794075399637 ], [ 348631.505770850693807, 3050085.083470814861357 ], [ 348660.135663097258657, 3050085.083470814861357 ], [ 348688.765555343823507, 3050056.453578568529338 ], [ 348717.39544759033015, 3050085.083470814861357 ], [ 349060.954154548991937, 3050085.083470814861357 ], [ 349089.584046795556787, 3050113.713363061659038 ], [ 349175.47372353519313, 3050113.713363061659038 ], [ 349232.733508028322831, 3050170.973147554788738 ], [ 349289.993292521394324, 3050170.973147554788738 ], [ 349318.623184767959174, 3050199.603039801120758 ], [ 349404.512861507595517, 3050199.603039801120758 ], [ 349433.142753754160367, 3050228.232932047918439 ], [ 349547.66232274036156, 3050228.232932047918439 ], [ 349604.922107233491261, 3050285.492716541048139 ], [ 349833.961245205893647, 3050285.492716541048139 ], [ 349862.591137452458497, 3050314.122608787380159 ], [ 350091.630275424860884, 3050314.122608787380159 ], [ 350177.519952164555434, 3050400.01228552730754 ], [ 350263.409628904191777, 3050400.01228552730754 ], [ 350349.29930564382812, 3050485.90196226676926 ], [ 350377.92919789039297, 3050485.90196226676926 ], [ 350435.188982383522671, 3050543.161746759898961 ], [ 350492.448766876594163, 3050543.161746759898961 ], [ 350521.078659123159014, 3050571.79163900623098 ], [ 350521.078659123159014, 3050600.421531253028661 ], [ 350606.968335862853564, 3050600.421531253028661 ], [ 350664.228120355925057, 3050657.681315746158361 ], [ 350692.858012602489907, 3050657.681315746158361 ], [ 350750.1177970955614, 3050714.941100239288062 ], [ 350778.74768934212625, 3050714.941100239288062 ], [ 350807.3775815886911, 3050743.570992485620081 ], [ 350864.637366081820801, 3050743.570992485620081 ], [ 350893.267258328327443, 3050772.200884732417762 ], [ 350921.897150574892294, 3050772.200884732417762 ], [ 350979.156935068021994, 3050829.460669225547463 ], [ 351036.416719561093487, 3050829.460669225547463 ], [ 351065.046611807658337, 3050858.090561471879482 ], [ 351150.936288547352888, 3050858.090561471879482 ] ] } },
{ "type": "Feature", "properties": { "FID": 49, "STRM_VAL": 1.0, "stream_id": 49, "strahler": 3, "upstream_cells": 93564.0, "length_m": 316.96347850808991 }, "geometry": { "type": "LineString", "coordinates": [ [ 351150.936288547352888, 3050858.090561471879482 ], [ 351179.56618079385953, 3050858.090561471879482 ], [ 351322.715642026625574, 3050714.941100239288062 ], [ 351322.715642026625574, 3050629.051423499360681 ] ] } },
{ "type": "Feature", "properties": { "FID": 50, "STRM_VAL": 1.0, "stream_id": 50, "strahler": 3, "upstream_cells": 104561.0, "length_m": 3129.1460031754614 }, "geometry": { "type": "LineString", "coordinates": [ [ 351322.715642026625574, 3050629.051423499360681 ], [ 351351.345534273190424, 3050629.051423499360681 ], [ 351379.975426519755274, 3050657.681315746158361 ], [ 351408.605318766320124, 3050657.681315746158361 ], [ 351437.235211012826767, 3050686.311207992490381 ], [ 351465.865103259391617, 3050686.311207992490381 ], [ 351494.494995505956467, 3050714.941100239288062 ], [ 351523.124887752521317, 3050714.941100239288062 ], [ 351609.01456449215766, 3050800.830776978749782 ], [ 351637.644456738722511, 3050800.830776978749782 ], [ 351694.904241231794003, 3050858.090561471879482 ], [ 351723.534133478358854, 3050858.090561471879482 ], [ 351752.164025724923704, 3050886.720453718677163 ], [ 351780.793917971488554, 3050886.720453718677163 ], [ 351838.053702464560047, 3050943.980238211806864 ], [ 351866.683594711124897, 3050943.980238211806864 ], [ 351952.573271450819448, 3051029.869914951268584 ], [ 352038.462948190455791, 3051029.869914951268584 ], [ 352124.352624930092134, 3051115.759591690730304 ], [ 352181.612409423221834, 3051115.759591690730304 ], [ 352210.242301669786684, 3051144.389483937527984 ], [ 352238.872193916293327, 3051144.389483937527984 ], [ 352267.502086162858177, 3051173.019376183860004 ], [ 352296.131978409423027, 3051173.019376183860004 ], [ 352324.761870655987877, 3051201.649268430657685 ], [ 352353.391762902552728, 3051201.649268430657685 ], [ 352410.65154739562422, 3051258.909052923787385 ], [ 352410.65154739562422, 3051287.538945170119405 ], [ 352525.171116381825414, 3051402.058514156378806 ], [ 352582.430900874955114, 3051402.058514156378806 ], [ 352611.060793121519964, 3051430.688406403176486 ], [ 352639.690685368026607, 3051430.688406403176486 ], [ 352668.320577614591457, 3051459.318298649508506 ], [ 352811.4700388473575, 3051459.318298649508506 ], [ 352925.989607833558694, 3051573.837867635767907 ], [ 352925.989607833558694, 3051602.467759882099926 ], [ 352954.619500080123544, 3051631.097652128897607 ], [ 352983.249392326688394, 3051631.097652128897607 ], [ 353011.879284573253244, 3051659.727544375229627 ], [ 353040.509176819818094, 3051659.727544375229627 ], [ 353126.398853559454437, 3051745.617221115157008 ], [ 353155.028745806019288, 3051745.617221115157008 ], [ 353240.918422545655631, 3051831.506897854618728 ], [ 353355.437991531856824, 3051831.506897854618728 ], [ 353384.067883778421674, 3051860.136790101416409 ], [ 353412.697776024986524, 3051860.136790101416409 ], [ 353441.327668271493167, 3051888.766682347748429 ], [ 353498.587452764622867, 3051888.766682347748429 ], [ 353555.847237257752568, 3051946.026466840878129 ], [ 353613.10702175082406, 3051946.026466840878129 ], [ 353641.736913997388911, 3051974.65635908767581 ], [ 353670.366806243953761, 3051974.65635908767581 ], [ 353784.886375230154954, 3052089.175928073935211 ], [ 353784.886375230154954, 3052117.80582032026723 ] ] } },
{ "type": "Feature", "properties": { "FID": 51, "STRM_VAL": 1.0, "stream_id": 51, "strahler": 3, "upstream_cells": 190221.0, "length_m": 3830.9997558851978 }, "geometry": { "type": "LineString", "coordinates": [ [ 353784.886375230154954, 3052117.80582032026723 ], [ 353870.776051969791297, 3052117.80582032026723 ], [ 353899.405944216356147, 3052089.175928073935211 ], [ 354214.334758928453084, 3052089.175928073935211 ], [ 354242.964651175017934, 3052060.54603582713753 ], [ 354300.224435668089427, 3052060.54603582713753 ], [ 354386.114112407783978, 3051974.65635908767581 ], [ 354386.114112407783978, 3051946.026466840878129 ], [ 354529.263573640491813, 3051802.877005608286709 ], [ 354557.893465887056664, 3051802.877005608286709 ], [ 354672.413034873257857, 3051688.357436622027308 ], [ 354672.413034873257857, 3051631.097652128897607 ], [ 354701.042927119822707, 3051602.467759882099926 ], [ 354701.042927119822707, 3051573.837867635767907 ], [ 354729.672819366387557, 3051545.207975389435887 ], [ 354758.302711612952407, 3051545.207975389435887 ], [ 354872.822280599153601, 3051430.688406403176486 ], [ 354901.452172845718451, 3051430.688406403176486 ], [ 355015.971741831919644, 3051316.168837416917086 ], [ 355015.971741831919644, 3051115.759591690730304 ], [ 355044.601634078484494, 3051087.129699444398284 ], [ 355044.601634078484494, 3051058.499807198066264 ], [ 355073.231526324991137, 3051029.869914951268584 ], [ 355073.231526324991137, 3050800.830776978749782 ], [ 355130.491310818120837, 3050800.830776978749782 ], [ 355159.121203064685687, 3050772.200884732417762 ], [ 355330.900556543958373, 3050772.200884732417762 ], [ 355359.530448790523224, 3050743.570992485620081 ], [ 355388.160341037088074, 3050743.570992485620081 ], [ 355445.420125530217774, 3050686.311207992490381 ], [ 355445.420125530217774, 3050571.79163900623098 ], [ 355474.050017776782624, 3050543.161746759898961 ], [ 355617.19947900949046, 3050543.161746759898961 ], [ 355645.82937125605531, 3050571.79163900623098 ], [ 355817.608724735386204, 3050571.79163900623098 ], [ 355846.238616981951054, 3050543.161746759898961 ], [ 355846.238616981951054, 3050514.531854513566941 ], [ 355731.719047995749861, 3050400.01228552730754 ], [ 355731.719047995749861, 3050199.603039801120758 ], [ 355788.978832488821354, 3050142.343255307991058 ], [ 355788.978832488821354, 3050085.083470814861357 ], [ 355903.498401475022547, 3049970.563901829067618 ] ] } },
{ "type": "Feature", "properties": { "FID": 52, "STRM_VAL": 1.0, "stream_id": 52, "strahler": 3, "upstream_cells": 208586.0, "length_m": 443.34193715233846 }, "geometry": { "type": "LineString", "coordinates": [ [ 355903.498401475022547, 3049970.563901829067618 ], [ 355846.238616981951054, 3049913.304117335937917 ], [ 355846.238616981951054, 3049827.414440596010536 ], [ 355788.978832488821354, 3049770.154656102880836 ], [ 355788.978832488821354, 3049684.264979363419116 ], [ 355731.719047995749861, 3049627.005194870289415 ], [ 355731.719047995749861, 3049598.375302623491734 ] ] } },
{ "type": "Feature", "properties": { "FID": 53, "STRM_VAL": 1.0, "stream_id": 53, "strahler": 1, "upstream_cells": 5378.0, "length_m": 2769.6590789676457 }, "geometry": { "type": "LineString", "coordinates": [ [ 349948.48081419209484, 3048596.329073994420469 ], [ 349948.48081419209484, 3048768.10842747380957 ], [ 349977.11070643865969, 3048796.73831972014159 ], [ 349977.11070643865969, 3048911.25788870640099 ], [ 350034.370490931789391, 3048968.517673199530691 ], [ 350034.370490931789391, 3048997.14756544586271 ], [ 350177.519952164555434, 3049140.297026678919792 ], [ 350177.519952164555434, 3049168.926918925251812 ], [ 350292.039521150756627, 3049283.446487911511213 ], [ 350292.039521150756627, 3049312.076380158308893 ], [ 350320.669413397321478, 3049340.706272404640913 ], [ 350320.669413397321478, 3049369.336164651438594 ], [ 350349.29930564382812, 3049397.966056897770613 ], [ 350377.92919789039297, 3049397.966056897770613 ], [ 350406.559090136957821, 3049426.595949144568294 ], [ 350435.188982383522671, 3049426.595949144568294 ], [ 350463.818874630029313, 3049455.225841390900314 ], [ 350492.448766876594163, 3049455.225841390900314 ], [ 350521.078659123159014, 3049483.855733637232333 ], [ 350549.708551369723864, 3049483.855733637232333 ], [ 350578.338443616288714, 3049512.485625884030014 ], [ 350606.968335862853564, 3049512.485625884030014 ], [ 350721.487904849054758, 3049627.005194870289415 ], [ 350750.1177970955614, 3049627.005194870289415 ], [ 350778.74768934212625, 3049655.635087116621435 ], [ 350778.74768934212625, 3049684.264979363419116 ], [ 350836.007473835255951, 3049741.524763856548816 ], [ 350836.007473835255951, 3049770.154656102880836 ], [ 350893.267258328327443, 3049827.414440596010536 ], [ 350893.267258328327443, 3049856.044332842808217 ], [ 350921.897150574892294, 3049884.674225089140236 ], [ 350921.897150574892294, 3049913.304117335937917 ], [ 350950.527042821457144, 3049941.934009582269937 ], [ 350950.527042821457144, 3049999.193794075399637 ], [ 350979.156935068021994, 3050027.823686321731657 ], [ 350979.156935068021994, 3050113.713363061659038 ], [ 351007.786827314528637, 3050142.343255307991058 ], [ 351007.786827314528637, 3050342.75250103417784 ], [ 351036.416719561093487, 3050371.382393280509859 ], [ 351036.416719561093487, 3050400.01228552730754 ], [ 351122.306396300788037, 3050485.90196226676926 ], [ 351122.306396300788037, 3050514.531854513566941 ], [ 351236.825965286989231, 3050514.531854513566941 ], [ 351294.085749780060723, 3050571.79163900623098 ], [ 351294.085749780060723, 3050600.421531253028661 ], [ 351322.715642026625574, 3050629.051423499360681 ] ] } },
{ "type": "Feature", "properties": { "FID": 54, "STRM_VAL": 1.0, "stream_id": 54, "strahler": 1, "upstream_cells": 14484.0, "length_m": 6518.4893925878196 }, "geometry": { "type": "LineString", "coordinates": [ [ 342905.527321540168487, 3049226.186703418381512 ], [ 343020.046890526427887, 3049226.186703418381512 ], [ 343077.30667501949938, 3049283.446487911511213 ], [ 343105.93656726606423, 3049283.446487911511213 ], [ 343134.566459512629081, 3049312.076380158308893 ], [ 343306.345812991901767, 3049312.076380158308893 ], [ 343334.975705238466617, 3049283.446487911511213 ], [ 343535.384950964362361, 3049283.446487911511213 ], [ 343592.644735457433853, 3049340.706272404640913 ], [ 343649.904519950563554, 3049340.706272404640913 ], [ 343678.534412197128404, 3049312.076380158308893 ], [ 343850.31376567640109, 3049312.076380158308893 ], [ 343878.94365792296594, 3049340.706272404640913 ], [ 344136.612688141933177, 3049340.706272404640913 ], [ 344165.242580388498027, 3049369.336164651438594 ], [ 344222.502364881627727, 3049369.336164651438594 ], [ 344251.13225712813437, 3049340.706272404640913 ], [ 344308.39204162126407, 3049340.706272404640913 ], [ 344337.02193386782892, 3049312.076380158308893 ], [ 344394.281718360900413, 3049312.076380158308893 ], [ 344422.911610607465263, 3049340.706272404640913 ], [ 344680.5806408264325, 3049340.706272404640913 ], [ 344709.21053307299735, 3049369.336164651438594 ], [ 344823.730102059198543, 3049369.336164651438594 ], [ 344852.359994305763394, 3049397.966056897770613 ], [ 344909.619778798893094, 3049397.966056897770613 ], [ 344938.249671045399737, 3049426.595949144568294 ], [ 345024.139347785094287, 3049426.595949144568294 ], [ 345052.76924003160093, 3049455.225841390900314 ], [ 345110.02902452473063, 3049455.225841390900314 ], [ 345138.65891677129548, 3049483.855733637232333 ], [ 345253.178485757496674, 3049483.855733637232333 ], [ 345310.438270250626374, 3049541.115518130362034 ], [ 345453.587731483392417, 3049541.115518130362034 ], [ 345482.21762372989906, 3049569.745410377159715 ], [ 345482.21762372989906, 3049598.375302623491734 ], [ 345510.84751597646391, 3049627.005194870289415 ], [ 345510.84751597646391, 3049684.264979363419116 ], [ 345596.737192716100253, 3049770.154656102880836 ], [ 345739.886653948866297, 3049770.154656102880836 ], [ 345768.516546195431147, 3049798.784548349678516 ], [ 345854.406222935125697, 3049798.784548349678516 ], [ 345883.03611518163234, 3049770.154656102880836 ], [ 345940.29589967476204, 3049770.154656102880836 ], [ 345968.925791921326891, 3049741.524763856548816 ], [ 346083.445360907528084, 3049741.524763856548816 ], [ 346169.335037647164427, 3049827.414440596010536 ], [ 346255.224714386858977, 3049827.414440596010536 ], [ 346283.85460663336562, 3049798.784548349678516 ], [ 346398.374175619625021, 3049798.784548349678516 ], [ 346398.374175619625021, 3049827.414440596010536 ], [ 346455.633960112696514, 3049827.414440596010536 ], [ 346512.893744605826214, 3049884.674225089140236 ], [ 346541.523636852391064, 3049884.674225089140236 ], [ 346570.153529098897707, 3049913.304117335937917 ], [ 346598.783421345462557, 3049913.304117335937917 ], [ 346627.413313592027407, 3049941.934009582269937 ], [ 346684.6730980850989, 3049941.934009582269937 ], [ 346713.30299033166375, 3049970.563901829067618 ], [ 346827.822559317864943, 3049970.563901829067618 ], [ 346856.452451564429794, 3049941.934009582269937 ], [ 346913.712236057559494, 3049941.934009582269937 ], [ 346942.342128304124344, 3049913.304117335937917 ], [ 346970.972020550630987, 3049913.304117335937917 ], [ 346999.601912797195837, 3049884.674225089140236 ], [ 347085.491589536890388, 3049884.674225089140236 ], [ 347257.270943016163073, 3050056.453578568529338 ], [ 347285.900835262727924, 3050056.453578568529338 ], [ 347371.790512002364267, 3050142.343255307991058 ], [ 347543.56986548169516, 3050142.343255307991058 ], [ 347572.19975772826001, 3050170.973147554788738 ], [ 347629.459542221389711, 3050170.973147554788738 ], [ 347658.089434467896353, 3050142.343255307991058 ], [ 347686.719326714461204, 3050170.973147554788738 ], [ 347772.609003454097547, 3050170.973147554788738 ], [ 347801.238895700662397, 3050142.343255307991058 ], [ 347829.868787947227247, 3050142.343255307991058 ], [ 347858.498680193792097, 3050113.713363061659038 ], [ 347915.75846468686359, 3050113.713363061659038 ], [ 347973.01824917999329, 3050056.453578568529338 ], [ 348030.278033673064783, 3050056.453578568529338 ], [ 348058.907925919629633, 3050027.823686321731657 ], [ 348087.537818166194484, 3050027.823686321731657 ], [ 348116.167710412759334, 3049999.193794075399637 ], [ 348173.427494905830827, 3049999.193794075399637 ], [ 348202.057387152395677, 3049970.563901829067618 ], [ 348230.687279398960527, 3049970.563901829067618 ], [ 348259.317171645525377, 3049941.934009582269937 ], [ 348287.947063892090227, 3049941.934009582269937 ], [ 348316.57695613859687, 3049913.304117335937917 ], [ 348459.726417371362913, 3049913.304117335937917 ], [ 348488.356309617927764, 3049941.934009582269937 ], [ 348488.356309617927764, 3049970.563901829067618 ], [ 348516.986201864492614, 3049970.563901829067618 ], [ 348545.616094111057464, 3049999.193794075399637 ] ] } },
{ "type": "Feature", "properties": { "FID": 55, "STRM_VAL": 1.0, "stream_id": 55, "strahler": 1, "upstream_cells": 4625.0, "length_m": 2850.6366427755124 }, "geometry": { "type": "LineString", "coordinates": [ [ 331711.23945313814329, 3049426.595949144568294 ], [ 331739.86934538470814, 3049455.225841390900314 ], [ 331739.86934538470814, 3049512.485625884030014 ], [ 331768.49923763127299, 3049541.115518130362034 ], [ 331768.49923763127299, 3049598.375302623491734 ], [ 331797.129129877779633, 3049627.005194870289415 ], [ 331797.129129877779633, 3049655.635087116621435 ], [ 331911.648698864039034, 3049770.154656102880836 ], [ 331911.648698864039034, 3049798.784548349678516 ], [ 331940.278591110545676, 3049827.414440596010536 ], [ 331940.278591110545676, 3049856.044332842808217 ], [ 331968.908483357110526, 3049884.674225089140236 ], [ 331968.908483357110526, 3049999.193794075399637 ], [ 331997.538375603675377, 3050027.823686321731657 ], [ 331997.538375603675377, 3050113.713363061659038 ], [ 332140.68783683644142, 3050256.862824294250458 ], [ 332140.68783683644142, 3050285.492716541048139 ], [ 332197.94762132957112, 3050342.75250103417784 ], [ 332226.577513576077763, 3050342.75250103417784 ], [ 332255.207405822642613, 3050371.382393280509859 ], [ 332312.467190315772314, 3050371.382393280509859 ], [ 332341.097082562278956, 3050400.01228552730754 ], [ 332398.356867055408657, 3050400.01228552730754 ], [ 332426.986759301973507, 3050428.64217777363956 ], [ 332455.616651548538357, 3050428.64217777363956 ], [ 332484.246543795045, 3050457.272070020437241 ], [ 332598.7661127813044, 3050457.272070020437241 ], [ 332684.655789520940743, 3050543.161746759898961 ], [ 332684.655789520940743, 3050571.79163900623098 ], [ 332713.285681767505594, 3050600.421531253028661 ], [ 332713.285681767505594, 3050629.051423499360681 ], [ 332799.175358507141937, 3050714.941100239288062 ], [ 332827.805250753706787, 3050714.941100239288062 ], [ 332913.69492749334313, 3050800.830776978749782 ], [ 332913.69492749334313, 3050886.720453718677163 ], [ 332942.32481973990798, 3050915.350345965009183 ], [ 332942.32481973990798, 3050972.610130458138883 ], [ 333028.214496479544323, 3051058.499807198066264 ], [ 333056.844388726109173, 3051058.499807198066264 ], [ 333056.844388726109173, 3051087.129699444398284 ], [ 333085.474280972674023, 3051115.759591690730304 ], [ 333114.104173219238874, 3051115.759591690730304 ], [ 333142.734065465803724, 3051087.129699444398284 ], [ 333199.993849958875217, 3051144.389483937527984 ], [ 333314.51341894507641, 3051144.389483937527984 ], [ 333343.14331119164126, 3051173.019376183860004 ], [ 333429.032987931277603, 3051173.019376183860004 ] ] } },
{ "type": "Feature", "properties": { "FID": 56, "STRM_VAL": 1.0, "stream_id": 56, "strahler": 1, "upstream_cells": 4867.0, "length_m": 1413.8808243996891 }, "geometry": { "type": "LineString", "coordinates": [ [ 328590.581198263913393, 3049827.414440596010536 ], [ 328418.801844784582499, 3049827.414440596010536 ], [ 328390.171952538075857, 3049798.784548349678516 ], [ 328332.912168044946156, 3049798.784548349678516 ], [ 328304.282275798381306, 3049770.154656102880836 ], [ 328247.022491305309813, 3049770.154656102880836 ], [ 328218.392599058744963, 3049741.524763856548816 ], [ 328075.24313782597892, 3049741.524763856548816 ], [ 328046.61324557941407, 3049770.154656102880836 ], [ 328017.983353332849219, 3049770.154656102880836 ], [ 327960.723568839777727, 3049827.414440596010536 ], [ 327903.463784346648026, 3049827.414440596010536 ], [ 327817.574107607011683, 3049913.304117335937917 ], [ 327760.314323113881983, 3049913.304117335937917 ], [ 327731.68443086737534, 3049884.674225089140236 ], [ 327703.05453862081049, 3049884.674225089140236 ], [ 327674.42464637424564, 3049856.044332842808217 ], [ 327474.015400648349896, 3049856.044332842808217 ], [ 327445.385508401843254, 3049827.414440596010536 ], [ 327388.125723908713553, 3049827.414440596010536 ], [ 327359.495831662148703, 3049798.784548349678516 ], [ 327330.86593941564206, 3049798.784548349678516 ] ] } },
{ "type": "Feature", "properties": { "FID": 57, "STRM_VAL": 1.0, "stream_id": 57, "strahler": 1, "upstream_cells": 4035.0, "length_m": 247.8448043570063 }, "geometry": { "type": "LineString", "coordinates": [ [ 336320.652104833105113, 3050314.122608787380159 ], [ 336263.392320340033621, 3050371.382393280509859 ], [ 336234.76242809346877, 3050371.382393280509859 ], [ 336206.13253584690392, 3050400.01228552730754 ], [ 336206.13253584690392, 3050428.64217777363956 ], [ 336177.50264360033907, 3050457.272070020437241 ], [ 336177.50264360033907, 3050485.90196226676926 ] ] } },
{ "type": "Feature", "properties": { "FID": 58, "STRM_VAL": 1.0, "stream_id": 58, "strahler": 2, "upstream_cells": 14567.0, "length_m": 3394.6045954614819 }, "geometry": { "type": "LineString", "coordinates": [ [ 336177.50264360033907, 3050485.90196226676926 ], [ 336148.87275135377422, 3050514.531854513566941 ], [ 336120.242859107267577, 3050485.90196226676926 ], [ 336091.612966860702727, 3050485.90196226676926 ], [ 335977.093397874501534, 3050600.421531253028661 ], [ 335948.463505627936684, 3050600.421531253028661 ], [ 335948.463505627936684, 3050629.051423499360681 ], [ 335919.833613381371833, 3050657.681315746158361 ], [ 335833.94393664173549, 3050657.681315746158361 ], [ 335805.31404439517064, 3050629.051423499360681 ], [ 335748.05425990204094, 3050629.051423499360681 ], [ 335719.424367655534297, 3050657.681315746158361 ], [ 335662.164583162404597, 3050657.681315746158361 ], [ 335633.534690915839747, 3050629.051423499360681 ], [ 335576.274906422768254, 3050629.051423499360681 ], [ 335547.645014176203404, 3050600.421531253028661 ], [ 335519.015121929638553, 3050629.051423499360681 ], [ 335461.755337436508853, 3050629.051423499360681 ], [ 335375.86566069687251, 3050714.941100239288062 ], [ 335347.23576845030766, 3050714.941100239288062 ], [ 335289.975983957236167, 3050657.681315746158361 ], [ 335232.716199464106467, 3050714.941100239288062 ], [ 335032.30695373826893, 3050714.941100239288062 ], [ 335003.67706149170408, 3050743.570992485620081 ], [ 334975.04716924513923, 3050743.570992485620081 ], [ 334946.41727699857438, 3050772.200884732417762 ], [ 334917.78738475200953, 3050772.200884732417762 ], [ 334889.157492505502887, 3050800.830776978749782 ], [ 334831.897708012373187, 3050800.830776978749782 ], [ 334746.008031272736844, 3050886.720453718677163 ], [ 334717.378139026171993, 3050886.720453718677163 ], [ 334688.748246779607143, 3050915.350345965009183 ], [ 334602.8585700399708, 3050915.350345965009183 ], [ 334574.22867779340595, 3050886.720453718677163 ], [ 334516.96889330027625, 3050886.720453718677163 ], [ 334516.96889330027625, 3050858.090561471879482 ], [ 334459.709108807204757, 3050800.830776978749782 ], [ 334173.41018634167267, 3050800.830776978749782 ], [ 334116.15040184854297, 3050858.090561471879482 ], [ 334116.15040184854297, 3051001.240022704936564 ], [ 333973.000940615776926, 3051144.389483937527984 ], [ 333743.96180264337454, 3051144.389483937527984 ], [ 333686.702018150303047, 3051201.649268430657685 ], [ 333514.922664670972154, 3051201.649268430657685 ], [ 333457.662880177842453, 3051258.909052923787385 ] ] } },
{ "type": "Feature", "properties": { "FID": 59, "STRM_VAL": 1.0, "stream_id": 59, "strahler": 1, "upstream_cells": 4292.0, "length_m": 1468.2631597579073 }, "geometry": { "type": "LineString", "coordinates": [ [ 358566.078380404447671, 3050514.531854513566941 ], [ 358537.448488157882821, 3050485.90196226676926 ], [ 358537.448488157882821, 3050457.272070020437241 ], [ 358508.818595911317971, 3050428.64217777363956 ], [ 358422.928919171681628, 3050428.64217777363956 ], [ 358394.299026925116777, 3050400.01228552730754 ], [ 358337.039242431987077, 3050400.01228552730754 ], [ 358308.409350185422227, 3050371.382393280509859 ], [ 358222.519673445785884, 3050371.382393280509859 ], [ 358193.889781199221034, 3050342.75250103417784 ], [ 358193.889781199221034, 3050285.492716541048139 ], [ 358136.629996706149541, 3050228.232932047918439 ], [ 358136.629996706149541, 3050199.603039801120758 ], [ 358165.259888952714391, 3050170.973147554788738 ], [ 358136.629996706149541, 3050142.343255307991058 ], [ 358136.629996706149541, 3050027.823686321731657 ], [ 358022.110427719948348, 3049913.304117335937917 ], [ 357993.480535473383497, 3049913.304117335937917 ], [ 357878.960966487182304, 3049798.784548349678516 ], [ 357850.331074240617454, 3049798.784548349678516 ], [ 357821.701181994052604, 3049770.154656102880836 ], [ 357764.441397500981111, 3049770.154656102880836 ], [ 357707.181613007851411, 3049712.894871609751135 ], [ 357649.92182851472171, 3049712.894871609751135 ], [ 357649.92182851472171, 3049684.264979363419116 ] ] } },
{ "type": "Feature", "properties": { "FID": 60, "STRM_VAL": 1.0, "stream_id": 60, "strahler": 1, "upstream_cells": 4224.0, "length_m": 1373.3920424948474 }, "geometry": { "type": "LineString", "coordinates": [ [ 337408.58801020210376, 3050600.421531253028661 ], [ 337265.438548969337717, 3050600.421531253028661 ], [ 337236.808656722772866, 3050571.79163900623098 ], [ 337065.029303243500181, 3050571.79163900623098 ], [ 337036.39941099693533, 3050543.161746759898961 ], [ 336979.13962650380563, 3050543.161746759898961 ], [ 336950.50973425724078, 3050571.79163900623098 ], [ 336921.879842010734137, 3050571.79163900623098 ], [ 336893.249949764169287, 3050543.161746759898961 ], [ 336835.990165271039587, 3050543.161746759898961 ], [ 336807.360273024532944, 3050571.79163900623098 ], [ 336750.100488531403244, 3050571.79163900623098 ], [ 336721.470596284838393, 3050600.421531253028661 ], [ 336692.840704038273543, 3050600.421531253028661 ], [ 336664.210811791708693, 3050629.051423499360681 ], [ 336606.9510272986372, 3050629.051423499360681 ], [ 336578.32113505207235, 3050600.421531253028661 ], [ 336549.6912428055075, 3050600.421531253028661 ], [ 336521.061350559000857, 3050571.79163900623098 ], [ 336406.541781572741456, 3050571.79163900623098 ], [ 336349.281997079669964, 3050514.531854513566941 ], [ 336234.76242809346877, 3050514.531854513566941 ], [ 336206.13253584690392, 3050485.90196226676926 ], [ 336177.50264360033907, 3050485.90196226676926 ] ] } },
{ "type": "Feature", "properties": { "FID": 61, "STRM_VAL": 1.0, "stream_id": 61, "strahler": 1, "upstream_cells": 5516.0, "length_m": 2050.6852305502493 }, "geometry": { "type": "LineString", "coordinates": [ [ 339956.648420145269483, 3051745.617221115157008 ], [ 339928.018527898704633, 3051774.247113361489028 ], [ 339928.018527898704633, 3052260.955281552858651 ], [ 339899.388635652197991, 3052289.585173799656332 ], [ 339899.388635652197991, 3052489.994419525377452 ], [ 339928.018527898704633, 3052518.624311772175133 ], [ 339928.018527898704633, 3052547.254204018507153 ], [ 339956.648420145269483, 3052575.884096265304834 ], [ 339956.648420145269483, 3052776.293341991025954 ], [ 339985.278312391834334, 3052804.923234237357974 ], [ 339985.278312391834334, 3052862.183018730487674 ], [ 340071.167989131470677, 3052948.072695470415056 ], [ 340071.167989131470677, 3053005.332479963544756 ], [ 340157.057665871165227, 3053091.222156703006476 ], [ 340185.68755811767187, 3053091.222156703006476 ], [ 340185.68755811767187, 3053205.741725689265877 ], [ 340242.94734261080157, 3053263.001510182395577 ], [ 340242.94734261080157, 3053291.631402428727597 ], [ 340271.57723485736642, 3053320.261294675525278 ], [ 340271.57723485736642, 3053406.150971414986998 ], [ 340242.94734261080157, 3053434.780863661784679 ], [ 340242.94734261080157, 3053520.670540401246399 ], [ 340214.31745036423672, 3053549.30043264804408 ], [ 340214.31745036423672, 3053577.930324894376099 ] ] } },
{ "type": "Feature", "properties": { "FID": 62, "STRM_VAL": 1.0, "stream_id": 62, "strahler": 2, "upstream_cells": 15742.0, "length_m": 1980.7237710599663 }, "geometry": { "type": "LineString", "coordinates": [ [ 340214.31745036423672, 3053577.930324894376099 ], [ 340157.057665871165227, 3053635.1901093875058 ], [ 340157.057665871165227, 3053663.82000163430348 ], [ 340071.167989131470677, 3053663.82000163430348 ], [ 339985.278312391834334, 3053749.7096783737652 ], [ 340013.908204638399184, 3053778.33957062009722 ], [ 339985.278312391834334, 3053806.969462866894901 ], [ 339899.388635652197991, 3053806.969462866894901 ], [ 339784.86906666593859, 3053921.489031853154302 ], [ 339756.239174419431947, 3053921.489031853154302 ], [ 339727.609282172867097, 3053950.118924099486321 ], [ 339698.979389926302247, 3053950.118924099486321 ], [ 339670.349497679737397, 3053978.748816346284002 ], [ 339641.719605433172546, 3053978.748816346284002 ], [ 339584.459820940101054, 3054036.008600839413702 ], [ 339584.459820940101054, 3054064.638493085745722 ], [ 339527.200036446971353, 3054064.638493085745722 ], [ 339498.570144200464711, 3054036.008600839413702 ], [ 339412.68046746077016, 3054036.008600839413702 ], [ 339412.68046746077016, 3054121.898277578875422 ], [ 339384.05057521420531, 3054121.898277578875422 ], [ 339355.420682967698667, 3054150.528169825673103 ], [ 339355.420682967698667, 3054179.158062072005123 ], [ 339326.790790721133817, 3054179.158062072005123 ], [ 339298.160898474568967, 3054150.528169825673103 ], [ 339240.901113981497474, 3054207.787954318802804 ], [ 339240.901113981497474, 3054236.417846565134823 ], [ 339212.271221734932624, 3054265.047738811932504 ], [ 339212.271221734932624, 3054322.307523304596543 ], [ 339183.641329488367774, 3054350.937415551394224 ], [ 339183.641329488367774, 3054408.197200044523925 ], [ 339155.011437241802923, 3054436.827092290855944 ], [ 339155.011437241802923, 3054465.456984537653625 ], [ 339126.381544995238073, 3054494.086876783985645 ], [ 339126.381544995238073, 3054522.716769030783325 ], [ 339040.49186825560173, 3054608.606445770245045 ], [ 338983.23208376247203, 3054608.606445770245045 ] ] } },
{ "type": "Feature", "properties": { "FID": 63, "STRM_VAL": 1.0, "stream_id": 63, "strahler": 2, "upstream_cells": 23714.0, "length_m": 6125.8095563198613 }, "geometry": { "type": "LineString", "coordinates": [ [ 338983.23208376247203, 3054608.606445770245045 ], [ 338954.602191515965387, 3054637.236338017042726 ], [ 338897.342407022835687, 3054637.236338017042726 ], [ 338868.712514776270837, 3054665.866230263374746 ], [ 338811.452730283199344, 3054665.866230263374746 ], [ 338782.822838036634494, 3054694.496122510172427 ], [ 338639.67337680386845, 3054694.496122510172427 ], [ 338582.41359231073875, 3054751.755907003302127 ], [ 338553.783700064232107, 3054751.755907003302127 ], [ 338525.153807817667257, 3054780.385799249634147 ], [ 338525.153807817667257, 3054809.015691496431828 ], [ 338439.264131077972706, 3054894.905368235893548 ], [ 338439.264131077972706, 3054952.165152729023248 ], [ 338410.634238831466064, 3054980.795044975355268 ], [ 338410.634238831466064, 3055009.424937222152948 ], [ 338382.004346584901214, 3055038.054829468484968 ], [ 338382.004346584901214, 3055152.574398454744369 ], [ 338267.48477759870002, 3055267.09396744100377 ], [ 338267.48477759870002, 3055410.24342867359519 ], [ 338124.335316365933977, 3055553.392889906652272 ], [ 338124.335316365933977, 3055610.652674399781972 ], [ 338067.075531872804277, 3055667.912458892911673 ], [ 338067.075531872804277, 3055696.542351139243692 ], [ 337981.185855133167934, 3055782.432027879171073 ], [ 337981.185855133167934, 3055896.951596865430474 ], [ 337952.555962886603083, 3055925.581489111762494 ], [ 337952.555962886603083, 3055982.841273604892194 ], [ 337923.926070640038233, 3055982.841273604892194 ], [ 337895.296178393473383, 3056011.471165851224214 ], [ 338009.815747379732784, 3056125.990734837483615 ], [ 337952.555962886603083, 3056183.250519330613315 ], [ 337952.555962886603083, 3056240.510303823743016 ], [ 337723.516824914200697, 3056469.549441796261817 ], [ 337694.886932667635847, 3056469.549441796261817 ], [ 337666.257040421070997, 3056498.179334042593837 ], [ 337637.627148174506146, 3056498.179334042593837 ], [ 337580.367363681434654, 3056555.439118535723537 ], [ 337551.737471434869803, 3056555.439118535723537 ], [ 337551.737471434869803, 3056584.069010782521218 ], [ 337494.477686941740103, 3056641.328795275650918 ], [ 337494.477686941740103, 3056727.218472015112638 ], [ 337551.737471434869803, 3056784.478256508242339 ], [ 337551.737471434869803, 3056841.738041001372039 ], [ 337494.477686941740103, 3056898.99782549450174 ], [ 337494.477686941740103, 3057099.407071220222861 ], [ 337465.847794695233461, 3057128.036963467020541 ], [ 337465.847794695233461, 3057242.556532453279942 ], [ 337437.21790244866861, 3057242.556532453279942 ], [ 337408.58801020210376, 3057271.186424699611962 ], [ 337408.58801020210376, 3057385.705993685871363 ], [ 337551.737471434869803, 3057528.855454918928444 ], [ 337580.367363681434654, 3057528.855454918928444 ], [ 337694.886932667635847, 3057643.375023904722184 ], [ 337780.77660940727219, 3057643.375023904722184 ], [ 337809.40650165383704, 3057614.745131658390164 ], [ 337895.296178393473383, 3057614.745131658390164 ], [ 338038.445639626239426, 3057757.894592890981585 ], [ 338038.445639626239426, 3057786.524485137779266 ], [ 338067.075531872804277, 3057786.524485137779266 ], [ 338095.705424119369127, 3057757.894592890981585 ], [ 338210.22499310557032, 3057757.894592890981585 ], [ 338267.48477759870002, 3057815.154377384111285 ], [ 338267.48477759870002, 3057843.784269630908966 ], [ 338238.85488535213517, 3057872.414161877240986 ], [ 338238.85488535213517, 3058015.563623110298067 ], [ 338267.48477759870002, 3058044.193515356630087 ], [ 338267.48477759870002, 3058072.823407603427768 ], [ 338296.114669845206663, 3058101.453299849759787 ], [ 338296.114669845206663, 3058158.713084342889488 ], [ 338382.004346584901214, 3058244.602761082351208 ], [ 338382.004346584901214, 3058416.382114561740309 ], [ 338353.374454338336363, 3058445.01200680853799 ], [ 338353.374454338336363, 3058616.791360287927091 ], [ 338382.004346584901214, 3058645.421252534259111 ], [ 338439.264131077972706, 3058645.421252534259111 ], [ 338467.894023324537557, 3058674.05114478059113 ], [ 338496.523915571102407, 3058674.05114478059113 ], [ 338496.523915571102407, 3058702.681037027388811 ], [ 338582.41359231073875, 3058788.570713766850531 ] ] } },
{ "type": "Feature", "properties": { "FID": 64, "STRM_VAL": 1.0, "stream_id": 64, "strahler": 2, "upstream_cells": 43385.0, "length_m": 2708.3299668824175 }, "geometry": { "type": "LineString", "coordinates": [ [ 338582.41359231073875, 3058788.570713766850531 ], [ 338696.933161296998151, 3058903.090282753109932 ], [ 338696.933161296998151, 3059246.648989711888134 ], [ 338782.822838036634494, 3059332.538666451349854 ], [ 338782.822838036634494, 3059389.798450944479555 ], [ 338811.452730283199344, 3059418.428343191277236 ], [ 338811.452730283199344, 3059561.577804423868656 ], [ 338782.822838036634494, 3059590.207696670666337 ], [ 338782.822838036634494, 3059647.467481163796037 ], [ 338811.452730283199344, 3059676.097373410128057 ], [ 338811.452730283199344, 3059733.357157903257757 ], [ 338782.822838036634494, 3059761.987050149589777 ], [ 338782.822838036634494, 3059790.616942396387458 ], [ 338668.3032690504333, 3059905.136511382646859 ], [ 338668.3032690504333, 3059933.766403628978878 ], [ 338639.67337680386845, 3059962.396295875776559 ], [ 338639.67337680386845, 3059991.026188122108579 ], [ 338668.3032690504333, 3060019.65608036890626 ], [ 338668.3032690504333, 3060048.285972615238279 ], [ 338639.67337680386845, 3060076.91586486203596 ], [ 338525.153807817667257, 3060076.91586486203596 ], [ 338525.153807817667257, 3060105.54575710836798 ], [ 338467.894023324537557, 3060162.80554160149768 ], [ 338467.894023324537557, 3060191.435433848295361 ], [ 338439.264131077972706, 3060220.06532609462738 ], [ 338439.264131077972706, 3060277.325110587757081 ], [ 338382.004346584901214, 3060334.584895080886781 ], [ 338382.004346584901214, 3060649.513709792867303 ], [ 338353.374454338336363, 3060678.143602039664984 ], [ 338353.374454338336363, 3060735.403386532794684 ], [ 338324.744562091771513, 3060764.033278779126704 ], [ 338324.744562091771513, 3060849.922955518588424 ], [ 338382.004346584901214, 3060907.182740011718124 ], [ 338382.004346584901214, 3060964.442524504847825 ], [ 338439.264131077972706, 3060964.442524504847825 ], [ 338467.894023324537557, 3060993.072416751645505 ] ] } },
{ "type": "Feature", "properties": { "FID": 65, "STRM_VAL": 1.0, "stream_id": 65, "strahler": 3, "upstream_cells": 55794.0, "length_m": 781.98853117950944 }, "geometry": { "type": "LineString", "coordinates": [ [ 338467.894023324537557, 3060993.072416751645505 ], [ 338467.894023324537557, 3061021.702308997977525 ], [ 338525.153807817667257, 3061078.962093491107225 ], [ 338525.153807817667257, 3061164.851770231034607 ], [ 338496.523915571102407, 3061193.481662477366626 ], [ 338496.523915571102407, 3061308.001231463626027 ], [ 338467.894023324537557, 3061336.631123710423708 ], [ 338467.894023324537557, 3061393.890908203087747 ], [ 338353.374454338336363, 3061508.410477189347148 ], [ 338353.374454338336363, 3061680.189830668736249 ] ] } },
{ "type": "Feature", "properties": { "FID": 66, "STRM_VAL": 1.0, "stream_id": 66, "strahler": 4, "upstream_cells": 174249.0, "length_m": 896.50810016596051 }, "geometry": { "type": "LineString", "coordinates": [ [ 338353.374454338336363, 3061680.189830668736249 ], [ 338238.85488535213517, 3061680.189830668736249 ], [ 338181.59510085900547, 3061622.930046175606549 ], [ 338152.965208612498827, 3061622.930046175606549 ], [ 338095.705424119369127, 3061565.670261682476848 ], [ 338067.075531872804277, 3061565.670261682476848 ], [ 338009.815747379732784, 3061508.410477189347148 ], [ 337637.627148174506146, 3061508.410477189347148 ], [ 337608.997255927999504, 3061537.040369436144829 ], [ 337580.367363681434654, 3061537.040369436144829 ], [ 337551.737471434869803, 3061565.670261682476848 ] ] } },
{ "type": "Feature", "properties": { "FID": 67, "STRM_VAL": 1.0, "stream_id": 67, "strahler": 4, "upstream_cells": 268705.0, "length_m": 1110.8108993455714 }, "geometry": { "type": "LineString", "coordinates": [ [ 337551.737471434869803, 3061565.670261682476848 ], [ 337523.107579188304953, 3061594.300153929274529 ], [ 337122.289087736571673, 3061594.300153929274529 ], [ 337093.659195490006823, 3061622.930046175606549 ], [ 337065.029303243500181, 3061622.930046175606549 ], [ 336807.360273024532944, 3061880.599076394923031 ], [ 336721.470596284838393, 3061880.599076394923031 ], [ 336664.210811791708693, 3061937.85886088758707 ], [ 336635.58091954520205, 3061937.85886088758707 ], [ 336606.9510272986372, 3061966.488753134384751 ] ] } },
{ "type": "Feature", "properties": { "FID": 68, "STRM_VAL": 1.0, "stream_id": 68, "strahler": 4, "upstream_cells": 312058.0, "length_m": 1269.8885778278254 }, "geometry": { "type": "LineString", "coordinates": [ [ 336606.9510272986372, 3061966.488753134384751 ], [ 336492.431458312436007, 3062081.008322120644152 ], [ 336435.171673819306307, 3062081.008322120644152 ], [ 336177.50264360033907, 3062338.677352339494973 ], [ 336148.87275135377422, 3062338.677352339494973 ], [ 336120.242859107267577, 3062367.307244586292654 ], [ 336091.612966860702727, 3062367.307244586292654 ], [ 335948.463505627936684, 3062510.456705818884075 ], [ 335833.94393664173549, 3062510.456705818884075 ], [ 335805.31404439517064, 3062539.086598065216094 ], [ 335805.31404439517064, 3062567.716490312013775 ], [ 335662.164583162404597, 3062710.865951544605196 ] ] } },
{ "type": "Feature", "properties": { "FID": 69, "STRM_VAL": 1.0, "stream_id": 69, "strahler": 4, "upstream_cells": 405168.0, "length_m": 1370.5145933604736 }, "geometry": { "type": "LineString", "coordinates": [ [ 335662.164583162404597, 3062710.865951544605196 ], [ 335547.645014176203404, 3062710.865951544605196 ], [ 335519.015121929638553, 3062739.495843791402876 ], [ 335519.015121929638553, 3062796.755628284532577 ], [ 335461.755337436508853, 3062854.015412777662277 ], [ 335404.49555294343736, 3062854.015412777662277 ], [ 335261.346091710671317, 3062997.164874010253698 ], [ 335261.346091710671317, 3063226.204011982772499 ], [ 335089.566738231340423, 3063397.983365462161601 ], [ 335089.566738231340423, 3063455.243149955291301 ], [ 334975.04716924513923, 3063569.762718941085041 ], [ 334889.157492505502887, 3063569.762718941085041 ], [ 334860.527600258938037, 3063598.392611187882721 ] ] } },
{ "type": "Feature", "properties": { "FID": 70, "STRM_VAL": 1.0, "stream_id": 70, "strahler": 4, "upstream_cells": 447208.0, "length_m": 1318.1669217984099 }, "geometry": { "type": "LineString", "coordinates": [ [ 334860.527600258938037, 3063598.392611187882721 ], [ 334660.118354533042293, 3063598.392611187882721 ], [ 334631.48846228653565, 3063569.762718941085041 ], [ 334545.5987855468411, 3063655.652395681012422 ], [ 334431.079216560639907, 3063655.652395681012422 ], [ 334373.819432067510206, 3063712.912180174142122 ], [ 334259.299863081309013, 3063712.912180174142122 ], [ 334116.15040184854297, 3063856.061641406733543 ], [ 334087.520509602036327, 3063856.061641406733543 ], [ 334030.260725108906627, 3063913.321425899863243 ], [ 334030.260725108906627, 3063941.951318146660924 ], [ 334001.630832862341776, 3063970.581210392992944 ], [ 333858.481371629575733, 3063970.581210392992944 ], [ 333772.59169488993939, 3064056.470887132454664 ] ] } },
{ "type": "Feature", "properties": { "FID": 71, "STRM_VAL": 1.0, "stream_id": 71, "strahler": 4, "upstream_cells": 459192.0, "length_m": 893.63065103114116 }, "geometry": { "type": "LineString", "coordinates": [ [ 333772.59169488993939, 3064056.470887132454664 ], [ 333743.96180264337454, 3064085.100779379252344 ], [ 333715.33191039680969, 3064085.100779379252344 ], [ 333658.072125903738197, 3064142.360563872382045 ], [ 333514.922664670972154, 3064142.360563872382045 ], [ 333429.032987931277603, 3064228.250240611843765 ], [ 333400.40309568477096, 3064228.250240611843765 ], [ 333314.51341894507641, 3064314.139917351771146 ], [ 333285.883526698569767, 3064314.139917351771146 ], [ 333228.623742205440067, 3064371.399701844900846 ], [ 333171.363957712310366, 3064371.399701844900846 ], [ 333056.844388726109173, 3064256.880132858641446 ] ] } },
{ "type": "Feature", "properties": { "FID": 72, "STRM_VAL": 1.0, "stream_id": 72, "strahler": 4, "upstream_cells": 583607.0, "length_m": 964.78398897794068 }, "geometry": { "type": "LineString", "coordinates": [ [ 333056.844388726109173, 3064256.880132858641446 ], [ 332741.915574014070444, 3063941.951318146660924 ], [ 332713.285681767505594, 3063941.951318146660924 ], [ 332598.7661127813044, 3063827.431749160401523 ], [ 332541.5063282881747, 3063827.431749160401523 ], [ 332484.246543795045, 3063770.171964667271823 ], [ 332484.246543795045, 3063741.542072420474142 ], [ 332369.726974808843806, 3063627.022503434214741 ] ] } },
{ "type": "Feature", "properties": { "FID": 73, "STRM_VAL": 1.0, "stream_id": 73, "strahler": 4, "upstream_cells": 641417.0, "length_m": 3118.1298988564427 }, "geometry": { "type": "LineString", "coordinates": [ [ 332369.726974808843806, 3063627.022503434214741 ], [ 332369.726974808843806, 3063512.50293444795534 ], [ 332312.467190315772314, 3063455.243149955291301 ], [ 332312.467190315772314, 3063025.794766256585717 ], [ 332283.837298069207463, 3062997.164874010253698 ], [ 332283.837298069207463, 3062854.015412777662277 ], [ 332226.577513576077763, 3062796.755628284532577 ], [ 332226.577513576077763, 3062710.865951544605196 ], [ 332083.42805234331172, 3062567.716490312013775 ], [ 332026.168267850240227, 3062567.716490312013775 ], [ 331854.388914370909333, 3062395.937136832624674 ], [ 331797.129129877779633, 3062395.937136832624674 ], [ 331768.49923763127299, 3062367.307244586292654 ], [ 331739.86934538470814, 3062367.307244586292654 ], [ 331653.979668645071797, 3062281.417567846365273 ], [ 331653.979668645071797, 3062166.897998860105872 ], [ 331596.719884151942097, 3062109.638214366976172 ], [ 331596.719884151942097, 3062081.008322120644152 ], [ 331568.089991905377246, 3062052.378429873846471 ], [ 331568.089991905377246, 3062023.748537627514452 ], [ 331596.719884151942097, 3061995.118645380716771 ], [ 331596.719884151942097, 3061937.85886088758707 ], [ 331568.089991905377246, 3061909.228968641255051 ], [ 331568.089991905377246, 3061880.599076394923031 ], [ 331596.719884151942097, 3061851.96918414812535 ], [ 331596.719884151942097, 3061823.339291901793331 ], [ 331625.349776398506947, 3061823.339291901793331 ], [ 331768.49923763127299, 3061680.189830668736249 ], [ 331797.129129877779633, 3061680.189830668736249 ], [ 331825.759022124344483, 3061651.55993842240423 ], [ 331968.908483357110526, 3061651.55993842240423 ], [ 332026.168267850240227, 3061594.300153929274529 ], [ 332026.168267850240227, 3061508.410477189347148 ], [ 332083.42805234331172, 3061451.150692696217448 ], [ 332083.42805234331172, 3061279.371339217294008 ] ] } },
{ "type": "Feature", "properties": { "FID": 74, "STRM_VAL": 1.0, "stream_id": 74, "strahler": 1, "upstream_cells": 4654.0, "length_m": 1244.1361347165544 }, "geometry": { "type": "LineString", "coordinates": [ [ 331110.011715960572474, 3051745.617221115157008 ], [ 330995.492146974313073, 3051860.136790101416409 ], [ 330995.492146974313073, 3051917.396574594546109 ], [ 330966.86225472780643, 3051946.026466840878129 ], [ 330966.86225472780643, 3051974.65635908767581 ], [ 330852.342685741605237, 3052089.175928073935211 ], [ 330852.342685741605237, 3052117.80582032026723 ], [ 330766.453009001910686, 3052203.69549705972895 ], [ 330766.453009001910686, 3052232.325389306526631 ], [ 330737.823116755345836, 3052260.955281552858651 ], [ 330651.933440015709493, 3052260.955281552858651 ], [ 330623.303547769144643, 3052289.585173799656332 ], [ 330566.04376327607315, 3052289.585173799656332 ], [ 330508.78397878294345, 3052346.844958292786032 ], [ 330508.78397878294345, 3052432.734635032247752 ], [ 330480.1540865363786, 3052432.734635032247752 ], [ 330451.524194289813749, 3052461.364527279045433 ], [ 330422.894302043307107, 3052461.364527279045433 ], [ 330394.264409796742257, 3052432.734635032247752 ], [ 330308.374733057105914, 3052432.734635032247752 ] ] } },
{ "type": "Feature", "properties": { "FID": 75, "STRM_VAL": 1.0, "stream_id": 75, "strahler": 1, "upstream_cells": 3965.0, "length_m": 903.45487689247886 }, "geometry": { "type": "LineString", "coordinates": [ [ 328934.13990522257518, 3052146.43571256659925 ], [ 328962.769797469081823, 3052175.065604813396931 ], [ 328991.399689715646673, 3052175.065604813396931 ], [ 329020.029581962211523, 3052203.69549705972895 ], [ 329105.919258701847866, 3052203.69549705972895 ], [ 329134.549150948412716, 3052175.065604813396931 ], [ 329163.179043194977567, 3052175.065604813396931 ], [ 329220.438827688107267, 3052117.80582032026723 ], [ 329449.477965660509653, 3052117.80582032026723 ], [ 329506.737750153581146, 3052060.54603582713753 ], [ 329506.737750153581146, 3052031.91614358080551 ], [ 329563.997534646710847, 3051974.65635908767581 ], [ 329563.997534646710847, 3051946.026466840878129 ], [ 329621.257319139840547, 3051888.766682347748429 ], [ 329621.257319139840547, 3051860.136790101416409 ] ] } },
{ "type": "Feature", "properties": { "FID": 76, "STRM_VAL": 1.0, "stream_id": 76, "strahler": 1, "upstream_cells": 8327.0, "length_m": 3213.0010161184523 }, "geometry": { "type": "LineString", "coordinates": [ [ 317968.89117479295237, 3052375.474850539118052 ], [ 318026.150959286023863, 3052318.215066045988351 ], [ 318026.150959286023863, 3052289.585173799656332 ], [ 318054.780851532588713, 3052260.955281552858651 ], [ 318054.780851532588713, 3052232.325389306526631 ], [ 318083.410743779153563, 3052203.69549705972895 ], [ 318083.410743779153563, 3052117.80582032026723 ], [ 318140.670528272225056, 3052060.54603582713753 ], [ 318140.670528272225056, 3052003.286251334007829 ], [ 318169.300420518789906, 3052003.286251334007829 ], [ 318197.930312765354756, 3052031.91614358080551 ], [ 318226.560205011919606, 3052003.286251334007829 ], [ 318426.969450737757143, 3052003.286251334007829 ], [ 318455.599342984321993, 3051974.65635908767581 ], [ 318455.599342984321993, 3051946.026466840878129 ], [ 318484.229235230886843, 3051917.396574594546109 ], [ 318484.229235230886843, 3051831.506897854618728 ], [ 318455.599342984321993, 3051802.877005608286709 ], [ 318455.599342984321993, 3051774.247113361489028 ], [ 318369.70966624468565, 3051688.357436622027308 ], [ 318369.70966624468565, 3051659.727544375229627 ], [ 318341.0797739981208, 3051631.097652128897607 ], [ 318398.3395584912505, 3051573.837867635767907 ], [ 318398.3395584912505, 3051545.207975389435887 ], [ 318426.969450737757143, 3051516.578083142638206 ], [ 318455.599342984321993, 3051516.578083142638206 ], [ 318541.489019723958336, 3051430.688406403176486 ], [ 318570.118911970523186, 3051430.688406403176486 ], [ 318684.638480956724379, 3051545.207975389435887 ], [ 318684.638480956724379, 3051659.727544375229627 ], [ 318713.268373203289229, 3051688.357436622027308 ], [ 318713.268373203289229, 3051716.987328868359327 ], [ 318741.89826544985408, 3051716.987328868359327 ], [ 318770.52815769641893, 3051688.357436622027308 ], [ 318799.15804994298378, 3051688.357436622027308 ], [ 318827.787942189490423, 3051659.727544375229627 ], [ 318999.567295668821316, 3051659.727544375229627 ], [ 319028.197187915386166, 3051631.097652128897607 ], [ 319028.197187915386166, 3051516.578083142638206 ], [ 319056.827080161951017, 3051487.948190896306187 ], [ 319056.827080161951017, 3051459.318298649508506 ], [ 319085.456972408457659, 3051430.688406403176486 ], [ 319142.71675690158736, 3051430.688406403176486 ], [ 319228.606433641223703, 3051516.578083142638206 ], [ 319257.236325887788553, 3051516.578083142638206 ], [ 319343.126002627483103, 3051602.467759882099926 ], [ 319371.755894873989746, 3051602.467759882099926 ], [ 319429.015679367119446, 3051659.727544375229627 ], [ 319457.645571613684297, 3051631.097652128897607 ], [ 319514.905356106755789, 3051631.097652128897607 ], [ 319600.79503284645034, 3051545.207975389435887 ], [ 319629.424925092956983, 3051545.207975389435887 ], [ 319658.054817339521833, 3051516.578083142638206 ], [ 319686.684709586086683, 3051516.578083142638206 ] ] } },
{ "type": "Feature", "properties": { "FID": 77, "STRM_VAL": 1.0, "stream_id": 77, "strahler": 2, "upstream_cells": 56178.0, "length_m": 6603.8853771050726 }, "geometry": { "type": "LineString", "coordinates": [ [ 319686.684709586086683, 3051516.578083142638206 ], [ 319715.314601832651533, 3051487.948190896306187 ], [ 319801.204278572287876, 3051487.948190896306187 ], [ 319829.834170818852726, 3051459.318298649508506 ], [ 319858.464063065417577, 3051459.318298649508506 ], [ 319887.093955311982427, 3051430.688406403176486 ], [ 320001.61352429818362, 3051430.688406403176486 ], [ 320144.762985530949663, 3051573.837867635767907 ], [ 320144.762985530949663, 3051602.467759882099926 ], [ 320287.912446763715707, 3051745.617221115157008 ], [ 320287.912446763715707, 3051774.247113361489028 ], [ 320373.80212350335205, 3051860.136790101416409 ], [ 320459.691800242988393, 3051860.136790101416409 ], [ 320488.321692489553243, 3051831.506897854618728 ], [ 320516.951584736118093, 3051860.136790101416409 ], [ 320545.581476982682943, 3051831.506897854618728 ], [ 320545.581476982682943, 3051745.617221115157008 ], [ 320574.211369229189586, 3051716.987328868359327 ], [ 320574.211369229189586, 3051659.727544375229627 ], [ 320688.730938215448987, 3051545.207975389435887 ], [ 320831.88039944821503, 3051545.207975389435887 ], [ 320917.770076187851373, 3051459.318298649508506 ], [ 320946.399968434416223, 3051459.318298649508506 ], [ 320975.029860680922866, 3051430.688406403176486 ], [ 321032.289645174052566, 3051430.688406403176486 ], [ 321204.06899865338346, 3051602.467759882099926 ], [ 321232.69889089994831, 3051573.837867635767907 ], [ 321433.108136625785846, 3051573.837867635767907 ], [ 321547.627705611987039, 3051459.318298649508506 ], [ 321576.25759785855189, 3051459.318298649508506 ], [ 321604.88749010511674, 3051430.688406403176486 ], [ 321633.51738235168159, 3051430.688406403176486 ], [ 321690.777166844753083, 3051373.428621910046786 ], [ 321690.777166844753083, 3051344.798729663249105 ], [ 321719.407059091317933, 3051316.168837416917086 ], [ 321719.407059091317933, 3051144.389483937527984 ], [ 321805.296735830954276, 3051058.499807198066264 ], [ 321891.186412570648827, 3051058.499807198066264 ], [ 321948.446197063720319, 3051115.759591690730304 ], [ 321977.07608931028517, 3051115.759591690730304 ], [ 322005.70598155685002, 3051144.389483937527984 ], [ 322062.965766049921513, 3051144.389483937527984 ], [ 322091.595658296486363, 3051173.019376183860004 ], [ 322120.225550543051213, 3051173.019376183860004 ], [ 322148.855442789616063, 3051201.649268430657685 ], [ 322177.485335036180913, 3051201.649268430657685 ], [ 322206.115227282687556, 3051173.019376183860004 ], [ 322206.115227282687556, 3051144.389483937527984 ], [ 322234.745119529252406, 3051115.759591690730304 ], [ 322234.745119529252406, 3051087.129699444398284 ], [ 322263.375011775817256, 3051058.499807198066264 ], [ 322263.375011775817256, 3051029.869914951268584 ], [ 322292.004904022382107, 3051001.240022704936564 ], [ 322292.004904022382107, 3050972.610130458138883 ], [ 322320.634796268946957, 3050943.980238211806864 ], [ 322320.634796268946957, 3050915.350345965009183 ], [ 322349.264688515453599, 3050915.350345965009183 ], [ 322377.89458076201845, 3050886.720453718677163 ], [ 322435.15436525514815, 3050886.720453718677163 ], [ 322492.414149748219643, 3050829.460669225547463 ], [ 322492.414149748219643, 3050686.311207992490381 ], [ 322406.5244730085833, 3050600.421531253028661 ], [ 322406.5244730085833, 3050571.79163900623098 ], [ 322377.89458076201845, 3050543.161746759898961 ], [ 322349.264688515453599, 3050543.161746759898961 ], [ 322349.264688515453599, 3050514.531854513566941 ], [ 322263.375011775817256, 3050428.64217777363956 ], [ 322263.375011775817256, 3050400.01228552730754 ], [ 322349.264688515453599, 3050314.122608787380159 ], [ 322349.264688515453599, 3050285.492716541048139 ], [ 322435.15436525514815, 3050199.603039801120758 ], [ 322463.784257501654793, 3050199.603039801120758 ], [ 322492.414149748219643, 3050228.232932047918439 ], [ 322578.303826487914193, 3050142.343255307991058 ], [ 322578.303826487914193, 3050113.713363061659038 ], [ 322606.933718734420836, 3050113.713363061659038 ], [ 322778.71307221375173, 3049941.934009582269937 ], [ 322778.71307221375173, 3049827.414440596010536 ], [ 322864.60274895344628, 3049741.524763856548816 ], [ 322893.232641199952923, 3049741.524763856548816 ], [ 323007.752210186154116, 3049627.005194870289415 ], [ 323036.382102432718966, 3049627.005194870289415 ], [ 323093.641886925848667, 3049569.745410377159715 ], [ 323093.641886925848667, 3049541.115518130362034 ], [ 323122.271779172413517, 3049512.485625884030014 ], [ 323150.901671418920159, 3049512.485625884030014 ], [ 323236.79134815861471, 3049426.595949144568294 ], [ 323236.79134815861471, 3049397.966056897770613 ], [ 323265.42124040517956, 3049369.336164651438594 ], [ 323265.42124040517956, 3049340.706272404640913 ], [ 323294.051132651686203, 3049312.076380158308893 ], [ 323322.681024898251053, 3049340.706272404640913 ], [ 323408.570701637887396, 3049340.706272404640913 ], [ 323523.090270624146797, 3049455.225841390900314 ], [ 323523.090270624146797, 3049483.855733637232333 ], [ 323551.720162870653439, 3049512.485625884030014 ] ] } },
{ "type": "Feature", "properties": { "FID": 78, "STRM_VAL": 1.0, "stream_id": 78, "strahler": 3, "upstream_cells": 93079.0, "length_m": 3516.0709411736248 }, "geometry": { "type": "LineString", "coordinates": [ [ 323551.720162870653439, 3049512.485625884030014 ], [ 323608.97994736378314, 3049512.485625884030014 ], [ 323637.60983961034799, 3049541.115518130362034 ], [ 323666.23973185691284, 3049541.115518130362034 ], [ 323694.869624103419483, 3049512.485625884030014 ], [ 323694.869624103419483, 3049483.855733637232333 ], [ 323752.129408596549183, 3049426.595949144568294 ], [ 323752.129408596549183, 3049340.706272404640913 ], [ 323780.759300843114033, 3049340.706272404640913 ], [ 323866.648977582750376, 3049254.816595665179193 ], [ 323895.278869829315227, 3049254.816595665179193 ], [ 323923.908762075880077, 3049226.186703418381512 ], [ 323923.908762075880077, 3049197.556811172049493 ], [ 323952.538654322386719, 3049168.926918925251812 ], [ 323952.538654322386719, 3049111.667134432122111 ], [ 324038.42833106208127, 3049025.777457692660391 ], [ 324067.05822330864612, 3049025.777457692660391 ], [ 324124.318007801717613, 3048968.517673199530691 ], [ 324267.467469034483656, 3048968.517673199530691 ], [ 324296.097361281048506, 3048939.88778095273301 ], [ 324324.727253527613357, 3048939.88778095273301 ], [ 324353.357145774178207, 3048911.25788870640099 ], [ 324811.43542171898298, 3048911.25788870640099 ], [ 325011.844667444878723, 3048710.84864298067987 ], [ 325011.844667444878723, 3048653.588858487550169 ], [ 325040.474559691385366, 3048624.958966240752488 ], [ 325040.474559691385366, 3048596.329073994420469 ], [ 325097.734344184515066, 3048539.069289501290768 ], [ 325097.734344184515066, 3048453.179612761363387 ], [ 325126.364236431079917, 3048453.179612761363387 ], [ 325183.624020924151409, 3048395.919828268233687 ], [ 325183.624020924151409, 3048338.660043775569648 ], [ 325240.88380541728111, 3048281.400259282439947 ], [ 325240.88380541728111, 3048224.140474789310247 ], [ 325298.14358991041081, 3048166.880690296180546 ], [ 325298.14358991041081, 3047937.841552323661745 ], [ 325240.88380541728111, 3047880.581767830532044 ], [ 325240.88380541728111, 3047851.951875583734363 ], [ 325183.624020924151409, 3047794.692091091070324 ], [ 325154.994128677644767, 3047794.692091091070324 ], [ 325126.364236431079917, 3047766.062198844272643 ], [ 325097.734344184515066, 3047766.062198844272643 ], [ 325069.104451937950216, 3047737.432306597940624 ], [ 325040.474559691385366, 3047737.432306597940624 ], [ 324983.214775198313873, 3047680.172522104810923 ], [ 324983.214775198313873, 3047651.542629858013242 ], [ 324954.584882951749023, 3047622.912737611681223 ], [ 324954.584882951749023, 3047594.282845364883542 ], [ 324897.32509845867753, 3047537.023060871753842 ], [ 324897.32509845867753, 3047479.763276378624141 ] ] } },
{ "type": "Feature", "properties": { "FID": 79, "STRM_VAL": 1.0, "stream_id": 79, "strahler": 1, "upstream_cells": 4814.0, "length_m": 2660.0516229118334 }, "geometry": { "type": "LineString", "coordinates": [ [ 343821.683873429894447, 3052404.104742785915732 ], [ 343936.203442416095641, 3052404.104742785915732 ], [ 343993.463226909167133, 3052461.364527279045433 ], [ 344022.093119155731983, 3052461.364527279045433 ], [ 344079.352903648861684, 3052518.624311772175133 ], [ 344136.612688141933177, 3052518.624311772175133 ], [ 344222.502364881627727, 3052604.513988511636853 ], [ 344222.502364881627727, 3052633.143880758434534 ], [ 344279.76214937469922, 3052690.403665251098573 ], [ 344308.39204162126407, 3052690.403665251098573 ], [ 344337.02193386782892, 3052719.033557497896254 ], [ 344394.281718360900413, 3052719.033557497896254 ], [ 344422.911610607465263, 3052747.663449744228274 ], [ 344451.541502854030114, 3052747.663449744228274 ], [ 344508.801287347159814, 3052804.923234237357974 ], [ 344594.690964086796157, 3052804.923234237357974 ], [ 344623.320856333361007, 3052833.553126484155655 ], [ 344680.5806408264325, 3052833.553126484155655 ], [ 344709.21053307299735, 3052862.183018730487674 ], [ 344737.8404253195622, 3052862.183018730487674 ], [ 344766.470317566127051, 3052890.812910977285355 ], [ 344909.619778798893094, 3052890.812910977285355 ], [ 344938.249671045399737, 3052919.442803223617375 ], [ 344995.509455538529437, 3052919.442803223617375 ], [ 345138.65891677129548, 3053062.592264456674457 ], [ 345167.288809017860331, 3053062.592264456674457 ], [ 345167.288809017860331, 3053091.222156703006476 ], [ 345224.548593510931823, 3053148.481941196136177 ], [ 345224.548593510931823, 3053234.371617935597897 ], [ 345253.178485757496674, 3053263.001510182395577 ], [ 345253.178485757496674, 3053291.631402428727597 ], [ 345281.808378004061524, 3053320.261294675525278 ], [ 345281.808378004061524, 3053406.150971414986998 ], [ 345310.438270250626374, 3053434.780863661784679 ], [ 345310.438270250626374, 3053492.040648154914379 ], [ 345339.068162497133017, 3053520.670540401246399 ], [ 345339.068162497133017, 3053549.30043264804408 ], [ 345396.327946990262717, 3053606.56021714117378 ], [ 345396.327946990262717, 3053663.82000163430348 ], [ 345424.957839236827567, 3053692.4498938806355 ], [ 345424.957839236827567, 3053721.079786127433181 ], [ 345339.068162497133017, 3053806.969462866894901 ], [ 345339.068162497133017, 3053835.59935511322692 ], [ 345367.698054743697867, 3053864.229247360024601 ], [ 345367.698054743697867, 3053892.859139606356621 ], [ 345396.327946990262717, 3053921.489031853154302 ] ] } },
{ "type": "Feature", "properties": { "FID": 80, "STRM_VAL": 1.0, "stream_id": 80, "strahler": 2, "upstream_cells": 23590.0, "length_m": 4202.3455697511827 }, "geometry": { "type": "LineString", "coordinates": [ [ 345396.327946990262717, 3053921.489031853154302 ], [ 345568.107300469593611, 3053921.489031853154302 ], [ 345653.996977209229954, 3053835.59935511322692 ], [ 345682.626869455794804, 3053835.59935511322692 ], [ 345711.256761702359654, 3053806.969462866894901 ], [ 345739.886653948866297, 3053806.969462866894901 ], [ 345768.516546195431147, 3053835.59935511322692 ], [ 345911.66600742819719, 3053835.59935511322692 ], [ 346140.705145400599577, 3053606.56021714117378 ], [ 346140.705145400599577, 3053577.930324894376099 ], [ 346255.224714386858977, 3053463.410755908116698 ], [ 346341.11439112649532, 3053463.410755908116698 ], [ 346398.374175619625021, 3053406.150971414986998 ], [ 346484.263852359261364, 3053406.150971414986998 ], [ 346512.893744605826214, 3053377.521079168654978 ], [ 346713.30299033166375, 3053377.521079168654978 ], [ 346856.452451564429794, 3053234.371617935597897 ], [ 346885.082343810994644, 3053234.371617935597897 ], [ 347056.861697290325537, 3053406.150971414986998 ], [ 347056.861697290325537, 3053463.410755908116698 ], [ 347114.12148178339703, 3053520.670540401246399 ], [ 347114.12148178339703, 3053549.30043264804408 ], [ 347171.381266276526731, 3053606.56021714117378 ], [ 347314.530727509292774, 3053606.56021714117378 ], [ 347371.790512002364267, 3053549.30043264804408 ], [ 347429.050296495493967, 3053549.30043264804408 ], [ 347457.680188742058817, 3053577.930324894376099 ], [ 347457.680188742058817, 3053635.1901093875058 ], [ 347514.93997323513031, 3053692.4498938806355 ], [ 347514.93997323513031, 3053721.079786127433181 ], [ 347572.19975772826001, 3053778.33957062009722 ], [ 347629.459542221389711, 3053778.33957062009722 ], [ 347658.089434467896353, 3053749.7096783737652 ], [ 347715.349218961026054, 3053749.7096783737652 ], [ 347715.349218961026054, 3053721.079786127433181 ], [ 347743.979111207590904, 3053692.4498938806355 ], [ 347743.979111207590904, 3053520.670540401246399 ], [ 347801.238895700662397, 3053463.410755908116698 ], [ 347887.128572440356947, 3053463.410755908116698 ], [ 347915.75846468686359, 3053434.780863661784679 ], [ 347915.75846468686359, 3053377.521079168654978 ], [ 347858.498680193792097, 3053320.261294675525278 ], [ 347858.498680193792097, 3053291.631402428727597 ], [ 347887.128572440356947, 3053263.001510182395577 ], [ 347915.75846468686359, 3053263.001510182395577 ], [ 347944.38835693342844, 3053234.371617935597897 ], [ 347973.01824917999329, 3053234.371617935597897 ], [ 348001.648141426558141, 3053205.741725689265877 ], [ 348058.907925919629633, 3053205.741725689265877 ], [ 348087.537818166194484, 3053177.111833442933857 ], [ 348144.797602659324184, 3053177.111833442933857 ], [ 348173.427494905830827, 3053205.741725689265877 ], [ 348287.947063892090227, 3053205.741725689265877 ], [ 348316.57695613859687, 3053234.371617935597897 ], [ 348345.20684838516172, 3053234.371617935597897 ] ] } },
{ "type": "Feature", "properties": { "FID": 81, "STRM_VAL": 1.0, "stream_id": 81, "strahler": 2, "upstream_cells": 52762.0, "length_m": 4688.2109526033728 }, "geometry": { "type": "LineString", "coordinates": [ [ 348345.20684838516172, 3053234.371617935597897 ], [ 348488.356309617927764, 3053091.222156703006476 ], [ 348516.986201864492614, 3053091.222156703006476 ], [ 348545.616094111057464, 3053062.592264456674457 ], [ 348774.65523208345985, 3053062.592264456674457 ], [ 348831.915016576589551, 3053119.852048949804157 ], [ 348889.174801069661044, 3053119.852048949804157 ], [ 348917.804693316225894, 3053148.481941196136177 ], [ 349003.694370055862237, 3053148.481941196136177 ], [ 349032.324262302427087, 3053119.852048949804157 ], [ 349089.584046795556787, 3053119.852048949804157 ], [ 349146.84383128862828, 3053062.592264456674457 ], [ 349175.47372353519313, 3053062.592264456674457 ], [ 349232.733508028322831, 3053005.332479963544756 ], [ 349347.253077014524024, 3053005.332479963544756 ], [ 349433.142753754160367, 3052919.442803223617375 ], [ 349519.032430493854918, 3052919.442803223617375 ], [ 349547.66232274036156, 3052890.812910977285355 ], [ 349576.29221498692641, 3052890.812910977285355 ], [ 349604.922107233491261, 3052862.183018730487674 ], [ 349862.591137452458497, 3052862.183018730487674 ], [ 349891.221029699023347, 3052833.553126484155655 ], [ 349891.221029699023347, 3052776.293341991025954 ], [ 350034.370490931789391, 3052633.143880758434534 ], [ 350063.000383178354241, 3052633.143880758434534 ], [ 350091.630275424860884, 3052604.513988511636853 ], [ 350320.669413397321478, 3052604.513988511636853 ], [ 350406.559090136957821, 3052518.624311772175133 ], [ 350406.559090136957821, 3052489.994419525377452 ], [ 350435.188982383522671, 3052489.994419525377452 ], [ 350549.708551369723864, 3052375.474850539118052 ], [ 350578.338443616288714, 3052375.474850539118052 ], [ 350578.338443616288714, 3052346.844958292786032 ], [ 350750.1177970955614, 3052175.065604813396931 ], [ 350807.3775815886911, 3052175.065604813396931 ], [ 350921.897150574892294, 3052060.54603582713753 ], [ 350921.897150574892294, 3051974.65635908767581 ], [ 350979.156935068021994, 3051917.396574594546109 ], [ 350979.156935068021994, 3051831.506897854618728 ], [ 350921.897150574892294, 3051774.247113361489028 ], [ 350921.897150574892294, 3051745.617221115157008 ], [ 350864.637366081820801, 3051688.357436622027308 ], [ 351007.786827314528637, 3051545.207975389435887 ], [ 351007.786827314528637, 3051516.578083142638206 ], [ 350893.267258328327443, 3051402.058514156378806 ], [ 350893.267258328327443, 3051344.798729663249105 ], [ 350950.527042821457144, 3051287.538945170119405 ], [ 350950.527042821457144, 3051258.909052923787385 ], [ 350979.156935068021994, 3051230.279160676989704 ], [ 350979.156935068021994, 3051144.389483937527984 ], [ 351036.416719561093487, 3051087.129699444398284 ], [ 351036.416719561093487, 3051058.499807198066264 ], [ 351093.676504054223187, 3051001.240022704936564 ], [ 351093.676504054223187, 3050943.980238211806864 ], [ 351122.306396300788037, 3050915.350345965009183 ], [ 351122.306396300788037, 3050886.720453718677163 ], [ 351150.936288547352888, 3050858.090561471879482 ] ] } },
{ "type": "Feature", "properties": { "FID": 82, "STRM_VAL": 1.0, "stream_id": 82, "strahler": 1, "upstream_cells": 9079.0, "length_m": 4626.881840519357 }, "geometry": { "type": "LineString", "coordinates": [ [ 357936.220750980253797, 3053177.111833442933857 ], [ 357821.701181994052604, 3053062.592264456674457 ], [ 357821.701181994052604, 3053033.962372209876776 ], [ 357793.071289747487754, 3053005.332479963544756 ], [ 357764.441397500981111, 3053005.332479963544756 ], [ 357707.181613007851411, 3052948.072695470415056 ], [ 357707.181613007851411, 3052919.442803223617375 ], [ 357649.92182851472171, 3052862.183018730487674 ], [ 357649.92182851472171, 3052833.553126484155655 ], [ 357621.291936268215068, 3052833.553126484155655 ], [ 357564.032151775085367, 3052776.293341991025954 ], [ 357564.032151775085367, 3052690.403665251098573 ], [ 357535.402259528520517, 3052661.773773004766554 ], [ 357535.402259528520517, 3052489.994419525377452 ], [ 357506.772367281955667, 3052461.364527279045433 ], [ 357506.772367281955667, 3052375.474850539118052 ], [ 357535.402259528520517, 3052346.844958292786032 ], [ 357535.402259528520517, 3052318.215066045988351 ], [ 357478.142475035449024, 3052260.955281552858651 ], [ 357478.142475035449024, 3052117.80582032026723 ], [ 357449.512582788884174, 3052089.175928073935211 ], [ 357449.512582788884174, 3052031.91614358080551 ], [ 357420.882690542319324, 3052003.286251334007829 ], [ 357420.882690542319324, 3051946.026466840878129 ], [ 357392.252798295754474, 3051917.396574594546109 ], [ 357392.252798295754474, 3051888.766682347748429 ], [ 357363.622906049247831, 3051860.136790101416409 ], [ 357363.622906049247831, 3051774.247113361489028 ], [ 357334.993013802682981, 3051745.617221115157008 ], [ 357334.993013802682981, 3051716.987328868359327 ], [ 357306.363121556118131, 3051688.357436622027308 ], [ 357306.363121556118131, 3051573.837867635767907 ], [ 357334.993013802682981, 3051545.207975389435887 ], [ 357306.363121556118131, 3051516.578083142638206 ], [ 357306.363121556118131, 3051459.318298649508506 ], [ 357363.622906049247831, 3051402.058514156378806 ], [ 357363.622906049247831, 3051373.428621910046786 ], [ 357420.882690542319324, 3051316.168837416917086 ], [ 357420.882690542319324, 3051258.909052923787385 ], [ 357363.622906049247831, 3051201.649268430657685 ], [ 357363.622906049247831, 3051173.019376183860004 ], [ 357334.993013802682981, 3051144.389483937527984 ], [ 357163.213660323352087, 3051144.389483937527984 ], [ 357134.583768076787237, 3051115.759591690730304 ], [ 357105.953875830280595, 3051115.759591690730304 ], [ 357077.323983583715744, 3051087.129699444398284 ], [ 357077.323983583715744, 3051029.869914951268584 ], [ 356991.434306844021194, 3050943.980238211806864 ], [ 356962.804414597456343, 3050943.980238211806864 ], [ 356934.174522350949701, 3050915.350345965009183 ], [ 356934.174522350949701, 3050886.720453718677163 ], [ 356905.544630104384851, 3050858.090561471879482 ], [ 356876.91473785782, 3050858.090561471879482 ], [ 356848.28484561125515, 3050829.460669225547463 ], [ 356848.28484561125515, 3050686.311207992490381 ], [ 356733.765276625053957, 3050571.79163900623098 ], [ 356733.765276625053957, 3050514.531854513566941 ], [ 356561.985923145781271, 3050342.75250103417784 ], [ 356533.356030899216421, 3050342.75250103417784 ], [ 356533.356030899216421, 3050314.122608787380159 ], [ 356447.46635415952187, 3050228.232932047918439 ], [ 356132.537539447483141, 3050228.232932047918439 ], [ 356103.907647200918291, 3050199.603039801120758 ], [ 356103.907647200918291, 3050113.713363061659038 ], [ 356075.277754954353441, 3050085.083470814861357 ], [ 356075.277754954353441, 3050056.453578568529338 ], [ 356046.64786270778859, 3050027.823686321731657 ], [ 356018.017970461281948, 3050027.823686321731657 ], [ 355989.388078214717098, 3049999.193794075399637 ], [ 355932.128293721587397, 3049999.193794075399637 ], [ 355903.498401475022547, 3049970.563901829067618 ] ] } },
{ "type": "Feature", "properties": { "FID": 83, "STRM_VAL": 1.0, "stream_id": 83, "strahler": 1, "upstream_cells": 4865.0, "length_m": 1291.5716933474093 }, "geometry": { "type": "LineString", "coordinates": [ [ 324009.79843881551642, 3053348.891186921857297 ], [ 324009.79843881551642, 3053263.001510182395577 ], [ 324038.42833106208127, 3053234.371617935597897 ], [ 324038.42833106208127, 3053205.741725689265877 ], [ 324067.05822330864612, 3053177.111833442933857 ], [ 324067.05822330864612, 3053148.481941196136177 ], [ 324095.688115555152763, 3053119.852048949804157 ], [ 324095.688115555152763, 3053033.962372209876776 ], [ 324238.837576787918806, 3052890.812910977285355 ], [ 324267.467469034483656, 3052890.812910977285355 ], [ 324296.097361281048506, 3052862.183018730487674 ], [ 324324.727253527613357, 3052862.183018730487674 ], [ 324353.357145774178207, 3052833.553126484155655 ], [ 324410.6169302672497, 3052833.553126484155655 ], [ 324611.026175993145443, 3052633.143880758434534 ], [ 324611.026175993145443, 3052604.513988511636853 ], [ 324725.545744979346637, 3052489.994419525377452 ], [ 324754.175637225911487, 3052489.994419525377452 ], [ 324782.805529472418129, 3052461.364527279045433 ] ] } },
{ "type": "Feature", "properties": { "FID": 84, "STRM_VAL": 1.0, "stream_id": 84, "strahler": 2, "upstream_cells": 17072.0, "length_m": 3918.0813110827148 }, "geometry": { "type": "LineString", "coordinates": [ [ 324782.805529472418129, 3052461.364527279045433 ], [ 324725.545744979346637, 3052404.104742785915732 ], [ 324725.545744979346637, 3052260.955281552858651 ], [ 324696.915852732781786, 3052232.325389306526631 ], [ 324696.915852732781786, 3052089.175928073935211 ], [ 324725.545744979346637, 3052060.54603582713753 ], [ 324725.545744979346637, 3052031.91614358080551 ], [ 324897.32509845867753, 3051860.136790101416409 ], [ 324897.32509845867753, 3051831.506897854618728 ], [ 324840.06531396554783, 3051774.247113361489028 ], [ 324668.285960486216936, 3051774.247113361489028 ], [ 324639.656068239652086, 3051745.617221115157008 ], [ 324639.656068239652086, 3051716.987328868359327 ], [ 324668.285960486216936, 3051688.357436622027308 ], [ 324668.285960486216936, 3051659.727544375229627 ], [ 324782.805529472418129, 3051545.207975389435887 ], [ 324782.805529472418129, 3051487.948190896306187 ], [ 324754.175637225911487, 3051459.318298649508506 ], [ 324754.175637225911487, 3051430.688406403176486 ], [ 324639.656068239652086, 3051316.168837416917086 ], [ 324639.656068239652086, 3051287.538945170119405 ], [ 324611.026175993145443, 3051287.538945170119405 ], [ 324611.026175993145443, 3051258.909052923787385 ], [ 324467.8767147603794, 3051115.759591690730304 ], [ 324467.8767147603794, 3051087.129699444398284 ], [ 324439.24682251381455, 3051058.499807198066264 ], [ 324439.24682251381455, 3051029.869914951268584 ], [ 324410.6169302672497, 3051029.869914951268584 ], [ 324324.727253527613357, 3050943.980238211806864 ], [ 324324.727253527613357, 3050915.350345965009183 ], [ 324296.097361281048506, 3050886.720453718677163 ], [ 324296.097361281048506, 3050829.460669225547463 ], [ 324267.467469034483656, 3050800.830776978749782 ], [ 324238.837576787918806, 3050800.830776978749782 ], [ 324181.577792294847313, 3050743.570992485620081 ], [ 324181.577792294847313, 3050714.941100239288062 ], [ 324124.318007801717613, 3050657.681315746158361 ], [ 324124.318007801717613, 3050629.051423499360681 ], [ 324095.688115555152763, 3050600.421531253028661 ], [ 324095.688115555152763, 3050543.161746759898961 ], [ 324067.05822330864612, 3050514.531854513566941 ], [ 324067.05822330864612, 3050485.90196226676926 ], [ 324038.42833106208127, 3050457.272070020437241 ], [ 324038.42833106208127, 3050428.64217777363956 ], [ 323952.538654322386719, 3050342.75250103417784 ], [ 323952.538654322386719, 3050314.122608787380159 ], [ 323866.648977582750376, 3050228.232932047918439 ], [ 323866.648977582750376, 3050199.603039801120758 ], [ 323809.389193089678884, 3050142.343255307991058 ], [ 323809.389193089678884, 3050113.713363061659038 ], [ 323780.759300843114033, 3050085.083470814861357 ], [ 323780.759300843114033, 3050056.453578568529338 ], [ 323637.60983961034799, 3049913.304117335937917 ], [ 323637.60983961034799, 3049884.674225089140236 ], [ 323608.97994736378314, 3049856.044332842808217 ], [ 323608.97994736378314, 3049827.414440596010536 ], [ 323523.090270624146797, 3049741.524763856548816 ], [ 323523.090270624146797, 3049655.635087116621435 ], [ 323551.720162870653439, 3049627.005194870289415 ], [ 323551.720162870653439, 3049512.485625884030014 ] ] } },
{ "type": "Feature", "properties": { "FID": 85, "STRM_VAL": 1.0, "stream_id": 85, "strahler": 1, "upstream_cells": 5119.0, "length_m": 777.07641824838197 }, "geometry": { "type": "LineString", "coordinates": [ [ 336463.801566065871157, 3053692.4498938806355 ], [ 336492.431458312436007, 3053721.079786127433181 ], [ 336492.431458312436007, 3053749.7096783737652 ], [ 336578.32113505207235, 3053835.59935511322692 ], [ 336578.32113505207235, 3053921.489031853154302 ], [ 336463.801566065871157, 3054036.008600839413702 ], [ 336463.801566065871157, 3054064.638493085745722 ], [ 336492.431458312436007, 3054093.268385332543403 ], [ 336492.431458312436007, 3054121.898277578875422 ], [ 336521.061350559000857, 3054150.528169825673103 ], [ 336521.061350559000857, 3054322.307523304596543 ], [ 336492.431458312436007, 3054322.307523304596543 ] ] } },
{ "type": "Feature", "properties": { "FID": 86, "STRM_VAL": 1.0, "stream_id": 86, "strahler": 2, "upstream_cells": 9346.0, "length_m": 760.30541566042825 }, "geometry": { "type": "LineString", "coordinates": [ [ 336492.431458312436007, 3054322.307523304596543 ], [ 336492.431458312436007, 3054350.937415551394224 ], [ 336521.061350559000857, 3054379.567307797726244 ], [ 336521.061350559000857, 3054408.197200044523925 ], [ 336606.9510272986372, 3054494.086876783985645 ], [ 336635.58091954520205, 3054494.086876783985645 ], [ 336664.210811791708693, 3054522.716769030783325 ], [ 336835.990165271039587, 3054522.716769030783325 ], [ 336950.50973425724078, 3054637.236338017042726 ], [ 337007.76951875037048, 3054637.236338017042726 ], [ 337065.029303243500181, 3054694.496122510172427 ] ] } },
{ "type": "Feature", "properties": { "FID": 87, "STRM_VAL": 1.0, "stream_id": 87, "strahler": 2, "upstream_cells": 19790.0, "length_m": 2750.85341258275 }, "geometry": { "type": "LineString", "coordinates": [ [ 337065.029303243500181, 3054694.496122510172427 ], [ 337065.029303243500181, 3054751.755907003302127 ], [ 337122.289087736571673, 3054809.015691496431828 ], [ 337122.289087736571673, 3054894.905368235893548 ], [ 337236.808656722772866, 3055009.424937222152948 ], [ 337236.808656722772866, 3055038.054829468484968 ], [ 337265.438548969337717, 3055066.684721715282649 ], [ 337265.438548969337717, 3055267.09396744100377 ], [ 337294.068441215902567, 3055295.72385968780145 ], [ 337294.068441215902567, 3055324.35375193413347 ], [ 337265.438548969337717, 3055352.983644180931151 ], [ 337265.438548969337717, 3055467.50321316672489 ], [ 337208.178764476208016, 3055524.762997659854591 ], [ 337208.178764476208016, 3055553.392889906652272 ], [ 337179.548872229701374, 3055582.022782152984291 ], [ 337179.548872229701374, 3055610.652674399781972 ], [ 337150.918979983136524, 3055639.282566646113992 ], [ 337150.918979983136524, 3055667.912458892911673 ], [ 337122.289087736571673, 3055696.542351139243692 ], [ 337122.289087736571673, 3055725.172243386041373 ], [ 337093.659195490006823, 3055753.802135632373393 ], [ 337093.659195490006823, 3055868.321704618632793 ], [ 337036.39941099693533, 3055925.581489111762494 ], [ 337036.39941099693533, 3056040.101058098021895 ], [ 336950.50973425724078, 3056125.990734837483615 ], [ 336893.249949764169287, 3056125.990734837483615 ], [ 336864.620057517604437, 3056154.620627084281296 ], [ 336807.360273024532944, 3056154.620627084281296 ], [ 336750.100488531403244, 3056211.880411577410996 ], [ 336692.840704038273543, 3056211.880411577410996 ], [ 336492.431458312436007, 3056412.289657303132117 ], [ 336492.431458312436007, 3056469.549441796261817 ], [ 336463.801566065871157, 3056498.179334042593837 ], [ 336463.801566065871157, 3056641.328795275650918 ], [ 336492.431458312436007, 3056669.958687521982938 ], [ 336492.431458312436007, 3056813.10814875504002 ], [ 336435.171673819306307, 3056870.36793324816972 ] ] } },
{ "type": "Feature", "properties": { "FID": 88, "STRM_VAL": 1.0, "stream_id": 88, "strahler": 2, "upstream_cells": 28285.0, "length_m": 4014.6379990211317 }, "geometry": { "type": "LineString", "coordinates": [ [ 336435.171673819306307, 3056870.36793324816972 ], [ 336463.801566065871157, 3056898.99782549450174 ], [ 336463.801566065871157, 3056956.25760998763144 ], [ 336406.541781572741456, 3057013.517394480761141 ], [ 336349.281997079669964, 3057013.517394480761141 ], [ 336320.652104833105113, 3057042.14728672709316 ], [ 336292.022212586540263, 3057042.14728672709316 ], [ 336263.392320340033621, 3057070.777178973890841 ], [ 336263.392320340033621, 3057099.407071220222861 ], [ 336234.76242809346877, 3057128.036963467020541 ], [ 336234.76242809346877, 3057156.666855713352561 ], [ 336177.50264360033907, 3057213.926640206482261 ], [ 336120.242859107267577, 3057213.926640206482261 ], [ 336091.612966860702727, 3057185.296747960150242 ], [ 336062.983074614137877, 3057185.296747960150242 ], [ 335948.463505627936684, 3057299.816316946409643 ], [ 335948.463505627936684, 3057357.076101439539343 ], [ 335891.203721134806983, 3057414.335885932669044 ], [ 335891.203721134806983, 3057442.965778179001063 ], [ 335919.833613381371833, 3057471.595670425798744 ], [ 335919.833613381371833, 3057500.225562672130764 ], [ 335833.94393664173549, 3057586.115239411592484 ], [ 335833.94393664173549, 3057643.375023904722184 ], [ 335805.31404439517064, 3057643.375023904722184 ], [ 335719.424367655534297, 3057729.264700644649565 ], [ 335719.424367655534297, 3057757.894592890981585 ], [ 335690.794475408969447, 3057786.524485137779266 ], [ 335690.794475408969447, 3057958.303838617168367 ], [ 335748.05425990204094, 3058015.563623110298067 ], [ 335748.05425990204094, 3058301.862545575480908 ], [ 335719.424367655534297, 3058330.492437822278589 ], [ 335719.424367655534297, 3058359.122330068610609 ], [ 335748.05425990204094, 3058387.752222315408289 ], [ 335748.05425990204094, 3058416.382114561740309 ], [ 335776.68415214860579, 3058445.01200680853799 ], [ 335776.68415214860579, 3058473.641899054870009 ], [ 335748.05425990204094, 3058502.27179130166769 ], [ 335748.05425990204094, 3058588.16146804112941 ], [ 335719.424367655534297, 3058616.791360287927091 ], [ 335719.424367655534297, 3058674.05114478059113 ], [ 335776.68415214860579, 3058674.05114478059113 ], [ 335776.68415214860579, 3058702.681037027388811 ], [ 335719.424367655534297, 3058759.940821520518512 ], [ 335719.424367655534297, 3058845.830498259980232 ], [ 335748.05425990204094, 3058874.460390506777912 ], [ 335748.05425990204094, 3058903.090282753109932 ], [ 335776.68415214860579, 3058931.720175 ], [ 335776.68415214860579, 3058988.979959493037313 ], [ 335805.31404439517064, 3059017.609851739369333 ], [ 335805.31404439517064, 3059132.129420725628734 ], [ 335776.68415214860579, 3059160.759312972426414 ], [ 335776.68415214860579, 3059389.798450944479555 ], [ 335748.05425990204094, 3059418.428343191277236 ], [ 335748.05425990204094, 3059475.688127684406936 ], [ 335719.424367655534297, 3059504.318019930738956 ], [ 335719.424367655534297, 3059532.947912177536637 ], [ 335776.68415214860579, 3059590.207696670666337 ], [ 335776.68415214860579, 3059618.837588916998357 ], [ 335833.94393664173549, 3059676.097373410128057 ], [ 335833.94393664173549, 3059991.026188122108579 ], [ 335776.68415214860579, 3060048.285972615238279 ] ] } },
{ "type": "Feature", "properties": { "FID": 89, "STRM_VAL": 1.0, "stream_id": 89, "strahler": 2, "upstream_cells": 41502.0, "length_m": 2657.1741737770267 }, "geometry": { "type": "LineString", "coordinates": [ [ 335776.68415214860579, 3060048.285972615238279 ], [ 335776.68415214860579, 3060076.91586486203596 ], [ 335748.05425990204094, 3060105.54575710836798 ], [ 335891.203721134806983, 3060248.695218341425061 ], [ 335891.203721134806983, 3060305.9550028340891 ], [ 335862.573828888242133, 3060334.584895080886781 ], [ 335862.573828888242133, 3060363.214787327218801 ], [ 335604.904798669274896, 3060620.883817546535283 ], [ 335604.904798669274896, 3060649.513709792867303 ], [ 335719.424367655534297, 3060764.033278779126704 ], [ 335719.424367655534297, 3061107.591985737904906 ], [ 336062.983074614137877, 3061451.150692696217448 ], [ 336062.983074614137877, 3061565.670261682476848 ], [ 336091.612966860702727, 3061594.300153929274529 ], [ 336091.612966860702727, 3061651.55993842240423 ], [ 336120.242859107267577, 3061651.55993842240423 ], [ 336148.87275135377422, 3061680.189830668736249 ], [ 336292.022212586540263, 3061680.189830668736249 ], [ 336320.652104833105113, 3061708.81972291553393 ], [ 336377.911889326234814, 3061708.81972291553393 ], [ 336606.9510272986372, 3061937.85886088758707 ], [ 336606.9510272986372, 3061966.488753134384751 ] ] } },
{ "type": "Feature", "properties": { "FID": 90, "STRM_VAL": 1.0, "stream_id": 90, "strahler": 1, "upstream_cells": 6357.0, "length_m": 500.60172164516007 }, "geometry": { "type": "LineString", "coordinates": [ [ 340643.76583406253485, 3053749.7096783737652 ], [ 340586.506049569463357, 3053749.7096783737652 ], [ 340500.616372829768807, 3053663.82000163430348 ], [ 340443.356588336697314, 3053663.82000163430348 ], [ 340414.726696090132464, 3053635.1901093875058 ], [ 340328.837019350437913, 3053635.1901093875058 ], [ 340300.207127103931271, 3053606.56021714117378 ], [ 340271.57723485736642, 3053606.56021714117378 ], [ 340242.94734261080157, 3053577.930324894376099 ], [ 340214.31745036423672, 3053577.930324894376099 ] ] } },
{ "type": "Feature", "properties": { "FID": 91, "STRM_VAL": 1.0, "stream_id": 91, "strahler": 1, "upstream_cells": 7918.0, "length_m": 622.06806735791486 }, "geometry": { "type": "LineString", "coordinates": [ [ 337294.068441215902567, 3054207.787954318802804 ], [ 337322.698333462467417, 3054236.417846565134823 ], [ 337294.068441215902567, 3054265.047738811932504 ], [ 337294.068441215902567, 3054379.567307797726244 ], [ 337265.438548969337717, 3054408.197200044523925 ], [ 337265.438548969337717, 3054465.456984537653625 ], [ 337208.178764476208016, 3054522.716769030783325 ], [ 337208.178764476208016, 3054551.346661277115345 ], [ 337179.548872229701374, 3054579.976553523913026 ], [ 337150.918979983136524, 3054579.976553523913026 ], [ 337093.659195490006823, 3054637.236338017042726 ], [ 337093.659195490006823, 3054665.866230263374746 ], [ 337065.029303243500181, 3054694.496122510172427 ] ] } },
{ "type": "Feature", "properties": { "FID": 92, "STRM_VAL": 1.0, "stream_id": 92, "strahler": 1, "upstream_cells": 4197.0, "length_m": 805.7063104951585 }, "geometry": { "type": "LineString", "coordinates": [ [ 344651.950748579925857, 3054293.677631058264524 ], [ 344651.950748579925857, 3054265.047738811932504 ], [ 344680.5806408264325, 3054236.417846565134823 ], [ 344709.21053307299735, 3054236.417846565134823 ], [ 344737.8404253195622, 3054207.787954318802804 ], [ 344766.470317566127051, 3054207.787954318802804 ], [ 344795.100209812633693, 3054179.158062072005123 ], [ 344880.989886552328244, 3054179.158062072005123 ], [ 344909.619778798893094, 3054150.528169825673103 ], [ 344938.249671045399737, 3054150.528169825673103 ], [ 344995.509455538529437, 3054093.268385332543403 ], [ 345052.76924003160093, 3054093.268385332543403 ], [ 345081.39913227816578, 3054064.638493085745722 ], [ 345167.288809017860331, 3054064.638493085745722 ], [ 345224.548593510931823, 3054007.378708592616022 ], [ 345281.808378004061524, 3054007.378708592616022 ], [ 345310.438270250626374, 3053978.748816346284002 ] ] } },
{ "type": "Feature", "properties": { "FID": 93, "STRM_VAL": 1.0, "stream_id": 93, "strahler": 2, "upstream_cells": 8551.0, "length_m": 109.60745605526836 }, "geometry": { "type": "LineString", "coordinates": [ [ 345310.438270250626374, 3053978.748816346284002 ], [ 345367.698054743697867, 3053921.489031853154302 ], [ 345396.327946990262717, 3053921.489031853154302 ] ] } },
{ "type": "Feature", "properties": { "FID": 94, "STRM_VAL": 1.0, "stream_id": 94, "strahler": 1, "upstream_cells": 3800.0, "length_m": 57.2597844931297 }, "geometry": { "type": "LineString", "coordinates": [ [ 336435.171673819306307, 3054322.307523304596543 ], [ 336492.431458312436007, 3054322.307523304596543 ] ] } },
{ "type": "Feature", "properties": { "FID": 95, "STRM_VAL": 1.0, "stream_id": 95, "strahler": 1, "upstream_cells": 3965.0, "length_m": 691.18674150919014 }, "geometry": { "type": "LineString", "coordinates": [ [ 328017.983353332849219, 3054379.567307797726244 ], [ 328132.50292231910862, 3054379.567307797726244 ], [ 328161.132814565615263, 3054408.197200044523925 ], [ 328218.392599058744963, 3054408.197200044523925 ], [ 328304.282275798381306, 3054494.086876783985645 ], [ 328361.542060291511007, 3054494.086876783985645 ], [ 328533.3214137708419, 3054665.866230263374746 ], [ 328590.581198263913393, 3054665.866230263374746 ] ] } },
{ "type": "Feature", "properties": { "FID": 96, "STRM_VAL": 1.0, "stream_id": 96, "strahler": 2, "upstream_cells": 18438.0, "length_m": 3580.2775023938857 }, "geometry": { "type": "LineString", "coordinates": [ [ 328590.581198263913393, 3054665.866230263374746 ], [ 328619.211090510478243, 3054665.866230263374746 ], [ 328676.470875003607944, 3054608.606445770245045 ], [ 328905.51001297601033, 3054608.606445770245045 ], [ 328905.51001297601033, 3054551.346661277115345 ], [ 329020.029581962211523, 3054436.827092290855944 ], [ 329020.029581962211523, 3054379.567307797726244 ], [ 329048.659474208776373, 3054350.937415551394224 ], [ 329048.659474208776373, 3054179.158062072005123 ], [ 329134.549150948412716, 3054093.268385332543403 ], [ 329134.549150948412716, 3054007.378708592616022 ], [ 329048.659474208776373, 3053921.489031853154302 ], [ 329048.659474208776373, 3053864.229247360024601 ], [ 329105.919258701847866, 3053806.969462866894901 ], [ 329105.919258701847866, 3053692.4498938806355 ], [ 329191.808935441542417, 3053606.56021714117378 ], [ 329191.808935441542417, 3053577.930324894376099 ], [ 329249.06871993461391, 3053520.670540401246399 ], [ 329249.06871993461391, 3053463.410755908116698 ], [ 329220.438827688107267, 3053434.780863661784679 ], [ 329220.438827688107267, 3053406.150971414986998 ], [ 329249.06871993461391, 3053377.521079168654978 ], [ 329249.06871993461391, 3053234.371617935597897 ], [ 329306.32850442774361, 3053234.371617935597897 ], [ 329334.95839667430846, 3053205.741725689265877 ], [ 329420.848073413944803, 3053205.741725689265877 ], [ 329449.477965660509653, 3053177.111833442933857 ], [ 329563.997534646710847, 3053177.111833442933857 ], [ 329621.257319139840547, 3053119.852048949804157 ], [ 329678.51710363291204, 3053119.852048949804157 ], [ 329764.40678037260659, 3053033.962372209876776 ], [ 329764.40678037260659, 3052976.702587716747075 ], [ 329793.036672619113233, 3052948.072695470415056 ], [ 329764.40678037260659, 3052919.442803223617375 ], [ 329764.40678037260659, 3052862.183018730487674 ], [ 329735.77688812604174, 3052833.553126484155655 ], [ 329735.77688812604174, 3052776.293341991025954 ], [ 329821.666564865678083, 3052690.403665251098573 ], [ 329821.666564865678083, 3052661.773773004766554 ], [ 330107.96548733121017, 3052375.474850539118052 ], [ 330222.485056317411363, 3052375.474850539118052 ], [ 330251.114948563976213, 3052404.104742785915732 ], [ 330279.744840810541064, 3052404.104742785915732 ] ] } },
{ "type": "Feature", "properties": { "FID": 97, "STRM_VAL": 1.0, "stream_id": 97, "strahler": 1, "upstream_cells": 7335.0, "length_m": 1363.567816634107 }, "geometry": { "type": "LineString", "coordinates": [ [ 360799.209975635516457, 3054436.827092290855944 ], [ 360885.099652375211008, 3054522.716769030783325 ], [ 360913.72954462171765, 3054522.716769030783325 ], [ 360942.359436868282501, 3054551.346661277115345 ], [ 360999.619221361412201, 3054551.346661277115345 ], [ 360999.619221361412201, 3054579.976553523913026 ], [ 361056.879005854483694, 3054637.236338017042726 ], [ 361056.879005854483694, 3054723.126014756504446 ], [ 361142.768682594178244, 3054723.126014756504446 ], [ 361171.398574840684887, 3054751.755907003302127 ], [ 361314.54803607345093, 3054751.755907003302127 ], [ 361343.177928320015781, 3054723.126014756504446 ], [ 361400.437712813145481, 3054723.126014756504446 ], [ 361486.327389552781824, 3054809.015691496431828 ], [ 361629.476850785547867, 3054809.015691496431828 ], [ 361658.106743032112718, 3054780.385799249634147 ], [ 361715.36652752518421, 3054780.385799249634147 ], [ 361829.886096511385404, 3054894.905368235893548 ], [ 361829.886096511385404, 3054923.535260482225567 ] ] } },
{ "type": "Feature", "properties": { "FID": 98, "STRM_VAL": 1.0, "stream_id": 98, "strahler": 1, "upstream_cells": 4117.0, "length_m": 638.83906994654456 }, "geometry": { "type": "LineString", "coordinates": [ [ 345510.84751597646391, 3054436.827092290855944 ], [ 345453.587731483392417, 3054436.827092290855944 ], [ 345424.957839236827567, 3054408.197200044523925 ], [ 345396.327946990262717, 3054408.197200044523925 ], [ 345339.068162497133017, 3054350.937415551394224 ], [ 345339.068162497133017, 3054322.307523304596543 ], [ 345310.438270250626374, 3054293.677631058264524 ], [ 345310.438270250626374, 3054236.417846565134823 ], [ 345367.698054743697867, 3054179.158062072005123 ], [ 345367.698054743697867, 3054150.528169825673103 ], [ 345339.068162497133017, 3054121.898277578875422 ], [ 345339.068162497133017, 3054093.268385332543403 ], [ 345310.438270250626374, 3054064.638493085745722 ], [ 345310.438270250626374, 3053978.748816346284002 ] ] } },
{ "type": "Feature", "properties": { "FID": 99, "STRM_VAL": 1.0, "stream_id": 99, "strahler": 1, "upstream_cells": 5886.0, "length_m": 2317.335701291333 }, "geometry": { "type": "LineString", "coordinates": [ [ 325240.88380541728111, 3054436.827092290855944 ], [ 325240.88380541728111, 3054408.197200044523925 ], [ 325269.51369766384596, 3054379.567307797726244 ], [ 325269.51369766384596, 3054265.047738811932504 ], [ 325240.88380541728111, 3054236.417846565134823 ], [ 325240.88380541728111, 3054207.787954318802804 ], [ 325183.624020924151409, 3054150.528169825673103 ], [ 325183.624020924151409, 3054093.268385332543403 ], [ 325154.994128677644767, 3054064.638493085745722 ], [ 325154.994128677644767, 3054036.008600839413702 ], [ 325183.624020924151409, 3054007.378708592616022 ], [ 325183.624020924151409, 3053978.748816346284002 ], [ 325212.25391317071626, 3053950.118924099486321 ], [ 325212.25391317071626, 3053806.969462866894901 ], [ 325183.624020924151409, 3053778.33957062009722 ], [ 325183.624020924151409, 3053606.56021714117378 ], [ 325154.994128677644767, 3053577.930324894376099 ], [ 325154.994128677644767, 3053492.040648154914379 ], [ 325069.104451937950216, 3053406.150971414986998 ], [ 325069.104451937950216, 3053377.521079168654978 ], [ 325040.474559691385366, 3053348.891186921857297 ], [ 325040.474559691385366, 3053320.261294675525278 ], [ 325011.844667444878723, 3053291.631402428727597 ], [ 325011.844667444878723, 3053234.371617935597897 ], [ 325040.474559691385366, 3053205.741725689265877 ], [ 325040.474559691385366, 3053177.111833442933857 ], [ 325069.104451937950216, 3053148.481941196136177 ], [ 325069.104451937950216, 3053062.592264456674457 ], [ 325040.474559691385366, 3053033.962372209876776 ], [ 325040.474559691385366, 3053005.332479963544756 ], [ 325011.844667444878723, 3053005.332479963544756 ], [ 324983.214775198313873, 3052976.702587716747075 ], [ 324954.584882951749023, 3052976.702587716747075 ], [ 324925.954990705184173, 3052948.072695470415056 ], [ 324925.954990705184173, 3052862.183018730487674 ], [ 324868.69520621211268, 3052804.923234237357974 ], [ 324868.69520621211268, 3052776.293341991025954 ], [ 324840.06531396554783, 3052747.663449744228274 ], [ 324840.06531396554783, 3052661.773773004766554 ], [ 324811.43542171898298, 3052633.143880758434534 ], [ 324811.43542171898298, 3052547.254204018507153 ], [ 324782.805529472418129, 3052518.624311772175133 ], [ 324782.805529472418129, 3052461.364527279045433 ] ] } },
{ "type": "Feature", "properties": { "FID": 100, "STRM_VAL": 1.0, "stream_id": 100, "strahler": 1, "upstream_cells": 4506.0, "length_m": 707.95774409807802 }, "geometry": { "type": "LineString", "coordinates": [ [ 339527.200036446971353, 3054866.275475989095867 ], [ 339469.94025195389986, 3054866.275475989095867 ], [ 339412.68046746077016, 3054809.015691496431828 ], [ 339412.68046746077016, 3054751.755907003302127 ], [ 339355.420682967698667, 3054694.496122510172427 ], [ 339326.790790721133817, 3054694.496122510172427 ], [ 339298.160898474568967, 3054665.866230263374746 ], [ 339155.011437241802923, 3054665.866230263374746 ], [ 339126.381544995238073, 3054694.496122510172427 ], [ 339097.751652748731431, 3054694.496122510172427 ], [ 339040.49186825560173, 3054637.236338017042726 ], [ 339011.86197600903688, 3054637.236338017042726 ], [ 338983.23208376247203, 3054608.606445770245045 ] ] } },
{ "type": "Feature", "properties": { "FID": 101, "STRM_VAL": 1.0, "stream_id": 101, "strahler": 1, "upstream_cells": 8022.0, "length_m": 3911.9773196932429 }, "geometry": { "type": "LineString", "coordinates": [ [ 351379.975426519755274, 3054923.535260482225567 ], [ 351379.975426519755274, 3054894.905368235893548 ], [ 351408.605318766320124, 3054866.275475989095867 ], [ 351408.605318766320124, 3054837.645583742763847 ], [ 351437.235211012826767, 3054809.015691496431828 ], [ 351437.235211012826767, 3054780.385799249634147 ], [ 351465.865103259391617, 3054751.755907003302127 ], [ 351465.865103259391617, 3054694.496122510172427 ], [ 351494.494995505956467, 3054665.866230263374746 ], [ 351494.494995505956467, 3054436.827092290855944 ], [ 351551.75477999902796, 3054379.567307797726244 ], [ 351551.75477999902796, 3054350.937415551394224 ], [ 351580.38467224559281, 3054350.937415551394224 ], [ 351637.644456738722511, 3054293.677631058264524 ], [ 351666.274348985287361, 3054293.677631058264524 ], [ 351694.904241231794003, 3054265.047738811932504 ], [ 351723.534133478358854, 3054293.677631058264524 ], [ 351752.164025724923704, 3054293.677631058264524 ], [ 351780.793917971488554, 3054322.307523304596543 ], [ 351866.683594711124897, 3054322.307523304596543 ], [ 351895.313486957689747, 3054293.677631058264524 ], [ 351923.943379204254597, 3054293.677631058264524 ], [ 352009.83305594389094, 3054207.787954318802804 ], [ 352009.83305594389094, 3054093.268385332543403 ], [ 352038.462948190455791, 3054064.638493085745722 ], [ 352009.83305594389094, 3054036.008600839413702 ], [ 352009.83305594389094, 3053835.59935511322692 ], [ 352124.352624930092134, 3053721.079786127433181 ], [ 352181.612409423221834, 3053721.079786127433181 ], [ 352238.872193916293327, 3053663.82000163430348 ], [ 352324.761870655987877, 3053663.82000163430348 ], [ 352353.391762902552728, 3053692.4498938806355 ], [ 352668.320577614591457, 3053692.4498938806355 ], [ 352696.950469861156307, 3053663.82000163430348 ], [ 352725.580362107721157, 3053663.82000163430348 ], [ 352754.210254354286008, 3053635.1901093875058 ], [ 352782.84014660079265, 3053635.1901093875058 ], [ 352840.099931093922351, 3053577.930324894376099 ], [ 352868.729823340487201, 3053577.930324894376099 ], [ 352868.729823340487201, 3053549.30043264804408 ], [ 352925.989607833558694, 3053492.040648154914379 ], [ 352983.249392326688394, 3053492.040648154914379 ], [ 353097.768961312889587, 3053377.521079168654978 ], [ 353097.768961312889587, 3053348.891186921857297 ], [ 353155.028745806019288, 3053291.631402428727597 ], [ 353155.028745806019288, 3053205.741725689265877 ], [ 353183.65863805252593, 3053177.111833442933857 ], [ 353183.65863805252593, 3053062.592264456674457 ], [ 353240.918422545655631, 3053005.332479963544756 ], [ 353240.918422545655631, 3052919.442803223617375 ], [ 353269.548314792220481, 3052890.812910977285355 ], [ 353269.548314792220481, 3052833.553126484155655 ], [ 353384.067883778421674, 3052719.033557497896254 ], [ 353384.067883778421674, 3052661.773773004766554 ], [ 353355.437991531856824, 3052633.143880758434534 ], [ 353355.437991531856824, 3052518.624311772175133 ] ] } },
{ "type": "Feature", "properties": { "FID": 102, "STRM_VAL": 1.0, "stream_id": 102, "strahler": 2, "upstream_cells": 78191.0, "length_m": 844.16042860383891 }, "geometry": { "type": "LineString", "coordinates": [ [ 353355.437991531856824, 3052518.624311772175133 ], [ 353355.437991531856824, 3052489.994419525377452 ], [ 353326.808099285291974, 3052461.364527279045433 ], [ 353326.808099285291974, 3052404.104742785915732 ], [ 353298.178207038785331, 3052375.474850539118052 ], [ 353298.178207038785331, 3052232.325389306526631 ], [ 353670.366806243953761, 3052232.325389306526631 ], [ 353784.886375230154954, 3052117.80582032026723 ] ] } },
{ "type": "Feature", "properties": { "FID": 103, "STRM_VAL": 1.0, "stream_id": 103, "strahler": 1, "upstream_cells": 4947.0, "length_m": 1298.5184700740995 }, "geometry": { "type": "LineString", "coordinates": [ [ 318426.969450737757143, 3054980.795044975355268 ], [ 318398.3395584912505, 3054952.165152729023248 ], [ 318341.0797739981208, 3054952.165152729023248 ], [ 318197.930312765354756, 3054809.015691496431828 ], [ 317711.222144573985133, 3055295.72385968780145 ], [ 317682.592252327420283, 3055295.72385968780145 ], [ 317625.332467834290583, 3055352.983644180931151 ], [ 317424.923222108453047, 3055352.983644180931151 ] ] } },
{ "type": "Feature", "properties": { "FID": 104, "STRM_VAL": 1.0, "stream_id": 104, "strahler": 1, "upstream_cells": 4458.0, "length_m": 865.84354412330617 }, "geometry": { "type": "LineString", "coordinates": [ [ 322950.492425693082623, 3055066.684721715282649 ], [ 322921.862533446517773, 3055066.684721715282649 ], [ 322893.232641199952923, 3055095.314613961614668 ], [ 322721.453287720680237, 3055095.314613961614668 ], [ 322692.823395474115387, 3055066.684721715282649 ], [ 322606.933718734420836, 3055066.684721715282649 ], [ 322578.303826487914193, 3055038.054829468484968 ], [ 322120.225550543051213, 3055038.054829468484968 ] ] } },
{ "type": "Feature", "properties": { "FID": 105, "STRM_VAL": 1.0, "stream_id": 105, "strahler": 2, "upstream_cells": 32365.0, "length_m": 6287.7646839365534 }, "geometry": { "type": "LineString", "coordinates": [ [ 322120.225550543051213, 3055038.054829468484968 ], [ 322120.225550543051213, 3055009.424937222152948 ], [ 322091.595658296486363, 3054980.795044975355268 ], [ 322091.595658296486363, 3054952.165152729023248 ], [ 322062.965766049921513, 3054923.535260482225567 ], [ 322062.965766049921513, 3054894.905368235893548 ], [ 321977.07608931028517, 3054894.905368235893548 ], [ 321948.446197063720319, 3054866.275475989095867 ], [ 321919.816304817213677, 3054866.275475989095867 ], [ 321891.186412570648827, 3054837.645583742763847 ], [ 321833.926628077519126, 3054837.645583742763847 ], [ 321805.296735830954276, 3054809.015691496431828 ], [ 321748.036951337882783, 3054809.015691496431828 ], [ 321662.147274598188233, 3054723.126014756504446 ], [ 321662.147274598188233, 3054694.496122510172427 ], [ 321633.51738235168159, 3054665.866230263374746 ], [ 321604.88749010511674, 3054665.866230263374746 ], [ 321547.627705611987039, 3054608.606445770245045 ], [ 321518.997813365422189, 3054608.606445770245045 ], [ 321518.997813365422189, 3054579.976553523913026 ], [ 321461.738028872350696, 3054579.976553523913026 ], [ 321433.108136625785846, 3054551.346661277115345 ], [ 321375.848352132714354, 3054551.346661277115345 ], [ 321347.218459886149503, 3054522.716769030783325 ], [ 321318.588567639584653, 3054522.716769030783325 ], [ 321232.69889089994831, 3054436.827092290855944 ], [ 321204.06899865338346, 3054436.827092290855944 ], [ 321118.179321913688909, 3054350.937415551394224 ], [ 321118.179321913688909, 3054293.677631058264524 ], [ 321146.809214160253759, 3054265.047738811932504 ], [ 321146.809214160253759, 3054179.158062072005123 ], [ 321118.179321913688909, 3054150.528169825673103 ], [ 321118.179321913688909, 3054121.898277578875422 ], [ 321032.289645174052566, 3054036.008600839413702 ], [ 321003.659752927487716, 3054036.008600839413702 ], [ 320975.029860680922866, 3054007.378708592616022 ], [ 320946.399968434416223, 3054007.378708592616022 ], [ 320889.140183941286523, 3053950.118924099486321 ], [ 320803.25050720165018, 3053950.118924099486321 ], [ 320774.62061495508533, 3053921.489031853154302 ], [ 320745.99072270852048, 3053921.489031853154302 ], [ 320717.360830461955629, 3053892.859139606356621 ], [ 320631.471153722319286, 3053892.859139606356621 ], [ 320516.951584736118093, 3053778.33957062009722 ], [ 320431.06190799648175, 3053778.33957062009722 ], [ 320402.4320157499169, 3053749.7096783737652 ], [ 320373.80212350335205, 3053749.7096783737652 ], [ 320345.1722312567872, 3053721.079786127433181 ], [ 320316.542339010222349, 3053721.079786127433181 ], [ 320259.282554517150857, 3053663.82000163430348 ], [ 320230.652662270586006, 3053663.82000163430348 ], [ 320202.022770024021156, 3053635.1901093875058 ], [ 320173.392877777456306, 3053635.1901093875058 ], [ 320087.503201037819963, 3053549.30043264804408 ], [ 320087.503201037819963, 3053520.670540401246399 ], [ 319944.35373980505392, 3053377.521079168654978 ], [ 319944.35373980505392, 3053348.891186921857297 ], [ 319801.204278572287876, 3053205.741725689265877 ], [ 319801.204278572287876, 3053177.111833442933857 ], [ 319829.834170818852726, 3053148.481941196136177 ], [ 319829.834170818852726, 3053091.222156703006476 ], [ 319743.944494079216383, 3053005.332479963544756 ], [ 319715.314601832651533, 3053005.332479963544756 ], [ 319686.684709586086683, 3052976.702587716747075 ], [ 319600.79503284645034, 3052976.702587716747075 ], [ 319514.905356106755789, 3052890.812910977285355 ], [ 319514.905356106755789, 3052833.553126484155655 ], [ 319457.645571613684297, 3052776.293341991025954 ], [ 319429.015679367119446, 3052776.293341991025954 ], [ 319371.755894873989746, 3052719.033557497896254 ], [ 319343.126002627483103, 3052719.033557497896254 ], [ 319257.236325887788553, 3052633.143880758434534 ], [ 319257.236325887788553, 3052604.513988511636853 ], [ 319228.606433641223703, 3052575.884096265304834 ], [ 319228.606433641223703, 3052318.215066045988351 ], [ 319257.236325887788553, 3052289.585173799656332 ], [ 319257.236325887788553, 3052260.955281552858651 ], [ 319314.496110380918253, 3052203.69549705972895 ], [ 319371.755894873989746, 3052203.69549705972895 ], [ 319429.015679367119446, 3052146.43571256659925 ], [ 319429.015679367119446, 3052117.80582032026723 ], [ 319457.645571613684297, 3052117.80582032026723 ], [ 319486.275463860190939, 3052089.175928073935211 ], [ 319543.53524835332064, 3052089.175928073935211 ], [ 319629.424925092956983, 3052175.065604813396931 ], [ 319629.424925092956983, 3052232.325389306526631 ], [ 319686.684709586086683, 3052289.585173799656332 ], [ 319743.944494079216383, 3052289.585173799656332 ], [ 319772.574386325723026, 3052260.955281552858651 ], [ 319801.204278572287876, 3052260.955281552858651 ], [ 319829.834170818852726, 3052232.325389306526631 ], [ 319829.834170818852726, 3052203.69549705972895 ], [ 319858.464063065417577, 3052175.065604813396931 ], [ 319858.464063065417577, 3051917.396574594546109 ], [ 319829.834170818852726, 3051888.766682347748429 ], [ 319801.204278572287876, 3051888.766682347748429 ], [ 319743.944494079216383, 3051831.506897854618728 ], [ 319743.944494079216383, 3051802.877005608286709 ], [ 319715.314601832651533, 3051774.247113361489028 ], [ 319715.314601832651533, 3051573.837867635767907 ], [ 319686.684709586086683, 3051545.207975389435887 ], [ 319686.684709586086683, 3051516.578083142638206 ] ] } },
{ "type": "Feature", "properties": { "FID": 106, "STRM_VAL": 1.0, "stream_id": 106, "strahler": 1, "upstream_cells": 5485.0, "length_m": 805.70631049566532 }, "geometry": { "type": "LineString", "coordinates": [ [ 355731.719047995749861, 3055123.944506208412349 ], [ 355703.089155749185011, 3055152.574398454744369 ], [ 355617.19947900949046, 3055152.574398454744369 ], [ 355531.309802269854117, 3055066.684721715282649 ], [ 355445.420125530217774, 3055066.684721715282649 ], [ 355416.790233283652924, 3055038.054829468484968 ], [ 355359.530448790523224, 3055038.054829468484968 ], [ 355330.900556543958373, 3055066.684721715282649 ], [ 355245.01087980432203, 3054980.795044975355268 ], [ 355159.121203064685687, 3054980.795044975355268 ], [ 355130.491310818120837, 3054952.165152729023248 ], [ 355130.491310818120837, 3054866.275475989095867 ] ] } },
{ "type": "Feature", "properties": { "FID": 107, "STRM_VAL": 1.0, "stream_id": 107, "strahler": 2, "upstream_cells": 62208.0, "length_m": 3439.1627049565623 }, "geometry": { "type": "LineString", "coordinates": [ [ 355130.491310818120837, 3054866.275475989095867 ], [ 355130.491310818120837, 3054837.645583742763847 ], [ 355159.121203064685687, 3054809.015691496431828 ], [ 355130.491310818120837, 3054780.385799249634147 ], [ 355130.491310818120837, 3054608.606445770245045 ], [ 355073.231526324991137, 3054551.346661277115345 ], [ 355073.231526324991137, 3054465.456984537653625 ], [ 355130.491310818120837, 3054408.197200044523925 ], [ 355130.491310818120837, 3054179.158062072005123 ], [ 355044.601634078484494, 3054093.268385332543403 ], [ 355044.601634078484494, 3054036.008600839413702 ], [ 354987.341849585354794, 3053978.748816346284002 ], [ 354930.082065092283301, 3053978.748816346284002 ], [ 354872.822280599153601, 3053921.489031853154302 ], [ 354872.822280599153601, 3053892.859139606356621 ], [ 354786.932603859517258, 3053806.969462866894901 ], [ 354786.932603859517258, 3053749.7096783737652 ], [ 354729.672819366387557, 3053692.4498938806355 ], [ 354615.153250380186364, 3053692.4498938806355 ], [ 354557.893465887056664, 3053635.1901093875058 ], [ 354500.633681393985171, 3053635.1901093875058 ], [ 354472.003789147420321, 3053606.56021714117378 ], [ 354443.37389690085547, 3053606.56021714117378 ], [ 354414.74400465429062, 3053577.930324894376099 ], [ 354414.74400465429062, 3053520.670540401246399 ], [ 354386.114112407783978, 3053492.040648154914379 ], [ 354386.114112407783978, 3053463.410755908116698 ], [ 354242.964651175017934, 3053320.261294675525278 ], [ 354157.074974435323384, 3053320.261294675525278 ], [ 354042.55540544912219, 3053205.741725689265877 ], [ 353956.665728709485848, 3053205.741725689265877 ], [ 353870.776051969791297, 3053119.852048949804157 ], [ 353870.776051969791297, 3053091.222156703006476 ], [ 353842.146159723284654, 3053062.592264456674457 ], [ 353813.516267476719804, 3053062.592264456674457 ], [ 353756.256482983590104, 3053005.332479963544756 ], [ 353756.256482983590104, 3052890.812910977285355 ], [ 353441.327668271493167, 3052575.884096265304834 ], [ 353412.697776024986524, 3052575.884096265304834 ], [ 353355.437991531856824, 3052518.624311772175133 ] ] } },
{ "type": "Feature", "properties": { "FID": 108, "STRM_VAL": 1.0, "stream_id": 108, "strahler": 1, "upstream_cells": 3917.0, "length_m": 326.78770437002788 }, "geometry": { "type": "LineString", "coordinates": [ [ 361514.957281799346674, 3055553.392889906652272 ], [ 361543.587174045911524, 3055553.392889906652272 ], [ 361572.217066292418167, 3055524.762997659854591 ], [ 361829.886096511385404, 3055524.762997659854591 ] ] } },
{ "type": "Feature", "properties": { "FID": 109, "STRM_VAL": 1.0, "stream_id": 109, "strahler": 1, "upstream_cells": 11007.0, "length_m": 3687.8502946529761 }, "geometry": { "type": "LineString", "coordinates": [ [ 348116.167710412759334, 3055868.321704618632793 ], [ 348202.057387152395677, 3055868.321704618632793 ], [ 348316.57695613859687, 3055982.841273604892194 ], [ 348402.466632878291421, 3055982.841273604892194 ], [ 348431.096525124856271, 3055954.211381358094513 ], [ 348431.096525124856271, 3055868.321704618632793 ], [ 348402.466632878291421, 3055839.691812372300774 ], [ 348402.466632878291421, 3055782.432027879171073 ], [ 348373.83674063172657, 3055753.802135632373393 ], [ 348373.83674063172657, 3055667.912458892911673 ], [ 348345.20684838516172, 3055639.282566646113992 ], [ 348373.83674063172657, 3055610.652674399781972 ], [ 348373.83674063172657, 3055582.022782152984291 ], [ 348402.466632878291421, 3055553.392889906652272 ], [ 348545.616094111057464, 3055553.392889906652272 ], [ 348545.616094111057464, 3055524.762997659854591 ], [ 348602.875878604128957, 3055467.50321316672489 ], [ 348602.875878604128957, 3055438.873320920392871 ], [ 348688.765555343823507, 3055352.983644180931151 ], [ 348688.765555343823507, 3055295.72385968780145 ], [ 348717.39544759033015, 3055267.09396744100377 ], [ 348717.39544759033015, 3055181.20429070154205 ], [ 348431.096525124856271, 3054894.905368235893548 ], [ 348431.096525124856271, 3054866.275475989095867 ], [ 348402.466632878291421, 3054837.645583742763847 ], [ 348402.466632878291421, 3054809.015691496431828 ], [ 348373.83674063172657, 3054780.385799249634147 ], [ 348373.83674063172657, 3054751.755907003302127 ], [ 348345.20684838516172, 3054723.126014756504446 ], [ 348345.20684838516172, 3054665.866230263374746 ], [ 348373.83674063172657, 3054637.236338017042726 ], [ 348373.83674063172657, 3054579.976553523913026 ], [ 348402.466632878291421, 3054551.346661277115345 ], [ 348402.466632878291421, 3054522.716769030783325 ], [ 348373.83674063172657, 3054494.086876783985645 ], [ 348373.83674063172657, 3054436.827092290855944 ], [ 348345.20684838516172, 3054408.197200044523925 ], [ 348345.20684838516172, 3054265.047738811932504 ], [ 348402.466632878291421, 3054207.787954318802804 ], [ 348402.466632878291421, 3054150.528169825673103 ], [ 348459.726417371362913, 3054093.268385332543403 ], [ 348459.726417371362913, 3053978.748816346284002 ], [ 348431.096525124856271, 3053950.118924099486321 ], [ 348431.096525124856271, 3053835.59935511322692 ], [ 348402.466632878291421, 3053806.969462866894901 ], [ 348402.466632878291421, 3053749.7096783737652 ], [ 348373.83674063172657, 3053721.079786127433181 ], [ 348373.83674063172657, 3053692.4498938806355 ], [ 348345.20684838516172, 3053663.82000163430348 ], [ 348345.20684838516172, 3053606.56021714117378 ], [ 348316.57695613859687, 3053577.930324894376099 ], [ 348316.57695613859687, 3053320.261294675525278 ], [ 348345.20684838516172, 3053291.631402428727597 ], [ 348345.20684838516172, 3053234.371617935597897 ] ] } },
{ "type": "Feature", "properties": { "FID": 110, "STRM_VAL": 1.0, "stream_id": 110, "strahler": 1, "upstream_cells": 4592.0, "length_m": 605.29706476953675 }, "geometry": { "type": "LineString", "coordinates": [ [ 336005.723290121008176, 3056526.809226289391518 ], [ 336062.983074614137877, 3056584.069010782521218 ], [ 336062.983074614137877, 3056612.698903028853238 ], [ 336091.612966860702727, 3056612.698903028853238 ], [ 336177.50264360033907, 3056698.588579768780619 ], [ 336206.13253584690392, 3056698.588579768780619 ], [ 336263.392320340033621, 3056755.848364261910319 ], [ 336349.281997079669964, 3056755.848364261910319 ], [ 336435.171673819306307, 3056841.738041001372039 ], [ 336435.171673819306307, 3056870.36793324816972 ] ] } },
{ "type": "Feature", "properties": { "FID": 111, "STRM_VAL": 1.0, "stream_id": 111, "strahler": 1, "upstream_cells": 7675.0, "length_m": 4006.8484369562043 }, "geometry": { "type": "LineString", "coordinates": [ [ 329020.029581962211523, 3056584.069010782521218 ], [ 329048.659474208776373, 3056584.069010782521218 ], [ 329077.289366455341224, 3056555.439118535723537 ], [ 329077.289366455341224, 3056526.809226289391518 ], [ 329105.919258701847866, 3056498.179334042593837 ], [ 329105.919258701847866, 3056469.549441796261817 ], [ 329134.549150948412716, 3056440.919549549929798 ], [ 329134.549150948412716, 3056326.399980563670397 ], [ 329163.179043194977567, 3056297.770088316872716 ], [ 329163.179043194977567, 3056154.620627084281296 ], [ 329191.808935441542417, 3056125.990734837483615 ], [ 329191.808935441542417, 3055982.841273604892194 ], [ 329249.06871993461391, 3055925.581489111762494 ], [ 329277.69861218117876, 3055925.581489111762494 ], [ 329306.32850442774361, 3055896.951596865430474 ], [ 329363.588288920815103, 3055896.951596865430474 ], [ 329420.848073413944803, 3055839.691812372300774 ], [ 329449.477965660509653, 3055839.691812372300774 ], [ 329478.107857907074504, 3055811.061920125503093 ], [ 329592.627426893275697, 3055811.061920125503093 ], [ 329649.88721138634719, 3055753.802135632373393 ], [ 329649.88721138634719, 3055725.172243386041373 ], [ 329678.51710363291204, 3055696.542351139243692 ], [ 329678.51710363291204, 3055667.912458892911673 ], [ 329707.14699587947689, 3055639.282566646113992 ], [ 329707.14699587947689, 3055610.652674399781972 ], [ 329764.40678037260659, 3055553.392889906652272 ], [ 329793.036672619113233, 3055553.392889906652272 ], [ 329793.036672619113233, 3055467.50321316672489 ], [ 329821.666564865678083, 3055438.873320920392871 ], [ 330050.70570283808047, 3055438.873320920392871 ], [ 330107.96548733121017, 3055381.61353642726317 ], [ 330107.96548733121017, 3055352.983644180931151 ], [ 330222.485056317411363, 3055238.46407519467175 ], [ 330251.114948563976213, 3055238.46407519467175 ], [ 330279.744840810541064, 3055209.834182947874069 ], [ 330365.634517550177407, 3055209.834182947874069 ], [ 330422.894302043307107, 3055152.574398454744369 ], [ 330451.524194289813749, 3055152.574398454744369 ], [ 330451.524194289813749, 3055123.944506208412349 ], [ 330537.4138710295083, 3055038.054829468484968 ], [ 330537.4138710295083, 3054980.795044975355268 ], [ 330594.673655522579793, 3054923.535260482225567 ], [ 330594.673655522579793, 3054894.905368235893548 ], [ 330823.712793495040387, 3054665.866230263374746 ], [ 330823.712793495040387, 3054637.236338017042726 ], [ 330909.60247023467673, 3054551.346661277115345 ], [ 330909.60247023467673, 3054436.827092290855944 ], [ 330852.342685741605237, 3054379.567307797726244 ], [ 330852.342685741605237, 3054236.417846565134823 ], [ 330880.97257798811188, 3054207.787954318802804 ], [ 330880.97257798811188, 3054179.158062072005123 ], [ 330966.86225472780643, 3054093.268385332543403 ], [ 330995.492146974313073, 3054093.268385332543403 ], [ 331081.381823714007623, 3054007.378708592616022 ], [ 331081.381823714007623, 3053921.489031853154302 ], [ 331110.011715960572474, 3053892.859139606356621 ] ] } },
{ "type": "Feature", "properties": { "FID": 112, "STRM_VAL": 1.0, "stream_id": 112, "strahler": 1, "upstream_cells": 4900.0, "length_m": 471.97182939866923 }, "geometry": { "type": "LineString", "coordinates": [ [ 354643.783142626751214, 3056727.218472015112638 ], [ 354643.783142626751214, 3056669.958687521982938 ], [ 354672.413034873257857, 3056641.328795275650918 ], [ 354672.413034873257857, 3056612.698903028853238 ], [ 354643.783142626751214, 3056584.069010782521218 ], [ 354643.783142626751214, 3056498.179334042593837 ], [ 354586.523358133621514, 3056440.919549549929798 ], [ 354557.893465887056664, 3056440.919549549929798 ], [ 354500.633681393985171, 3056383.659765056800097 ], [ 354500.633681393985171, 3056355.029872810002416 ] ] } },
{ "type": "Feature", "properties": { "FID": 113, "STRM_VAL": 1.0, "stream_id": 113, "strahler": 2, "upstream_cells": 47954.0, "length_m": 1968.8648814029509 }, "geometry": { "type": "LineString", "coordinates": [ [ 354500.633681393985171, 3056355.029872810002416 ], [ 354500.633681393985171, 3056297.770088316872716 ], [ 354557.893465887056664, 3056240.510303823743016 ], [ 354557.893465887056664, 3056211.880411577410996 ], [ 354586.523358133621514, 3056183.250519330613315 ], [ 354586.523358133621514, 3056154.620627084281296 ], [ 354643.783142626751214, 3056097.360842591151595 ], [ 354729.672819366387557, 3056097.360842591151595 ], [ 354844.19238835258875, 3055982.841273604892194 ], [ 354872.822280599153601, 3055982.841273604892194 ], [ 354930.082065092283301, 3055925.581489111762494 ], [ 354958.711957338789944, 3055925.581489111762494 ], [ 355044.601634078484494, 3055839.691812372300774 ], [ 355073.231526324991137, 3055839.691812372300774 ], [ 355101.861418571555987, 3055811.061920125503093 ], [ 355101.861418571555987, 3055696.542351139243692 ], [ 355073.231526324991137, 3055667.912458892911673 ], [ 355073.231526324991137, 3055553.392889906652272 ], [ 355101.861418571555987, 3055524.762997659854591 ], [ 355101.861418571555987, 3055467.50321316672489 ], [ 355130.491310818120837, 3055438.873320920392871 ], [ 355130.491310818120837, 3055381.61353642726317 ], [ 355101.861418571555987, 3055352.983644180931151 ], [ 355101.861418571555987, 3055267.09396744100377 ], [ 355044.601634078484494, 3055209.834182947874069 ], [ 355044.601634078484494, 3055181.20429070154205 ], [ 355015.971741831919644, 3055152.574398454744369 ], [ 355015.971741831919644, 3055095.314613961614668 ], [ 355101.861418571555987, 3055009.424937222152948 ], [ 355101.861418571555987, 3054894.905368235893548 ], [ 355130.491310818120837, 3054866.275475989095867 ] ] } },
{ "type": "Feature", "properties": { "FID": 114, "STRM_VAL": 1.0, "stream_id": 114, "strahler": 1, "upstream_cells": 10377.0, "length_m": 3693.9542860402544 }, "geometry": { "type": "LineString", "coordinates": [ [ 326643.748525498376694, 3057328.446209192741662 ], [ 326672.378417744883336, 3057299.816316946409643 ], [ 326672.378417744883336, 3057271.186424699611962 ], [ 326701.008309991448186, 3057271.186424699611962 ], [ 326701.008309991448186, 3057242.556532453279942 ], [ 326815.52787897764938, 3057128.036963467020541 ], [ 326844.15777122421423, 3057128.036963467020541 ], [ 326844.15777122421423, 3057099.407071220222861 ], [ 326987.307232456980273, 3056956.25760998763144 ], [ 327073.196909196616616, 3056956.25760998763144 ], [ 327588.534969634609297, 3056440.919549549929798 ], [ 327588.534969634609297, 3056412.289657303132117 ], [ 327674.42464637424564, 3056326.399980563670397 ], [ 327674.42464637424564, 3056240.510303823743016 ], [ 327703.05453862081049, 3056211.880411577410996 ], [ 327703.05453862081049, 3056125.990734837483615 ], [ 327788.944215360446833, 3056040.101058098021895 ], [ 327788.944215360446833, 3055896.951596865430474 ], [ 327817.574107607011683, 3055868.321704618632793 ], [ 327817.574107607011683, 3055839.691812372300774 ], [ 327846.203999853576533, 3055811.061920125503093 ], [ 327846.203999853576533, 3055667.912458892911673 ], [ 327874.833892100141384, 3055639.282566646113992 ], [ 327874.833892100141384, 3055438.873320920392871 ], [ 327903.463784346648026, 3055410.24342867359519 ], [ 327903.463784346648026, 3055381.61353642726317 ], [ 327932.093676593212876, 3055352.983644180931151 ], [ 327932.093676593212876, 3055238.46407519467175 ], [ 327960.723568839777727, 3055209.834182947874069 ], [ 327960.723568839777727, 3055152.574398454744369 ], [ 328017.983353332849219, 3055095.314613961614668 ], [ 328017.983353332849219, 3055066.684721715282649 ], [ 328075.24313782597892, 3055009.424937222152948 ], [ 328103.87303007254377, 3055038.054829468484968 ], [ 328132.50292231910862, 3055038.054829468484968 ], [ 328218.392599058744963, 3054952.165152729023248 ], [ 328247.022491305309813, 3054952.165152729023248 ], [ 328275.652383551874664, 3054923.535260482225567 ], [ 328304.282275798381306, 3054923.535260482225567 ], [ 328418.801844784582499, 3054809.015691496431828 ], [ 328418.801844784582499, 3054780.385799249634147 ], [ 328447.43173703114735, 3054751.755907003302127 ], [ 328476.0616292777122, 3054751.755907003302127 ], [ 328533.3214137708419, 3054694.496122510172427 ], [ 328561.951306017348543, 3054694.496122510172427 ], [ 328590.581198263913393, 3054665.866230263374746 ] ] } },
{ "type": "Feature", "properties": { "FID": 115, "STRM_VAL": 1.0, "stream_id": 115, "strahler": 1, "upstream_cells": 13201.0, "length_m": 4020.7419904099529 }, "geometry": { "type": "LineString", "coordinates": [ [ 358050.74031996645499, 3057500.225562672130764 ], [ 358251.149565692350734, 3057500.225562672130764 ], [ 358337.039242431987077, 3057414.335885932669044 ], [ 358337.039242431987077, 3057385.705993685871363 ], [ 358422.928919171681628, 3057299.816316946409643 ], [ 358480.18870366475312, 3057299.816316946409643 ], [ 358594.708272650954314, 3057414.335885932669044 ], [ 358680.597949390648864, 3057414.335885932669044 ], [ 358709.227841637213714, 3057442.965778179001063 ], [ 358737.857733883720357, 3057442.965778179001063 ], [ 358766.487626130285207, 3057414.335885932669044 ], [ 358823.747410623414908, 3057414.335885932669044 ], [ 358823.747410623414908, 3057442.965778179001063 ], [ 358852.37730286992155, 3057471.595670425798744 ], [ 358852.37730286992155, 3057528.855454918928444 ], [ 358909.637087363051251, 3057586.115239411592484 ], [ 358909.637087363051251, 3057614.745131658390164 ], [ 358966.896871856180951, 3057672.004916151519865 ], [ 358995.526764102745801, 3057672.004916151519865 ], [ 359195.936009828583337, 3057872.414161877240986 ], [ 359281.82568656821968, 3057872.414161877240986 ], [ 359482.234932294115424, 3058072.823407603427768 ], [ 359539.494716787245125, 3058072.823407603427768 ], [ 359596.754501280316617, 3058130.083192096091807 ], [ 359625.384393526881468, 3058130.083192096091807 ], [ 359654.014285773446318, 3058158.713084342889488 ], [ 359682.64417801995296, 3058158.713084342889488 ], [ 359711.274070266517811, 3058187.342976589221507 ], [ 359768.533854759647511, 3058187.342976589221507 ], [ 359797.163747006212361, 3058215.972868836019188 ], [ 359883.053423745848704, 3058215.972868836019188 ], [ 359997.572992732049897, 3058330.492437822278589 ], [ 360054.832777225179598, 3058330.492437822278589 ], [ 360083.46266947168624, 3058359.122330068610609 ], [ 360169.352346211380791, 3058359.122330068610609 ], [ 360255.242022951017134, 3058445.01200680853799 ], [ 360255.242022951017134, 3058588.16146804112941 ], [ 360283.871915197581984, 3058616.791360287927091 ], [ 360283.871915197581984, 3058645.421252534259111 ], [ 360312.501807444146834, 3058674.05114478059113 ], [ 360341.131699690711685, 3058674.05114478059113 ], [ 360427.021376430348027, 3058759.940821520518512 ], [ 360455.651268676912878, 3058759.940821520518512 ], [ 360484.28116092341952, 3058788.570713766850531 ], [ 360512.91105316998437, 3058788.570713766850531 ], [ 360541.540945416549221, 3058817.200606013648212 ], [ 360656.060514402750414, 3058817.200606013648212 ], [ 360741.950191142444964, 3058903.090282753109932 ], [ 360770.580083388951607, 3058903.090282753109932 ], [ 360827.839867882081307, 3058960.350067246239632 ], [ 360827.839867882081307, 3058988.979959493037313 ], [ 360856.469760128646158, 3059017.609851739369333 ], [ 360885.099652375211008, 3059017.609851739369333 ], [ 360913.72954462171765, 3059046.239743986167014 ], [ 360970.989329114847351, 3059046.239743986167014 ], [ 360999.619221361412201, 3059074.869636232499033 ], [ 361028.249113607918844, 3059074.869636232499033 ] ] } },
{ "type": "Feature", "properties": { "FID": 116, "STRM_VAL": 1.0, "stream_id": 116, "strahler": 2, "upstream_cells": 38550.0, "length_m": 960.71466138545395 }, "geometry": { "type": "LineString", "coordinates": [ [ 361028.249113607918844, 3059074.869636232499033 ], [ 361114.138790347613394, 3058988.979959493037313 ], [ 361171.398574840684887, 3058988.979959493037313 ], [ 361200.028467087249737, 3058960.350067246239632 ], [ 361371.807820566580631, 3058960.350067246239632 ], [ 361400.437712813145481, 3058931.720175 ], [ 361457.697497306216974, 3058931.720175 ], [ 361486.327389552781824, 3058960.350067246239632 ], [ 361514.957281799346674, 3058960.350067246239632 ], [ 361543.587174045911524, 3058988.979959493037313 ], [ 361600.846958538983017, 3058931.720175 ], [ 361686.736635278677568, 3058931.720175 ], [ 361715.36652752518421, 3058960.350067246239632 ], [ 361743.996419771749061, 3058960.350067246239632 ], [ 361772.626312018313911, 3058931.720175 ], [ 361858.515988757950254, 3058931.720175 ] ] } },
{ "type": "Feature", "properties": { "FID": 117, "STRM_VAL": 1.0, "stream_id": 117, "strahler": null, "upstream_cells": 1.0, "length_m": 3229.7720187079731 }, "geometry": { "type": "LineString", "coordinates": [ [ 340930.064756528066937, 3057586.115239411592484 ], [ 340930.064756528066937, 3057643.375023904722184 ], [ 340872.804972034937236, 3057700.634808397851884 ], [ 340872.804972034937236, 3057729.264700644649565 ], [ 340844.175079788430594, 3057757.894592890981585 ], [ 340844.175079788430594, 3057786.524485137779266 ], [ 340786.915295295300893, 3057843.784269630908966 ], [ 340758.285403048736043, 3057843.784269630908966 ], [ 340701.025618555664551, 3057901.044054124038666 ], [ 340701.025618555664551, 3057986.933730863500386 ], [ 340672.3957263090997, 3058015.563623110298067 ], [ 340643.76583406253485, 3058015.563623110298067 ], [ 340615.13594181597, 3057986.933730863500386 ], [ 340557.876157322898507, 3057986.933730863500386 ], [ 340500.616372829768807, 3058044.193515356630087 ], [ 340471.986480583203956, 3058044.193515356630087 ], [ 340443.356588336697314, 3058072.823407603427768 ], [ 340414.726696090132464, 3058072.823407603427768 ], [ 340386.096803843567614, 3058101.453299849759787 ], [ 340386.096803843567614, 3058130.083192096091807 ], [ 340300.207127103931271, 3058215.972868836019188 ], [ 340271.57723485736642, 3058215.972868836019188 ], [ 340242.94734261080157, 3058244.602761082351208 ], [ 340214.31745036423672, 3058244.602761082351208 ], [ 340185.68755811767187, 3058215.972868836019188 ], [ 340157.057665871165227, 3058215.972868836019188 ], [ 340099.797881378035527, 3058158.713084342889488 ], [ 339985.278312391834334, 3058158.713084342889488 ], [ 339956.648420145269483, 3058187.342976589221507 ], [ 339813.49895891250344, 3058187.342976589221507 ], [ 339756.239174419431947, 3058130.083192096091807 ], [ 339641.719605433172546, 3058130.083192096091807 ], [ 339613.089713186665904, 3058158.713084342889488 ], [ 339584.459820940101054, 3058158.713084342889488 ], [ 339555.829928693536203, 3058187.342976589221507 ], [ 339527.200036446971353, 3058187.342976589221507 ], [ 339498.570144200464711, 3058158.713084342889488 ], [ 339240.901113981497474, 3058158.713084342889488 ], [ 339212.271221734932624, 3058187.342976589221507 ], [ 339183.641329488367774, 3058187.342976589221507 ], [ 339155.011437241802923, 3058215.972868836019188 ], [ 339097.751652748731431, 3058215.972868836019188 ], [ 339040.49186825560173, 3058273.232653329148889 ], [ 339011.86197600903688, 3058273.232653329148889 ], [ 338983.23208376247203, 3058301.862545575480908 ], [ 338983.23208376247203, 3058330.492437822278589 ], [ 338954.602191515965387, 3058359.122330068610609 ], [ 338925.972299269400537, 3058359.122330068610609 ], [ 338811.452730283199344, 3058473.641899054870009 ], [ 338811.452730283199344, 3058502.27179130166769 ], [ 338782.822838036634494, 3058530.90168354799971 ], [ 338782.822838036634494, 3058588.16146804112941 ], [ 338754.192945790069643, 3058616.791360287927091 ], [ 338725.563053543504793, 3058616.791360287927091 ], [ 338696.933161296998151, 3058645.421252534259111 ], [ 338696.933161296998151, 3058674.05114478059113 ], [ 338582.41359231073875, 3058788.570713766850531 ] ] } },
{ "type": "Feature", "properties": { "FID": 118, "STRM_VAL": 1.0, "stream_id": 118, "strahler": 1, "upstream_cells": 8413.0, "length_m": 3163.5307936927402 }, "geometry": { "type": "LineString", "coordinates": [ [ 350950.527042821457144, 3057815.154377384111285 ], [ 350979.156935068021994, 3057786.524485137779266 ], [ 350979.156935068021994, 3057700.634808397851884 ], [ 351322.715642026625574, 3057357.076101439539343 ], [ 351379.975426519755274, 3057357.076101439539343 ], [ 351437.235211012826767, 3057299.816316946409643 ], [ 351437.235211012826767, 3057271.186424699611962 ], [ 351465.865103259391617, 3057242.556532453279942 ], [ 351609.01456449215766, 3057242.556532453279942 ], [ 351637.644456738722511, 3057213.926640206482261 ], [ 351752.164025724923704, 3057213.926640206482261 ], [ 351809.423810218053404, 3057271.186424699611962 ], [ 351895.313486957689747, 3057271.186424699611962 ], [ 351923.943379204254597, 3057242.556532453279942 ], [ 351952.573271450819448, 3057242.556532453279942 ], [ 351981.20316369732609, 3057271.186424699611962 ], [ 352124.352624930092134, 3057271.186424699611962 ], [ 352152.982517176656984, 3057299.816316946409643 ], [ 352181.612409423221834, 3057299.816316946409643 ], [ 352267.502086162858177, 3057213.926640206482261 ], [ 352324.761870655987877, 3057213.926640206482261 ], [ 352353.391762902552728, 3057242.556532453279942 ], [ 352496.541224135318771, 3057242.556532453279942 ], [ 352525.171116381825414, 3057213.926640206482261 ], [ 352553.801008628390264, 3057213.926640206482261 ], [ 352582.430900874955114, 3057185.296747960150242 ], [ 352725.580362107721157, 3057185.296747960150242 ], [ 352754.210254354286008, 3057156.666855713352561 ], [ 352811.4700388473575, 3057156.666855713352561 ], [ 352811.4700388473575, 3057185.296747960150242 ], [ 352868.729823340487201, 3057242.556532453279942 ], [ 353212.28853029909078, 3057242.556532453279942 ], [ 353240.918422545655631, 3057213.926640206482261 ], [ 353298.178207038785331, 3057213.926640206482261 ], [ 353326.808099285291974, 3057185.296747960150242 ], [ 353412.697776024986524, 3057185.296747960150242 ], [ 353441.327668271493167, 3057213.926640206482261 ], [ 353469.957560518058017, 3057185.296747960150242 ], [ 353555.847237257752568, 3057185.296747960150242 ] ] } },
{ "type": "Feature", "properties": { "FID": 119, "STRM_VAL": 1.0, "stream_id": 119, "strahler": 2, "upstream_cells": 38814.0, "length_m": 1355.7782545676339 }, "geometry": { "type": "LineString", "coordinates": [ [ 353555.847237257752568, 3057185.296747960150242 ], [ 353555.847237257752568, 3057128.036963467020541 ], [ 353756.256482983590104, 3056927.627717741299421 ], [ 353756.256482983590104, 3056870.36793324816972 ], [ 353899.405944216356147, 3056727.218472015112638 ], [ 353956.665728709485848, 3056727.218472015112638 ], [ 353985.29562095599249, 3056698.588579768780619 ], [ 354013.92551320255734, 3056698.588579768780619 ], [ 354271.594543421524577, 3056440.919549549929798 ], [ 354386.114112407783978, 3056440.919549549929798 ], [ 354443.37389690085547, 3056383.659765056800097 ], [ 354472.003789147420321, 3056383.659765056800097 ], [ 354500.633681393985171, 3056355.029872810002416 ] ] } },
{ "type": "Feature", "properties": { "FID": 120, "STRM_VAL": 1.0, "stream_id": 120, "strahler": 1, "upstream_cells": 4443.0, "length_m": 841.28297946843634 }, "geometry": { "type": "LineString", "coordinates": [ [ 323465.830486131017096, 3058130.083192096091807 ], [ 323465.830486131017096, 3058044.193515356630087 ], [ 323437.200593884452246, 3058015.563623110298067 ], [ 323437.200593884452246, 3057929.673946370370686 ], [ 323379.940809391380753, 3057872.414161877240986 ], [ 323379.940809391380753, 3057843.784269630908966 ], [ 323208.16145591204986, 3057672.004916151519865 ], [ 323179.53156366548501, 3057672.004916151519865 ], [ 323179.53156366548501, 3057643.375023904722184 ], [ 323065.011994679283816, 3057528.855454918928444 ], [ 323007.752210186154116, 3057528.855454918928444 ] ] } },
{ "type": "Feature", "properties": { "FID": 121, "STRM_VAL": 1.0, "stream_id": 121, "strahler": 2, "upstream_cells": 15875.0, "length_m": 3044.0991117756862 }, "geometry": { "type": "LineString", "coordinates": [ [ 323007.752210186154116, 3057528.855454918928444 ], [ 322979.122317939647473, 3057500.225562672130764 ], [ 322950.492425693082623, 3057500.225562672130764 ], [ 322950.492425693082623, 3057471.595670425798744 ], [ 322893.232641199952923, 3057414.335885932669044 ], [ 322893.232641199952923, 3057213.926640206482261 ], [ 322864.60274895344628, 3057185.296747960150242 ], [ 322864.60274895344628, 3057042.14728672709316 ], [ 322835.97285670688143, 3057013.517394480761141 ], [ 322835.97285670688143, 3056984.887502234429121 ], [ 322692.823395474115387, 3056841.738041001372039 ], [ 322692.823395474115387, 3056784.478256508242339 ], [ 322664.193503227550536, 3056755.848364261910319 ], [ 322664.193503227550536, 3056669.958687521982938 ], [ 322549.673934241349343, 3056555.439118535723537 ], [ 322521.044041994784493, 3056555.439118535723537 ], [ 322492.414149748219643, 3056526.809226289391518 ], [ 322492.414149748219643, 3056498.179334042593837 ], [ 322463.784257501654793, 3056469.549441796261817 ], [ 322463.784257501654793, 3056297.770088316872716 ], [ 322377.89458076201845, 3056211.880411577410996 ], [ 322377.89458076201845, 3056125.990734837483615 ], [ 322349.264688515453599, 3056125.990734837483615 ], [ 322320.634796268946957, 3056097.360842591151595 ], [ 322320.634796268946957, 3056068.730950344353914 ], [ 322292.004904022382107, 3056040.101058098021895 ], [ 322263.375011775817256, 3056040.101058098021895 ], [ 322148.855442789616063, 3055925.581489111762494 ], [ 322148.855442789616063, 3055725.172243386041373 ], [ 322062.965766049921513, 3055639.282566646113992 ], [ 322062.965766049921513, 3055610.652674399781972 ], [ 322034.33587380341487, 3055582.022782152984291 ], [ 322034.33587380341487, 3055553.392889906652272 ], [ 322005.70598155685002, 3055524.762997659854591 ], [ 322005.70598155685002, 3055467.50321316672489 ], [ 322034.33587380341487, 3055438.873320920392871 ], [ 322034.33587380341487, 3055381.61353642726317 ], [ 322062.965766049921513, 3055352.983644180931151 ], [ 322062.965766049921513, 3055324.35375193413347 ], [ 322091.595658296486363, 3055295.72385968780145 ], [ 322091.595658296486363, 3055238.46407519467175 ], [ 322120.225550543051213, 3055209.834182947874069 ], [ 322120.225550543051213, 3055152.574398454744369 ], [ 322091.595658296486363, 3055123.944506208412349 ], [ 322091.595658296486363, 3055095.314613961614668 ], [ 322120.225550543051213, 3055066.684721715282649 ], [ 322120.225550543051213, 3055038.054829468484968 ] ] } },
{ "type": "Feature", "properties": { "FID": 122, "STRM_VAL": 1.0, "stream_id": 122, "strahler": 1, "upstream_cells": 5758.0, "length_m": 3651.4308403398018 }, "geometry": { "type": "LineString", "coordinates": [ [ 343649.904519950563554, 3058215.972868836019188 ], [ 343649.904519950563554, 3058273.232653329148889 ], [ 343621.274627703998704, 3058301.862545575480908 ], [ 343621.274627703998704, 3058387.752222315408289 ], [ 343592.644735457433853, 3058387.752222315408289 ], [ 343535.384950964362361, 3058445.01200680853799 ], [ 343535.384950964362361, 3058502.27179130166769 ], [ 343478.12516647123266, 3058559.531575794797391 ], [ 343478.12516647123266, 3058588.16146804112941 ], [ 343420.865381978161167, 3058645.421252534259111 ], [ 343420.865381978161167, 3058674.05114478059113 ], [ 343392.235489731596317, 3058702.681037027388811 ], [ 343392.235489731596317, 3058731.310929273720831 ], [ 343363.605597485031467, 3058731.310929273720831 ], [ 343220.456136252265424, 3058874.460390506777912 ], [ 343220.456136252265424, 3058903.090282753109932 ], [ 343020.046890526427887, 3059103.499528479296714 ], [ 342962.787106033298187, 3059103.499528479296714 ], [ 342934.157213786733337, 3059132.129420725628734 ], [ 342876.897429293661844, 3059132.129420725628734 ], [ 342848.267537047096994, 3059103.499528479296714 ], [ 342762.377860307402443, 3059103.499528479296714 ], [ 342762.377860307402443, 3059132.129420725628734 ], [ 342676.4881835677661, 3059218.019097465090454 ], [ 342647.85829132120125, 3059218.019097465090454 ], [ 342619.2283990746364, 3059246.648989711888134 ], [ 342533.338722335000057, 3059246.648989711888134 ], [ 342504.708830088435207, 3059275.278881958220154 ], [ 342504.708830088435207, 3059332.538666451349854 ], [ 342476.078937841928564, 3059361.168558698147535 ], [ 342476.078937841928564, 3059389.798450944479555 ], [ 342447.449045595363714, 3059389.798450944479555 ], [ 342418.819153348798864, 3059418.428343191277236 ], [ 342361.559368855669163, 3059418.428343191277236 ], [ 342332.929476609162521, 3059447.058235437609255 ], [ 342332.929476609162521, 3059475.688127684406936 ], [ 342275.66969211603282, 3059532.947912177536637 ], [ 342275.66969211603282, 3059561.577804423868656 ], [ 342304.29958436259767, 3059590.207696670666337 ], [ 342304.29958436259767, 3059733.357157903257757 ], [ 342275.66969211603282, 3059761.987050149589777 ], [ 342275.66969211603282, 3059790.616942396387458 ], [ 342189.780015376396477, 3059876.506619135849178 ], [ 342103.890338636701927, 3059876.506619135849178 ], [ 342075.260446390195284, 3059905.136511382646859 ], [ 342018.000661897065584, 3059905.136511382646859 ], [ 341960.740877403935883, 3059962.396295875776559 ], [ 341960.740877403935883, 3060019.65608036890626 ], [ 341932.110985157429241, 3060048.285972615238279 ], [ 341932.110985157429241, 3060076.91586486203596 ], [ 341903.48109291086439, 3060105.54575710836798 ], [ 341874.85120066429954, 3060105.54575710836798 ], [ 341874.85120066429954, 3060134.17564935516566 ], [ 341846.22130841773469, 3060162.80554160149768 ], [ 341817.59141617116984, 3060162.80554160149768 ], [ 341817.59141617116984, 3060191.435433848295361 ], [ 341874.85120066429954, 3060248.695218341425061 ], [ 341874.85120066429954, 3060277.325110587757081 ], [ 341932.110985157429241, 3060334.584895080886781 ], [ 341932.110985157429241, 3060363.214787327218801 ], [ 341874.85120066429954, 3060420.474571820348501 ], [ 341903.48109291086439, 3060449.104464067146182 ], [ 341903.48109291086439, 3060477.734356313478202 ], [ 341846.22130841773469, 3060534.994140806607902 ] ] } },
{ "type": "Feature", "properties": { "FID": 123, "STRM_VAL": 1.0, "stream_id": 123, "strahler": 2, "upstream_cells": 11990.0, "length_m": 1616.3247339213463 }, "geometry": { "type": "LineString", "coordinates": [ [ 341846.22130841773469, 3060534.994140806607902 ], [ 341788.961523924663197, 3060592.253925299737602 ], [ 341788.961523924663197, 3060678.143602039664984 ], [ 341674.441954938462004, 3060792.663171025924385 ], [ 341645.812062691897154, 3060792.663171025924385 ], [ 341645.812062691897154, 3060935.812632258515805 ], [ 341588.552278198767453, 3060993.072416751645505 ], [ 341588.552278198767453, 3061021.702308997977525 ], [ 341502.66260145913111, 3061107.591985737904906 ], [ 341388.143032472929917, 3061107.591985737904906 ], [ 341388.143032472929917, 3061279.371339217294008 ], [ 341330.883247979800217, 3061336.631123710423708 ], [ 341330.883247979800217, 3061365.261015956755728 ], [ 341388.143032472929917, 3061365.261015956755728 ], [ 341445.40281696600141, 3061422.520800449885428 ], [ 341445.40281696600141, 3061565.670261682476848 ], [ 341416.77292471943656, 3061594.300153929274529 ], [ 341416.77292471943656, 3061622.930046175606549 ], [ 341359.513140226365067, 3061680.189830668736249 ], [ 341302.253355733235367, 3061680.189830668736249 ] ] } },
{ "type": "Feature", "properties": { "FID": 124, "STRM_VAL": 1.0, "stream_id": 124, "strahler": 3, "upstream_cells": 112487.0, "length_m": 3544.7008334206962 }, "geometry": { "type": "LineString", "coordinates": [ [ 341302.253355733235367, 3061680.189830668736249 ], [ 341073.21421776083298, 3061680.189830668736249 ], [ 341015.95443326770328, 3061737.44961516186595 ], [ 340958.694648774631787, 3061737.44961516186595 ], [ 340901.434864281502087, 3061794.70939965499565 ], [ 340872.804972034937236, 3061794.70939965499565 ], [ 340844.175079788430594, 3061823.339291901793331 ], [ 340786.915295295300893, 3061823.339291901793331 ], [ 340729.655510802171193, 3061766.07950740866363 ], [ 340672.3957263090997, 3061766.07950740866363 ], [ 340586.506049569463357, 3061680.189830668736249 ], [ 340586.506049569463357, 3061651.55993842240423 ], [ 340500.616372829768807, 3061565.670261682476848 ], [ 340443.356588336697314, 3061622.930046175606549 ], [ 340386.096803843567614, 3061622.930046175606549 ], [ 340328.837019350437913, 3061565.670261682476848 ], [ 340242.94734261080157, 3061565.670261682476848 ], [ 340185.68755811767187, 3061622.930046175606549 ], [ 340128.427773624600377, 3061622.930046175606549 ], [ 339842.12885115906829, 3061909.228968641255051 ], [ 339784.86906666593859, 3061909.228968641255051 ], [ 339727.609282172867097, 3061851.96918414812535 ], [ 339011.86197600903688, 3061851.96918414812535 ], [ 338954.602191515965387, 3061909.228968641255051 ], [ 338897.342407022835687, 3061909.228968641255051 ], [ 338840.082622529705986, 3061851.96918414812535 ], [ 338811.452730283199344, 3061851.96918414812535 ], [ 338782.822838036634494, 3061880.599076394923031 ], [ 338754.192945790069643, 3061880.599076394923031 ], [ 338725.563053543504793, 3061909.228968641255051 ], [ 338668.3032690504333, 3061909.228968641255051 ], [ 338639.67337680386845, 3061880.599076394923031 ], [ 338639.67337680386845, 3061823.339291901793331 ], [ 338582.41359231073875, 3061766.07950740866363 ], [ 338553.783700064232107, 3061766.07950740866363 ], [ 338467.894023324537557, 3061680.189830668736249 ], [ 338353.374454338336363, 3061680.189830668736249 ] ] } },
{ "type": "Feature", "properties": { "FID": 125, "STRM_VAL": 1.0, "stream_id": 125, "strahler": 1, "upstream_cells": 4704.0, "length_m": 2824.8841996644319 }, "geometry": { "type": "LineString", "coordinates": [ [ 345453.587731483392417, 3058559.531575794797391 ], [ 345453.587731483392417, 3058588.16146804112941 ], [ 345510.84751597646391, 3058645.421252534259111 ], [ 345510.84751597646391, 3058674.05114478059113 ], [ 345539.47740822302876, 3058702.681037027388811 ], [ 345539.47740822302876, 3058759.940821520518512 ], [ 345510.84751597646391, 3058788.570713766850531 ], [ 345510.84751597646391, 3058931.720175 ], [ 345482.21762372989906, 3058960.350067246239632 ], [ 345482.21762372989906, 3059189.389205218758434 ], [ 345539.47740822302876, 3059246.648989711888134 ], [ 345539.47740822302876, 3059361.168558698147535 ], [ 345510.84751597646391, 3059389.798450944479555 ], [ 345510.84751597646391, 3059475.688127684406936 ], [ 345539.47740822302876, 3059504.318019930738956 ], [ 345510.84751597646391, 3059532.947912177536637 ], [ 345510.84751597646391, 3059733.357157903257757 ], [ 345568.107300469593611, 3059733.357157903257757 ], [ 345596.737192716100253, 3059761.987050149589777 ], [ 345539.47740822302876, 3059819.246834642719477 ], [ 345539.47740822302876, 3059847.876726889517158 ], [ 345625.367084962665103, 3059933.766403628978878 ], [ 345653.996977209229954, 3059933.766403628978878 ], [ 345682.626869455794804, 3059962.396295875776559 ], [ 345682.626869455794804, 3060105.54575710836798 ], [ 345711.256761702359654, 3060134.17564935516566 ], [ 345711.256761702359654, 3060162.80554160149768 ], [ 345739.886653948866297, 3060191.435433848295361 ], [ 345739.886653948866297, 3060220.06532609462738 ], [ 345768.516546195431147, 3060220.06532609462738 ], [ 345854.406222935125697, 3060305.9550028340891 ], [ 345911.66600742819719, 3060305.9550028340891 ], [ 345968.925791921326891, 3060363.214787327218801 ], [ 345968.925791921326891, 3060391.844679574016482 ], [ 346054.815468660963234, 3060477.734356313478202 ], [ 346054.815468660963234, 3060506.364248560275882 ], [ 346112.075253154092934, 3060563.624033053405583 ], [ 346140.705145400599577, 3060563.624033053405583 ], [ 346197.964929893729277, 3060620.883817546535283 ], [ 346226.594822140294127, 3060620.883817546535283 ], [ 346255.224714386858977, 3060649.513709792867303 ], [ 346255.224714386858977, 3060735.403386532794684 ], [ 346283.85460663336562, 3060764.033278779126704 ] ] } },
{ "type": "Feature", "properties": { "FID": 126, "STRM_VAL": 1.0, "stream_id": 126, "strahler": 2, "upstream_cells": 13157.0, "length_m": 386.08215265887952 }, "geometry": { "type": "LineString", "coordinates": [ [ 346283.85460663336562, 3060764.033278779126704 ], [ 346283.85460663336562, 3060821.293063272256404 ], [ 346312.48449887993047, 3060849.922955518588424 ], [ 346312.48449887993047, 3060878.552847765386105 ], [ 346427.004067866131663, 3060993.072416751645505 ], [ 346427.004067866131663, 3061050.332201244775206 ], [ 346398.374175619625021, 3061078.962093491107225 ] ] } },
{ "type": "Feature", "properties": { "FID": 127, "STRM_VAL": 1.0, "stream_id": 127, "strahler": 2, "upstream_cells": 29371.0, "length_m": 300.19247591932253 }, "geometry": { "type": "LineString", "coordinates": [ [ 346398.374175619625021, 3061078.962093491107225 ], [ 346255.224714386858977, 3061222.111554724164307 ], [ 346255.224714386858977, 3061279.371339217294008 ], [ 346226.594822140294127, 3061308.001231463626027 ] ] } },
{ "type": "Feature", "properties": { "FID": 128, "STRM_VAL": 1.0, "stream_id": 128, "strahler": 3, "upstream_cells": 62772.0, "length_m": 4397.8427025469691 }, "geometry": { "type": "LineString", "coordinates": [ [ 346226.594822140294127, 3061308.001231463626027 ], [ 346197.964929893729277, 3061336.631123710423708 ], [ 346083.445360907528084, 3061336.631123710423708 ], [ 346026.185576414398383, 3061393.890908203087747 ], [ 345997.555684167891741, 3061393.890908203087747 ], [ 345940.29589967476204, 3061451.150692696217448 ], [ 345911.66600742819719, 3061451.150692696217448 ], [ 345883.03611518163234, 3061479.780584943015128 ], [ 345768.516546195431147, 3061479.780584943015128 ], [ 345711.256761702359654, 3061537.040369436144829 ], [ 345682.626869455794804, 3061537.040369436144829 ], [ 345625.367084962665103, 3061479.780584943015128 ], [ 345596.737192716100253, 3061479.780584943015128 ], [ 345539.47740822302876, 3061537.040369436144829 ], [ 345424.957839236827567, 3061537.040369436144829 ], [ 345396.327946990262717, 3061508.410477189347148 ], [ 345367.698054743697867, 3061508.410477189347148 ], [ 345339.068162497133017, 3061537.040369436144829 ], [ 345310.438270250626374, 3061537.040369436144829 ], [ 345195.918701264425181, 3061422.520800449885428 ], [ 345195.918701264425181, 3061393.890908203087747 ], [ 345167.288809017860331, 3061365.261015956755728 ], [ 345138.65891677129548, 3061393.890908203087747 ], [ 344995.509455538529437, 3061393.890908203087747 ], [ 344966.879563291964587, 3061365.261015956755728 ], [ 344680.5806408264325, 3061365.261015956755728 ], [ 344537.431179593666457, 3061508.410477189347148 ], [ 344394.281718360900413, 3061365.261015956755728 ], [ 344365.651826114393771, 3061365.261015956755728 ], [ 344337.02193386782892, 3061336.631123710423708 ], [ 344022.093119155731983, 3061336.631123710423708 ], [ 343993.463226909167133, 3061365.261015956755728 ], [ 343993.463226909167133, 3061508.410477189347148 ], [ 343964.833334662660491, 3061537.040369436144829 ], [ 343878.94365792296594, 3061537.040369436144829 ], [ 343821.683873429894447, 3061594.300153929274529 ], [ 343793.053981183329597, 3061594.300153929274529 ], [ 343735.794196690199897, 3061651.55993842240423 ], [ 343707.164304443635046, 3061622.930046175606549 ], [ 343649.904519950563554, 3061680.189830668736249 ], [ 343621.274627703998704, 3061680.189830668736249 ], [ 343592.644735457433853, 3061708.81972291553393 ], [ 343564.014843210927211, 3061708.81972291553393 ], [ 343535.384950964362361, 3061680.189830668736249 ], [ 343506.75505871779751, 3061680.189830668736249 ], [ 343392.235489731596317, 3061794.70939965499565 ], [ 343392.235489731596317, 3061823.339291901793331 ], [ 343363.605597485031467, 3061851.96918414812535 ], [ 343334.975705238466617, 3061851.96918414812535 ], [ 343306.345812991901767, 3061880.599076394923031 ], [ 343249.086028498830274, 3061880.599076394923031 ], [ 343163.196351759135723, 3061966.488753134384751 ], [ 343134.566459512629081, 3061966.488753134384751 ], [ 343077.30667501949938, 3062023.748537627514452 ], [ 343048.67678277293453, 3062023.748537627514452 ], [ 342962.787106033298187, 3062109.638214366976172 ], [ 342934.157213786733337, 3062109.638214366976172 ], [ 342934.157213786733337, 3062338.677352339494973 ] ] } },
{ "type": "Feature", "properties": { "FID": 129, "STRM_VAL": 1.0, "stream_id": 129, "strahler": 3, "upstream_cells": 90415.0, "length_m": 1065.4100045101359 }, "geometry": { "type": "LineString", "coordinates": [ [ 342934.157213786733337, 3062338.677352339494973 ], [ 342876.897429293661844, 3062395.937136832624674 ], [ 342762.377860307402443, 3062395.937136832624674 ], [ 342590.598506828129757, 3062224.157783353235573 ], [ 342533.338722335000057, 3062224.157783353235573 ], [ 342476.078937841928564, 3062166.897998860105872 ], [ 342332.929476609162521, 3062166.897998860105872 ], [ 342304.29958436259767, 3062138.268106613773853 ], [ 342247.03979986946797, 3062138.268106613773853 ], [ 342132.520230883266777, 3062252.787675600033253 ], [ 342046.630554143630434, 3062252.787675600033253 ] ] } },
{ "type": "Feature", "properties": { "FID": 130, "STRM_VAL": 1.0, "stream_id": 130, "strahler": 3, "upstream_cells": 96747.0, "length_m": 1267.8539140320686 }, "geometry": { "type": "LineString", "coordinates": [ [ 342046.630554143630434, 3062252.787675600033253 ], [ 341989.370769650500733, 3062252.787675600033253 ], [ 341846.22130841773469, 3062395.937136832624674 ], [ 341788.961523924663197, 3062338.677352339494973 ], [ 341760.331631678098347, 3062338.677352339494973 ], [ 341731.701739431533497, 3062310.047460093162954 ], [ 341703.071847184968647, 3062310.047460093162954 ], [ 341703.071847184968647, 3062252.787675600033253 ], [ 341645.812062691897154, 3062195.527891106903553 ], [ 341645.812062691897154, 3062052.378429873846471 ], [ 341559.922385952202603, 3061966.488753134384751 ], [ 341502.66260145913111, 3061966.488753134384751 ], [ 341416.77292471943656, 3061880.599076394923031 ], [ 341416.77292471943656, 3061851.96918414812535 ], [ 341388.143032472929917, 3061823.339291901793331 ], [ 341388.143032472929917, 3061766.07950740866363 ], [ 341302.253355733235367, 3061680.189830668736249 ] ] } },
{ "type": "Feature", "properties": { "FID": 131, "STRM_VAL": 1.0, "stream_id": 131, "strahler": 1, "upstream_cells": 7613.0, "length_m": 1361.5331528373629 }, "geometry": { "type": "LineString", "coordinates": [ [ 323265.42124040517956, 3058759.940821520518512 ], [ 323265.42124040517956, 3058731.310929273720831 ], [ 323236.79134815861471, 3058702.681037027388811 ], [ 323236.79134815861471, 3058559.531575794797391 ], [ 323208.16145591204986, 3058530.90168354799971 ], [ 323208.16145591204986, 3058473.641899054870009 ], [ 323150.901671418920159, 3058416.382114561740309 ], [ 323150.901671418920159, 3058387.752222315408289 ], [ 323122.271779172413517, 3058359.122330068610609 ], [ 323122.271779172413517, 3058244.602761082351208 ], [ 323065.011994679283816, 3058187.342976589221507 ], [ 323065.011994679283816, 3058130.083192096091807 ], [ 323036.382102432718966, 3058101.453299849759787 ], [ 323036.382102432718966, 3058015.563623110298067 ], [ 323065.011994679283816, 3057986.933730863500386 ], [ 323065.011994679283816, 3057643.375023904722184 ], [ 323007.752210186154116, 3057586.115239411592484 ], [ 323007.752210186154116, 3057528.855454918928444 ] ] } },
{ "type": "Feature", "properties": { "FID": 132, "STRM_VAL": 1.0, "stream_id": 132, "strahler": 1, "upstream_cells": 4530.0, "length_m": 1003.2381070863331 }, "geometry": { "type": "LineString", "coordinates": [ [ 335204.086307217541616, 3059332.538666451349854 ], [ 335232.716199464106467, 3059332.538666451349854 ], [ 335347.23576845030766, 3059447.058235437609255 ], [ 335347.23576845030766, 3059590.207696670666337 ], [ 335433.12544519000221, 3059676.097373410128057 ], [ 335433.12544519000221, 3059733.357157903257757 ], [ 335461.755337436508853, 3059761.987050149589777 ], [ 335461.755337436508853, 3059790.616942396387458 ], [ 335490.385229683073703, 3059819.246834642719477 ], [ 335519.015121929638553, 3059819.246834642719477 ], [ 335576.274906422768254, 3059876.506619135849178 ], [ 335604.904798669274896, 3059876.506619135849178 ], [ 335776.68415214860579, 3060048.285972615238279 ] ] } },
{ "type": "Feature", "properties": { "FID": 133, "STRM_VAL": 1.0, "stream_id": 133, "strahler": 1, "upstream_cells": 5155.0, "length_m": 1999.5294374454095 }, "geometry": { "type": "LineString", "coordinates": [ [ 347543.56986548169516, 3059504.318019930738956 ], [ 347514.93997323513031, 3059532.947912177536637 ], [ 347514.93997323513031, 3059590.207696670666337 ], [ 347457.680188742058817, 3059647.467481163796037 ], [ 347457.680188742058817, 3059704.727265656925738 ], [ 347429.050296495493967, 3059733.357157903257757 ], [ 347429.050296495493967, 3059790.616942396387458 ], [ 347285.900835262727924, 3059933.766403628978878 ], [ 347285.900835262727924, 3059962.396295875776559 ], [ 347228.641050769598223, 3060019.65608036890626 ], [ 347171.381266276526731, 3060019.65608036890626 ], [ 347142.75137402996188, 3060048.285972615238279 ], [ 347114.12148178339703, 3060048.285972615238279 ], [ 347085.491589536890388, 3060076.91586486203596 ], [ 347028.231805043760687, 3060076.91586486203596 ], [ 346970.972020550630987, 3060134.17564935516566 ], [ 346799.192667071358301, 3060134.17564935516566 ], [ 346656.043205838592257, 3060277.325110587757081 ], [ 346656.043205838592257, 3060334.584895080886781 ], [ 346627.413313592027407, 3060334.584895080886781 ], [ 346570.153529098897707, 3060391.844679574016482 ], [ 346570.153529098897707, 3060420.474571820348501 ], [ 346369.744283373060171, 3060620.883817546535283 ], [ 346369.744283373060171, 3060678.143602039664984 ], [ 346312.48449887993047, 3060735.403386532794684 ], [ 346283.85460663336562, 3060735.403386532794684 ], [ 346283.85460663336562, 3060764.033278779126704 ] ] } },
{ "type": "Feature", "properties": { "FID": 134, "STRM_VAL": 1.0, "stream_id": 134, "strahler": 1, "upstream_cells": 4955.0, "length_m": 2328.3518056107459 }, "geometry": { "type": "LineString", "coordinates": [ [ 340758.285403048736043, 3059790.616942396387458 ], [ 340729.655510802171193, 3059790.616942396387458 ], [ 340672.3957263090997, 3059847.876726889517158 ], [ 340529.246265076333657, 3059847.876726889517158 ], [ 340471.986480583203956, 3059905.136511382646859 ], [ 340471.986480583203956, 3059933.766403628978878 ], [ 340443.356588336697314, 3059962.396295875776559 ], [ 340443.356588336697314, 3060019.65608036890626 ], [ 340357.466911597002763, 3060105.54575710836798 ], [ 340357.466911597002763, 3060191.435433848295361 ], [ 340300.207127103931271, 3060248.695218341425061 ], [ 340300.207127103931271, 3060305.9550028340891 ], [ 340328.837019350437913, 3060334.584895080886781 ], [ 340328.837019350437913, 3060363.214787327218801 ], [ 340300.207127103931271, 3060391.844679574016482 ], [ 340271.57723485736642, 3060391.844679574016482 ], [ 340242.94734261080157, 3060363.214787327218801 ], [ 340214.31745036423672, 3060363.214787327218801 ], [ 340128.427773624600377, 3060449.104464067146182 ], [ 340099.797881378035527, 3060449.104464067146182 ], [ 340042.538096884964034, 3060506.364248560275882 ], [ 340013.908204638399184, 3060506.364248560275882 ], [ 339956.648420145269483, 3060449.104464067146182 ], [ 339870.75874340563314, 3060449.104464067146182 ], [ 339784.86906666593859, 3060534.994140806607902 ], [ 339756.239174419431947, 3060506.364248560275882 ], [ 339727.609282172867097, 3060506.364248560275882 ], [ 339698.979389926302247, 3060477.734356313478202 ], [ 339641.719605433172546, 3060534.994140806607902 ], [ 339613.089713186665904, 3060534.994140806607902 ], [ 339584.459820940101054, 3060506.364248560275882 ], [ 339469.94025195389986, 3060620.883817546535283 ], [ 339469.94025195389986, 3060649.513709792867303 ], [ 339355.420682967698667, 3060764.033278779126704 ], [ 339240.901113981497474, 3060764.033278779126704 ], [ 339212.271221734932624, 3060735.403386532794684 ] ] } },
{ "type": "Feature", "properties": { "FID": 135, "STRM_VAL": 1.0, "stream_id": 135, "strahler": 2, "upstream_cells": 10835.0, "length_m": 955.80254845474985 }, "geometry": { "type": "LineString", "coordinates": [ [ 339212.271221734932624, 3060735.403386532794684 ], [ 339126.381544995238073, 3060735.403386532794684 ], [ 339097.751652748731431, 3060764.033278779126704 ], [ 338983.23208376247203, 3060764.033278779126704 ], [ 338897.342407022835687, 3060678.143602039664984 ], [ 338840.082622529705986, 3060678.143602039664984 ], [ 338782.822838036634494, 3060735.403386532794684 ], [ 338725.563053543504793, 3060735.403386532794684 ], [ 338696.933161296998151, 3060764.033278779126704 ], [ 338696.933161296998151, 3060792.663171025924385 ], [ 338668.3032690504333, 3060821.293063272256404 ], [ 338639.67337680386845, 3060821.293063272256404 ], [ 338496.523915571102407, 3060964.442524504847825 ], [ 338467.894023324537557, 3060964.442524504847825 ], [ 338467.894023324537557, 3060993.072416751645505 ] ] } },
{ "type": "Feature", "properties": { "FID": 136, "STRM_VAL": 1.0, "stream_id": 136, "strahler": 1, "upstream_cells": 9061.0, "length_m": 2477.2561651143433 }, "geometry": { "type": "LineString", "coordinates": [ [ 354643.783142626751214, 3059991.026188122108579 ], [ 354500.633681393985171, 3059991.026188122108579 ], [ 354472.003789147420321, 3060019.65608036890626 ], [ 354414.74400465429062, 3060019.65608036890626 ], [ 354357.484220161219127, 3060076.91586486203596 ], [ 353842.146159723284654, 3060076.91586486203596 ], [ 353813.516267476719804, 3060048.285972615238279 ], [ 353756.256482983590104, 3060048.285972615238279 ], [ 353727.626590737025253, 3060019.65608036890626 ], [ 353670.366806243953761, 3060019.65608036890626 ], [ 353670.366806243953761, 3059991.026188122108579 ], [ 353613.10702175082406, 3059933.766403628978878 ], [ 353584.477129504317418, 3059933.766403628978878 ], [ 353498.587452764622867, 3059847.876726889517158 ], [ 353441.327668271493167, 3059847.876726889517158 ], [ 353412.697776024986524, 3059819.246834642719477 ], [ 353355.437991531856824, 3059819.246834642719477 ], [ 353355.437991531856824, 3059733.357157903257757 ], [ 353326.808099285291974, 3059704.727265656925738 ], [ 353326.808099285291974, 3059532.947912177536637 ], [ 353298.178207038785331, 3059504.318019930738956 ], [ 353298.178207038785331, 3059447.058235437609255 ], [ 353355.437991531856824, 3059389.798450944479555 ], [ 353298.178207038785331, 3059332.538666451349854 ], [ 353298.178207038785331, 3059218.019097465090454 ], [ 353269.548314792220481, 3059189.389205218758434 ], [ 353269.548314792220481, 3059160.759312972426414 ], [ 353240.918422545655631, 3059160.759312972426414 ], [ 353155.028745806019288, 3059074.869636232499033 ], [ 353155.028745806019288, 3059046.239743986167014 ], [ 353097.768961312889587, 3058988.979959493037313 ], [ 353097.768961312889587, 3058960.350067246239632 ] ] } },
{ "type": "Feature", "properties": { "FID": 137, "STRM_VAL": 1.0, "stream_id": 137, "strahler": 2, "upstream_cells": 25212.0, "length_m": 2130.8200090199716 }, "geometry": { "type": "LineString", "coordinates": [ [ 353097.768961312889587, 3058960.350067246239632 ], [ 353097.768961312889587, 3058931.720175 ], [ 353240.918422545655631, 3058788.570713766850531 ], [ 353240.918422545655631, 3058759.940821520518512 ], [ 353269.548314792220481, 3058731.310929273720831 ], [ 353269.548314792220481, 3058645.421252534259111 ], [ 353240.918422545655631, 3058616.791360287927091 ], [ 353240.918422545655631, 3058502.27179130166769 ], [ 353441.327668271493167, 3058301.862545575480908 ], [ 353441.327668271493167, 3058158.713084342889488 ], [ 353555.847237257752568, 3058044.193515356630087 ], [ 353469.957560518058017, 3057958.303838617168367 ], [ 353469.957560518058017, 3057901.044054124038666 ], [ 353441.327668271493167, 3057872.414161877240986 ], [ 353441.327668271493167, 3057786.524485137779266 ], [ 353469.957560518058017, 3057757.894592890981585 ], [ 353441.327668271493167, 3057729.264700644649565 ], [ 353441.327668271493167, 3057672.004916151519865 ], [ 353412.697776024986524, 3057643.375023904722184 ], [ 353498.587452764622867, 3057557.485347165260464 ], [ 353498.587452764622867, 3057357.076101439539343 ], [ 353555.847237257752568, 3057299.816316946409643 ], [ 353555.847237257752568, 3057185.296747960150242 ] ] } },
{ "type": "Feature", "properties": { "FID": 138, "STRM_VAL": 1.0, "stream_id": 138, "strahler": 1, "upstream_cells": 3954.0, "length_m": 397.94104231694803 }, "geometry": { "type": "LineString", "coordinates": [ [ 339183.641329488367774, 3060420.474571820348501 ], [ 339183.641329488367774, 3060477.734356313478202 ], [ 339212.271221734932624, 3060506.364248560275882 ], [ 339212.271221734932624, 3060534.994140806607902 ], [ 339183.641329488367774, 3060563.624033053405583 ], [ 339269.531006228004117, 3060649.513709792867303 ], [ 339212.271221734932624, 3060706.773494285997003 ], [ 339212.271221734932624, 3060735.403386532794684 ] ] } },
{ "type": "Feature", "properties": { "FID": 139, "STRM_VAL": 1.0, "stream_id": 139, "strahler": 1, "upstream_cells": 11709.0, "length_m": 4154.9100111203234 }, "geometry": { "type": "LineString", "coordinates": [ [ 349862.591137452458497, 3060506.364248560275882 ], [ 349776.701460712822154, 3060506.364248560275882 ], [ 349690.811783973127604, 3060420.474571820348501 ], [ 349690.811783973127604, 3060363.214787327218801 ], [ 349547.66232274036156, 3060363.214787327218801 ], [ 349519.032430493854918, 3060391.844679574016482 ], [ 349490.402538247290067, 3060391.844679574016482 ], [ 349433.142753754160367, 3060334.584895080886781 ], [ 349003.694370055862237, 3060334.584895080886781 ], [ 348975.064477809355594, 3060363.214787327218801 ], [ 348946.434585562790744, 3060363.214787327218801 ], [ 348889.174801069661044, 3060420.474571820348501 ], [ 348860.544908823096193, 3060391.844679574016482 ], [ 348803.285124330024701, 3060391.844679574016482 ], [ 348688.765555343823507, 3060506.364248560275882 ], [ 348574.245986357564107, 3060506.364248560275882 ], [ 348545.616094111057464, 3060534.994140806607902 ], [ 348459.726417371362913, 3060449.104464067146182 ], [ 348431.096525124856271, 3060449.104464067146182 ], [ 348402.466632878291421, 3060477.734356313478202 ], [ 348287.947063892090227, 3060477.734356313478202 ], [ 348230.687279398960527, 3060534.994140806607902 ], [ 348202.057387152395677, 3060534.994140806607902 ], [ 348144.797602659324184, 3060477.734356313478202 ], [ 348030.278033673064783, 3060477.734356313478202 ], [ 348001.648141426558141, 3060506.364248560275882 ], [ 347915.75846468686359, 3060506.364248560275882 ], [ 347887.128572440356947, 3060534.994140806607902 ], [ 347858.498680193792097, 3060534.994140806607902 ], [ 347801.238895700662397, 3060592.253925299737602 ], [ 347772.609003454097547, 3060563.624033053405583 ], [ 347715.349218961026054, 3060563.624033053405583 ], [ 347686.719326714461204, 3060592.253925299737602 ], [ 347658.089434467896353, 3060592.253925299737602 ], [ 347486.310080988623668, 3060764.033278779126704 ], [ 347457.680188742058817, 3060764.033278779126704 ], [ 347400.420404248929117, 3060821.293063272256404 ], [ 347343.160619755857624, 3060821.293063272256404 ], [ 347314.530727509292774, 3060849.922955518588424 ], [ 347314.530727509292774, 3060878.552847765386105 ], [ 347257.270943016163073, 3060935.812632258515805 ], [ 347228.641050769598223, 3060935.812632258515805 ], [ 347142.75137402996188, 3060849.922955518588424 ], [ 347085.491589536890388, 3060849.922955518588424 ], [ 347056.861697290325537, 3060878.552847765386105 ], [ 346970.972020550630987, 3060878.552847765386105 ], [ 346913.712236057559494, 3060935.812632258515805 ], [ 346827.822559317864943, 3060935.812632258515805 ], [ 346799.192667071358301, 3060964.442524504847825 ], [ 346770.562774824793451, 3060964.442524504847825 ], [ 346741.9328825782286, 3060993.072416751645505 ], [ 346656.043205838592257, 3060993.072416751645505 ], [ 346570.153529098897707, 3061078.962093491107225 ], [ 346398.374175619625021, 3061078.962093491107225 ] ] } },
{ "type": "Feature", "properties": { "FID": 140, "STRM_VAL": 1.0, "stream_id": 140, "strahler": 1, "upstream_cells": 8063.0, "length_m": 2535.7078280638957 }, "geometry": { "type": "LineString", "coordinates": [ [ 329020.029581962211523, 3060563.624033053405583 ], [ 329191.808935441542417, 3060391.844679574016482 ], [ 329191.808935441542417, 3060363.214787327218801 ], [ 329220.438827688107267, 3060334.584895080886781 ], [ 329334.95839667430846, 3060334.584895080886781 ], [ 329449.477965660509653, 3060220.06532609462738 ], [ 329478.107857907074504, 3060220.06532609462738 ], [ 329478.107857907074504, 3060191.435433848295361 ], [ 329506.737750153581146, 3060162.80554160149768 ], [ 329506.737750153581146, 3060105.54575710836798 ], [ 329535.367642400145996, 3060076.91586486203596 ], [ 329535.367642400145996, 3060048.285972615238279 ], [ 329649.88721138634719, 3059933.766403628978878 ], [ 329678.51710363291204, 3059933.766403628978878 ], [ 329707.14699587947689, 3059905.136511382646859 ], [ 329764.40678037260659, 3059905.136511382646859 ], [ 329793.036672619113233, 3059876.506619135849178 ], [ 329793.036672619113233, 3059819.246834642719477 ], [ 329821.666564865678083, 3059790.616942396387458 ], [ 329821.666564865678083, 3059761.987050149589777 ], [ 329850.296457112242933, 3059733.357157903257757 ], [ 329850.296457112242933, 3059704.727265656925738 ], [ 329878.926349358807784, 3059676.097373410128057 ], [ 329878.926349358807784, 3059647.467481163796037 ], [ 329907.556241605314426, 3059618.837588916998357 ], [ 329907.556241605314426, 3059561.577804423868656 ], [ 329936.186133851879276, 3059532.947912177536637 ], [ 329936.186133851879276, 3059504.318019930738956 ], [ 329993.445918345008977, 3059447.058235437609255 ], [ 330022.075810591573827, 3059447.058235437609255 ], [ 330079.33559508464532, 3059389.798450944479555 ], [ 330136.59537957777502, 3059389.798450944479555 ], [ 330193.855164070846513, 3059332.538666451349854 ], [ 330193.855164070846513, 3059303.908774205017835 ], [ 330279.744840810541064, 3059303.908774205017835 ], [ 330365.634517550177407, 3059218.019097465090454 ], [ 330365.634517550177407, 3059189.389205218758434 ], [ 330394.264409796742257, 3059160.759312972426414 ], [ 330394.264409796742257, 3059132.129420725628734 ], [ 330422.894302043307107, 3059132.129420725628734 ], [ 330537.4138710295083, 3059017.609851739369333 ], [ 330537.4138710295083, 3058988.979959493037313 ], [ 330594.673655522579793, 3058931.720175 ] ] } },
{ "type": "Feature", "properties": { "FID": 141, "STRM_VAL": 1.0, "stream_id": 141, "strahler": 1, "upstream_cells": 3812.0, "length_m": 264.61580694604766 }, "geometry": { "type": "LineString", "coordinates": [ [ 342075.260446390195284, 3060620.883817546535283 ], [ 341989.370769650500733, 3060620.883817546535283 ], [ 341960.740877403935883, 3060592.253925299737602 ], [ 341903.48109291086439, 3060592.253925299737602 ], [ 341846.22130841773469, 3060534.994140806607902 ] ] } },
{ "type": "Feature", "properties": { "FID": 142, "STRM_VAL": 1.0, "stream_id": 142, "strahler": 1, "upstream_cells": 5335.0, "length_m": 357.45226041239403 }, "geometry": { "type": "LineString", "coordinates": [ [ 320660.101045968884137, 3060935.812632258515805 ], [ 320602.841261475754436, 3060935.812632258515805 ], [ 320574.211369229189586, 3060907.182740011718124 ], [ 320545.581476982682943, 3060907.182740011718124 ], [ 320431.06190799648175, 3060792.663171025924385 ], [ 320402.4320157499169, 3060792.663171025924385 ], [ 320373.80212350335205, 3060764.033278779126704 ] ] } },
{ "type": "Feature", "properties": { "FID": 143, "STRM_VAL": 1.0, "stream_id": 143, "strahler": 2, "upstream_cells": 17639.0, "length_m": 6862.3971926638515 }, "geometry": { "type": "LineString", "coordinates": [ [ 320373.80212350335205, 3060764.033278779126704 ], [ 320373.80212350335205, 3060735.403386532794684 ], [ 320316.542339010222349, 3060678.143602039664984 ], [ 320316.542339010222349, 3060649.513709792867303 ], [ 320202.022770024021156, 3060534.994140806607902 ], [ 320202.022770024021156, 3060477.734356313478202 ], [ 320116.133093284384813, 3060391.844679574016482 ], [ 320116.133093284384813, 3060363.214787327218801 ], [ 320087.503201037819963, 3060363.214787327218801 ], [ 320058.873308791255113, 3060334.584895080886781 ], [ 320030.243416544690263, 3060334.584895080886781 ], [ 320030.243416544690263, 3060305.9550028340891 ], [ 320001.61352429818362, 3060277.325110587757081 ], [ 320001.61352429818362, 3060220.06532609462738 ], [ 319972.98363205161877, 3060220.06532609462738 ], [ 319915.723847558489069, 3060162.80554160149768 ], [ 319887.093955311982427, 3060162.80554160149768 ], [ 319801.204278572287876, 3060076.91586486203596 ], [ 319801.204278572287876, 3060048.285972615238279 ], [ 319772.574386325723026, 3060019.65608036890626 ], [ 319772.574386325723026, 3059991.026188122108579 ], [ 319658.054817339521833, 3059876.506619135849178 ], [ 319658.054817339521833, 3059790.616942396387458 ], [ 319600.79503284645034, 3059733.357157903257757 ], [ 319600.79503284645034, 3059676.097373410128057 ], [ 319572.16514059988549, 3059647.467481163796037 ], [ 319600.79503284645034, 3059618.837588916998357 ], [ 319572.16514059988549, 3059590.207696670666337 ], [ 319572.16514059988549, 3059532.947912177536637 ], [ 319486.275463860190939, 3059447.058235437609255 ], [ 319486.275463860190939, 3059418.428343191277236 ], [ 319457.645571613684297, 3059389.798450944479555 ], [ 319457.645571613684297, 3059332.538666451349854 ], [ 319429.015679367119446, 3059303.908774205017835 ], [ 319429.015679367119446, 3059246.648989711888134 ], [ 319314.496110380918253, 3059132.129420725628734 ], [ 319314.496110380918253, 3059103.499528479296714 ], [ 319228.606433641223703, 3059017.609851739369333 ], [ 319228.606433641223703, 3058960.350067246239632 ], [ 319199.97654139471706, 3058931.720175 ], [ 319199.97654139471706, 3058759.940821520518512 ], [ 319257.236325887788553, 3058759.940821520518512 ], [ 319314.496110380918253, 3058702.681037027388811 ], [ 319314.496110380918253, 3058674.05114478059113 ], [ 319343.126002627483103, 3058645.421252534259111 ], [ 319343.126002627483103, 3058616.791360287927091 ], [ 319371.755894873989746, 3058588.16146804112941 ], [ 319371.755894873989746, 3058416.382114561740309 ], [ 319400.385787120554596, 3058387.752222315408289 ], [ 319400.385787120554596, 3058330.492437822278589 ], [ 319371.755894873989746, 3058301.862545575480908 ], [ 319371.755894873989746, 3058273.232653329148889 ], [ 319343.126002627483103, 3058244.602761082351208 ], [ 319343.126002627483103, 3058158.713084342889488 ], [ 319371.755894873989746, 3058130.083192096091807 ], [ 319371.755894873989746, 3058044.193515356630087 ], [ 319400.385787120554596, 3058015.563623110298067 ], [ 319400.385787120554596, 3057843.784269630908966 ], [ 319343.126002627483103, 3057786.524485137779266 ], [ 319285.866218134353403, 3057786.524485137779266 ], [ 319228.606433641223703, 3057729.264700644649565 ], [ 319171.34664914815221, 3057729.264700644649565 ], [ 319085.456972408457659, 3057643.375023904722184 ], [ 319085.456972408457659, 3057614.745131658390164 ], [ 319028.197187915386166, 3057614.745131658390164 ], [ 318970.937403422256466, 3057557.485347165260464 ], [ 318827.787942189490423, 3057557.485347165260464 ], [ 318827.787942189490423, 3057471.595670425798744 ], [ 318656.008588710217737, 3057299.816316946409643 ], [ 318656.008588710217737, 3057242.556532453279942 ], [ 318570.118911970523186, 3057156.666855713352561 ], [ 318512.859127477451693, 3057156.666855713352561 ], [ 318455.599342984321993, 3057099.407071220222861 ], [ 318455.599342984321993, 3057042.14728672709316 ], [ 318426.969450737757143, 3057013.517394480761141 ], [ 318426.969450737757143, 3056927.627717741299421 ], [ 318398.3395584912505, 3056898.99782549450174 ], [ 318398.3395584912505, 3056841.738041001372039 ], [ 318369.70966624468565, 3056813.10814875504002 ], [ 318369.70966624468565, 3056784.478256508242339 ], [ 318255.190097258484457, 3056669.958687521982938 ], [ 318226.560205011919606, 3056669.958687521982938 ], [ 318197.930312765354756, 3056641.328795275650918 ], [ 318169.300420518789906, 3056641.328795275650918 ], [ 317997.521067039459012, 3056469.549441796261817 ], [ 317968.89117479295237, 3056469.549441796261817 ], [ 317940.26128254638752, 3056440.919549549929798 ], [ 317940.26128254638752, 3056240.510303823743016 ], [ 317883.001498053257819, 3056183.250519330613315 ], [ 317883.001498053257819, 3056154.620627084281296 ], [ 317825.741713560186327, 3056097.360842591151595 ], [ 317825.741713560186327, 3055982.841273604892194 ], [ 317797.111821313621476, 3055954.211381358094513 ], [ 317539.44279109465424, 3055954.211381358094513 ], [ 317453.553114355017897, 3056040.101058098021895 ] ] } },
{ "type": "Feature", "properties": { "FID": 144, "STRM_VAL": 1.0, "stream_id": 144, "strahler": 1, "upstream_cells": 5339.0, "length_m": 1346.7968140449975 }, "geometry": { "type": "LineString", "coordinates": [ [ 359253.195794321713038, 3060964.442524504847825 ], [ 359253.195794321713038, 3060907.182740011718124 ], [ 359224.565902075148188, 3060878.552847765386105 ], [ 359224.565902075148188, 3060764.033278779126704 ], [ 359253.195794321713038, 3060735.403386532794684 ], [ 359281.82568656821968, 3060735.403386532794684 ], [ 359424.975147800985724, 3060592.253925299737602 ], [ 359424.975147800985724, 3060534.994140806607902 ], [ 359453.605040047550574, 3060506.364248560275882 ], [ 359453.605040047550574, 3060363.214787327218801 ], [ 359482.234932294115424, 3060334.584895080886781 ], [ 359482.234932294115424, 3060220.06532609462738 ], [ 359539.494716787245125, 3060162.80554160149768 ], [ 359568.124609033751767, 3060162.80554160149768 ], [ 359596.754501280316617, 3060134.17564935516566 ], [ 359596.754501280316617, 3060048.285972615238279 ], [ 359625.384393526881468, 3060019.65608036890626 ], [ 359625.384393526881468, 3059991.026188122108579 ], [ 359739.903962513082661, 3059876.506619135849178 ] ] } },
{ "type": "Feature", "properties": { "FID": 145, "STRM_VAL": 1.0, "stream_id": 145, "strahler": 2, "upstream_cells": 19413.0, "length_m": 1768.4556356768735 }, "geometry": { "type": "LineString", "coordinates": [ [ 359739.903962513082661, 3059876.506619135849178 ], [ 359768.533854759647511, 3059876.506619135849178 ], [ 359825.793639252719004, 3059819.246834642719477 ], [ 359825.793639252719004, 3059761.987050149589777 ], [ 359854.423531499283854, 3059733.357157903257757 ], [ 359854.423531499283854, 3059647.467481163796037 ], [ 359940.313208238920197, 3059561.577804423868656 ], [ 359968.943100485485047, 3059561.577804423868656 ], [ 359997.572992732049897, 3059532.947912177536637 ], [ 360054.832777225179598, 3059532.947912177536637 ], [ 360112.09256171825109, 3059475.688127684406936 ], [ 360140.722453964815941, 3059475.688127684406936 ], [ 360312.501807444146834, 3059303.908774205017835 ], [ 360541.540945416549221, 3059303.908774205017835 ], [ 360570.170837663114071, 3059332.538666451349854 ], [ 360598.800729909678921, 3059332.538666451349854 ], [ 360627.430622156185564, 3059361.168558698147535 ], [ 360684.690406649315264, 3059361.168558698147535 ], [ 360713.320298895880114, 3059332.538666451349854 ], [ 360713.320298895880114, 3059303.908774205017835 ], [ 360741.950191142444964, 3059275.278881958220154 ], [ 360770.580083388951607, 3059275.278881958220154 ], [ 360799.209975635516457, 3059246.648989711888134 ], [ 360827.839867882081307, 3059246.648989711888134 ], [ 360856.469760128646158, 3059218.019097465090454 ], [ 360885.099652375211008, 3059218.019097465090454 ], [ 361028.249113607918844, 3059074.869636232499033 ] ] } },
{ "type": "Feature", "properties": { "FID": 146, "STRM_VAL": 1.0, "stream_id": 146, "strahler": 1, "upstream_cells": 8844.0, "length_m": 4030.5662162729241 }, "geometry": { "type": "LineString", "coordinates": [ [ 357048.694091337150894, 3060993.072416751645505 ], [ 357048.694091337150894, 3060964.442524504847825 ], [ 357077.323983583715744, 3060935.812632258515805 ], [ 357077.323983583715744, 3060878.552847765386105 ], [ 357134.583768076787237, 3060821.293063272256404 ], [ 357163.213660323352087, 3060821.293063272256404 ], [ 357277.73322930955328, 3060706.773494285997003 ], [ 357277.73322930955328, 3060649.513709792867303 ], [ 357363.622906049247831, 3060563.624033053405583 ], [ 357363.622906049247831, 3060477.734356313478202 ], [ 357392.252798295754474, 3060449.104464067146182 ], [ 357392.252798295754474, 3060420.474571820348501 ], [ 357449.512582788884174, 3060363.214787327218801 ], [ 357478.142475035449024, 3060363.214787327218801 ], [ 357478.142475035449024, 3060334.584895080886781 ], [ 357506.772367281955667, 3060334.584895080886781 ], [ 357564.032151775085367, 3060277.325110587757081 ], [ 357564.032151775085367, 3060248.695218341425061 ], [ 357592.662044021650217, 3060220.06532609462738 ], [ 357592.662044021650217, 3060191.435433848295361 ], [ 357649.92182851472171, 3060134.17564935516566 ], [ 357649.92182851472171, 3060105.54575710836798 ], [ 357707.181613007851411, 3060048.285972615238279 ], [ 357707.181613007851411, 3060019.65608036890626 ], [ 357735.811505254416261, 3059991.026188122108579 ], [ 357735.811505254416261, 3059819.246834642719477 ], [ 357907.590858733747154, 3059647.467481163796037 ], [ 357907.590858733747154, 3059618.837588916998357 ], [ 357964.850643226818647, 3059561.577804423868656 ], [ 358050.74031996645499, 3059561.577804423868656 ], [ 358079.37021221301984, 3059590.207696670666337 ], [ 358136.629996706149541, 3059590.207696670666337 ], [ 358165.259888952714391, 3059618.837588916998357 ], [ 358222.519673445785884, 3059618.837588916998357 ], [ 358251.149565692350734, 3059590.207696670666337 ], [ 358308.409350185422227, 3059590.207696670666337 ], [ 358365.669134678551927, 3059532.947912177536637 ], [ 358394.299026925116777, 3059532.947912177536637 ], [ 358422.928919171681628, 3059504.318019930738956 ], [ 358451.558811418246478, 3059504.318019930738956 ], [ 358480.18870366475312, 3059475.688127684406936 ], [ 358623.338164897519164, 3059475.688127684406936 ], [ 358651.968057144084014, 3059447.058235437609255 ], [ 358680.597949390648864, 3059447.058235437609255 ], [ 358709.227841637213714, 3059475.688127684406936 ], [ 358795.117518376850057, 3059475.688127684406936 ], [ 358823.747410623414908, 3059447.058235437609255 ], [ 358909.637087363051251, 3059447.058235437609255 ], [ 358966.896871856180951, 3059504.318019930738956 ], [ 358966.896871856180951, 3059561.577804423868656 ], [ 359024.156656349252444, 3059618.837588916998357 ], [ 359081.416440842382144, 3059618.837588916998357 ], [ 359167.306117582018487, 3059704.727265656925738 ], [ 359167.306117582018487, 3059733.357157903257757 ], [ 359195.936009828583337, 3059761.987050149589777 ], [ 359253.195794321713038, 3059761.987050149589777 ], [ 359281.82568656821968, 3059790.616942396387458 ], [ 359367.715363307914231, 3059790.616942396387458 ], [ 359482.234932294115424, 3059905.136511382646859 ], [ 359510.864824540680274, 3059905.136511382646859 ], [ 359539.494716787245125, 3059933.766403628978878 ], [ 359568.124609033751767, 3059933.766403628978878 ], [ 359625.384393526881468, 3059876.506619135849178 ], [ 359739.903962513082661, 3059876.506619135849178 ] ] } },
{ "type": "Feature", "properties": { "FID": 147, "STRM_VAL": 1.0, "stream_id": 147, "strahler": 1, "upstream_cells": 4737.0, "length_m": 667.4689621940297 }, "geometry": { "type": "LineString", "coordinates": [ [ 320373.80212350335205, 3061336.631123710423708 ], [ 320373.80212350335205, 3061250.741446970496327 ], [ 320402.4320157499169, 3061222.111554724164307 ], [ 320402.4320157499169, 3061193.481662477366626 ], [ 320373.80212350335205, 3061164.851770231034607 ], [ 320373.80212350335205, 3061136.221877984236926 ], [ 320402.4320157499169, 3061107.591985737904906 ], [ 320402.4320157499169, 3061021.702308997977525 ], [ 320345.1722312567872, 3060964.442524504847825 ], [ 320373.80212350335205, 3060935.812632258515805 ], [ 320373.80212350335205, 3060878.552847765386105 ], [ 320345.1722312567872, 3060849.922955518588424 ], [ 320345.1722312567872, 3060821.293063272256404 ], [ 320373.80212350335205, 3060792.663171025924385 ], [ 320373.80212350335205, 3060764.033278779126704 ] ] } },
{ "type": "Feature", "properties": { "FID": 148, "STRM_VAL": 1.0, "stream_id": 148, "strahler": 1, "upstream_cells": 9593.0, "length_m": 4233.0101257942988 }, "geometry": { "type": "LineString", "coordinates": [ [ 353212.28853029909078, 3062023.748537627514452 ], [ 353183.65863805252593, 3061995.118645380716771 ], [ 353155.028745806019288, 3061995.118645380716771 ], [ 353126.398853559454437, 3061966.488753134384751 ], [ 353097.768961312889587, 3061966.488753134384751 ], [ 353069.139069066324737, 3061937.85886088758707 ], [ 353040.509176819818094, 3061937.85886088758707 ], [ 352983.249392326688394, 3061880.599076394923031 ], [ 352983.249392326688394, 3061851.96918414812535 ], [ 352954.619500080123544, 3061851.96918414812535 ], [ 352925.989607833558694, 3061823.339291901793331 ], [ 352840.099931093922351, 3061823.339291901793331 ], [ 352782.84014660079265, 3061766.07950740866363 ], [ 352754.210254354286008, 3061766.07950740866363 ], [ 352668.320577614591457, 3061680.189830668736249 ], [ 352639.690685368026607, 3061680.189830668736249 ], [ 352611.060793121519964, 3061651.55993842240423 ], [ 352611.060793121519964, 3061565.670261682476848 ], [ 352582.430900874955114, 3061537.040369436144829 ], [ 352582.430900874955114, 3061479.780584943015128 ], [ 352553.801008628390264, 3061451.150692696217448 ], [ 352553.801008628390264, 3061393.890908203087747 ], [ 352496.541224135318771, 3061336.631123710423708 ], [ 352496.541224135318771, 3061250.741446970496327 ], [ 352238.872193916293327, 3060993.072416751645505 ], [ 352210.242301669786684, 3060993.072416751645505 ], [ 352152.982517176656984, 3060935.812632258515805 ], [ 352181.612409423221834, 3060907.182740011718124 ], [ 352181.612409423221834, 3060764.033278779126704 ], [ 352152.982517176656984, 3060735.403386532794684 ], [ 352152.982517176656984, 3060506.364248560275882 ], [ 352181.612409423221834, 3060477.734356313478202 ], [ 352181.612409423221834, 3060305.9550028340891 ], [ 352152.982517176656984, 3060277.325110587757081 ], [ 352152.982517176656984, 3060134.17564935516566 ], [ 352181.612409423221834, 3060105.54575710836798 ], [ 352181.612409423221834, 3060076.91586486203596 ], [ 352152.982517176656984, 3060048.285972615238279 ], [ 352238.872193916293327, 3059962.396295875776559 ], [ 352296.131978409423027, 3059962.396295875776559 ], [ 352324.761870655987877, 3059933.766403628978878 ], [ 352382.02165514905937, 3059933.766403628978878 ], [ 352410.65154739562422, 3059905.136511382646859 ], [ 352439.281439642189071, 3059905.136511382646859 ], [ 352611.060793121519964, 3059733.357157903257757 ], [ 352611.060793121519964, 3059704.727265656925738 ], [ 352725.580362107721157, 3059590.207696670666337 ], [ 352725.580362107721157, 3059561.577804423868656 ], [ 352754.210254354286008, 3059532.947912177536637 ], [ 352782.84014660079265, 3059532.947912177536637 ], [ 352840.099931093922351, 3059475.688127684406936 ], [ 352840.099931093922351, 3059418.428343191277236 ], [ 352868.729823340487201, 3059389.798450944479555 ], [ 352868.729823340487201, 3059332.538666451349854 ], [ 352925.989607833558694, 3059275.278881958220154 ], [ 352925.989607833558694, 3059218.019097465090454 ], [ 352954.619500080123544, 3059189.389205218758434 ], [ 352954.619500080123544, 3059160.759312972426414 ], [ 352983.249392326688394, 3059132.129420725628734 ], [ 352983.249392326688394, 3059074.869636232499033 ], [ 353097.768961312889587, 3058960.350067246239632 ] ] } },
{ "type": "Feature", "properties": { "FID": 149, "STRM_VAL": 1.0, "stream_id": 149, "strahler": 1, "upstream_cells": 4882.0, "length_m": 934.11943293524837 }, "geometry": { "type": "LineString", "coordinates": [ [ 342046.630554143630434, 3062882.645305023994297 ], [ 342046.630554143630434, 3062825.385520530864596 ], [ 342103.890338636701927, 3062768.125736037734896 ], [ 342103.890338636701927, 3062710.865951544605196 ], [ 342132.520230883266777, 3062710.865951544605196 ], [ 342247.03979986946797, 3062596.346382558345795 ], [ 342275.66969211603282, 3062596.346382558345795 ], [ 342332.929476609162521, 3062539.086598065216094 ], [ 342304.29958436259767, 3062510.456705818884075 ], [ 342275.66969211603282, 3062510.456705818884075 ], [ 342161.150123129831627, 3062395.937136832624674 ], [ 342132.520230883266777, 3062395.937136832624674 ], [ 342103.890338636701927, 3062367.307244586292654 ], [ 342103.890338636701927, 3062338.677352339494973 ], [ 342075.260446390195284, 3062310.047460093162954 ], [ 342075.260446390195284, 3062281.417567846365273 ], [ 342046.630554143630434, 3062252.787675600033253 ] ] } },
{ "type": "Feature", "properties": { "FID": 150, "STRM_VAL": 1.0, "stream_id": 150, "strahler": 1, "upstream_cells": 9494.0, "length_m": 1346.7968140442936 }, "geometry": { "type": "LineString", "coordinates": [ [ 327846.203999853576533, 3062997.164874010253698 ], [ 327874.833892100141384, 3063025.794766256585717 ], [ 327932.093676593212876, 3063025.794766256585717 ], [ 327960.723568839777727, 3063054.424658503383398 ], [ 327960.723568839777727, 3063111.684442996513098 ], [ 327989.353461086342577, 3063111.684442996513098 ], [ 328046.61324557941407, 3063054.424658503383398 ], [ 328075.24313782597892, 3063054.424658503383398 ], [ 328132.50292231910862, 3063111.684442996513098 ], [ 328189.762706812180113, 3063111.684442996513098 ], [ 328218.392599058744963, 3063083.054550749715418 ], [ 328218.392599058744963, 3062997.164874010253698 ], [ 328247.022491305309813, 3062968.534981763921678 ], [ 328275.652383551874664, 3062968.534981763921678 ], [ 328361.542060291511007, 3063054.424658503383398 ], [ 328447.43173703114735, 3063054.424658503383398 ], [ 328504.69152152427705, 3062997.164874010253698 ], [ 328504.69152152427705, 3062968.534981763921678 ], [ 328561.951306017348543, 3062911.275197270791978 ], [ 328676.470875003607944, 3062911.275197270791978 ], [ 328733.730659496679436, 3062968.534981763921678 ], [ 328819.620336236315779, 3062968.534981763921678 ] ] } },
{ "type": "Feature", "properties": { "FID": 151, "STRM_VAL": 1.0, "stream_id": 151, "strahler": 2, "upstream_cells": 45456.0, "length_m": 2223.6564624871867 }, "geometry": { "type": "LineString", "coordinates": [ [ 328819.620336236315779, 3062968.534981763921678 ], [ 328905.51001297601033, 3062882.645305023994297 ], [ 329020.029581962211523, 3062882.645305023994297 ], [ 329134.549150948412716, 3062997.164874010253698 ], [ 329163.179043194977567, 3062997.164874010253698 ], [ 329306.32850442774361, 3063140.314335242845118 ], [ 329363.588288920815103, 3063140.314335242845118 ], [ 329392.218181167379953, 3063168.944227489642799 ], [ 329392.218181167379953, 3063197.574119735974818 ], [ 329420.848073413944803, 3063226.204011982772499 ], [ 329420.848073413944803, 3063312.093688722234219 ], [ 329535.367642400145996, 3063426.61325770849362 ], [ 329621.257319139840547, 3063426.61325770849362 ], [ 329621.257319139840547, 3063483.873042201623321 ], [ 329649.88721138634719, 3063512.50293444795534 ], [ 329649.88721138634719, 3063541.132826694753021 ], [ 329678.51710363291204, 3063541.132826694753021 ], [ 329707.14699587947689, 3063569.762718941085041 ], [ 329735.77688812604174, 3063569.762718941085041 ], [ 329735.77688812604174, 3063655.652395681012422 ], [ 329793.036672619113233, 3063712.912180174142122 ], [ 329878.926349358807784, 3063712.912180174142122 ], [ 330079.33559508464532, 3063913.321425899863243 ], [ 330079.33559508464532, 3063941.951318146660924 ], [ 330136.59537957777502, 3063999.211102639790624 ], [ 330136.59537957777502, 3064142.360563872382045 ], [ 330193.855164070846513, 3064199.620348365511745 ] ] } },
{ "type": "Feature", "properties": { "FID": 152, "STRM_VAL": 1.0, "stream_id": 152, "strahler": 2, "upstream_cells": 52577.0, "length_m": 2696.4710772246171 }, "geometry": { "type": "LineString", "coordinates": [ [ 330193.855164070846513, 3064199.620348365511745 ], [ 330222.485056317411363, 3064199.620348365511745 ], [ 330308.374733057105914, 3064113.730671625584364 ], [ 330337.004625303612556, 3064113.730671625584364 ], [ 330365.634517550177407, 3064142.360563872382045 ], [ 330566.04376327607315, 3064142.360563872382045 ], [ 330623.303547769144643, 3064085.100779379252344 ], [ 330880.97257798811188, 3064085.100779379252344 ], [ 331024.122039220877923, 3063941.951318146660924 ], [ 331424.940530672611203, 3063941.951318146660924 ], [ 331510.830207412305754, 3063856.061641406733543 ], [ 331510.830207412305754, 3063827.431749160401523 ], [ 331539.460099658812396, 3063827.431749160401523 ], [ 331568.089991905377246, 3063798.801856913603842 ], [ 331596.719884151942097, 3063798.801856913603842 ], [ 331625.349776398506947, 3063770.171964667271823 ], [ 331653.979668645071797, 3063770.171964667271823 ], [ 331711.23945313814329, 3063712.912180174142122 ], [ 331768.49923763127299, 3063712.912180174142122 ], [ 331854.388914370909333, 3063798.801856913603842 ], [ 331940.278591110545676, 3063798.801856913603842 ], [ 331968.908483357110526, 3063770.171964667271823 ], [ 331997.538375603675377, 3063770.171964667271823 ], [ 332026.168267850240227, 3063741.542072420474142 ], [ 332026.168267850240227, 3063712.912180174142122 ], [ 331997.538375603675377, 3063684.282287927344441 ], [ 331997.538375603675377, 3063598.392611187882721 ], [ 332026.168267850240227, 3063569.762718941085041 ], [ 332112.05794458987657, 3063569.762718941085041 ], [ 332169.31772908300627, 3063627.022503434214741 ], [ 332369.726974808843806, 3063627.022503434214741 ] ] } },
{ "type": "Feature", "properties": { "FID": 153, "STRM_VAL": 1.0, "stream_id": 153, "strahler": 1, "upstream_cells": 4601.0, "length_m": 2359.8591469923872 }, "geometry": { "type": "LineString", "coordinates": [ [ 349748.071568466257304, 3063025.794766256585717 ], [ 349662.181891726562753, 3063025.794766256585717 ], [ 349633.551999480056111, 3063054.424658503383398 ], [ 349519.032430493854918, 3063054.424658503383398 ], [ 349519.032430493854918, 3063083.054550749715418 ], [ 349490.402538247290067, 3063111.684442996513098 ], [ 349433.142753754160367, 3063111.684442996513098 ], [ 349404.512861507595517, 3063140.314335242845118 ], [ 349318.623184767959174, 3063140.314335242845118 ], [ 349261.363400274829473, 3063083.054550749715418 ], [ 349261.363400274829473, 3063054.424658503383398 ], [ 349204.103615781757981, 3062997.164874010253698 ], [ 349118.21393904206343, 3062997.164874010253698 ], [ 349089.584046795556787, 3062968.534981763921678 ], [ 348946.434585562790744, 3062968.534981763921678 ], [ 348917.804693316225894, 3062997.164874010253698 ], [ 348860.544908823096193, 3062997.164874010253698 ], [ 348803.285124330024701, 3063054.424658503383398 ], [ 348746.025339836895, 3063054.424658503383398 ], [ 348574.245986357564107, 3062882.645305023994297 ], [ 348574.245986357564107, 3062854.015412777662277 ], [ 348488.356309617927764, 3062768.125736037734896 ], [ 348402.466632878291421, 3062768.125736037734896 ], [ 348345.20684838516172, 3062710.865951544605196 ], [ 348259.317171645525377, 3062710.865951544605196 ], [ 348202.057387152395677, 3062653.606167051475495 ], [ 348144.797602659324184, 3062653.606167051475495 ], [ 348116.167710412759334, 3062682.236059298273176 ], [ 348087.537818166194484, 3062682.236059298273176 ], [ 348001.648141426558141, 3062768.125736037734896 ], [ 347915.75846468686359, 3062768.125736037734896 ], [ 347887.128572440356947, 3062796.755628284532577 ], [ 347858.498680193792097, 3062796.755628284532577 ], [ 347829.868787947227247, 3062825.385520530864596 ] ] } },
{ "type": "Feature", "properties": { "FID": 154, "STRM_VAL": 1.0, "stream_id": 154, "strahler": 2, "upstream_cells": 24734.0, "length_m": 2655.139509981037 }, "geometry": { "type": "LineString", "coordinates": [ [ 347829.868787947227247, 3062825.385520530864596 ], [ 347743.979111207590904, 3062739.495843791402876 ], [ 347715.349218961026054, 3062739.495843791402876 ], [ 347543.56986548169516, 3062567.716490312013775 ], [ 347457.680188742058817, 3062567.716490312013775 ], [ 347400.420404248929117, 3062624.976274805143476 ], [ 347314.530727509292774, 3062624.976274805143476 ], [ 347285.900835262727924, 3062596.346382558345795 ], [ 347114.12148178339703, 3062596.346382558345795 ], [ 347114.12148178339703, 3062424.567029079422355 ], [ 347085.491589536890388, 3062395.937136832624674 ], [ 347085.491589536890388, 3062252.787675600033253 ], [ 347028.231805043760687, 3062195.527891106903553 ], [ 347028.231805043760687, 3062081.008322120644152 ], [ 346885.082343810994644, 3061937.85886088758707 ], [ 346770.562774824793451, 3061937.85886088758707 ], [ 346713.30299033166375, 3061880.599076394923031 ], [ 346684.6730980850989, 3061880.599076394923031 ], [ 346512.893744605826214, 3061708.81972291553393 ], [ 346512.893744605826214, 3061680.189830668736249 ], [ 346484.263852359261364, 3061651.55993842240423 ], [ 346512.893744605826214, 3061622.930046175606549 ], [ 346512.893744605826214, 3061565.670261682476848 ], [ 346484.263852359261364, 3061537.040369436144829 ], [ 346484.263852359261364, 3061508.410477189347148 ], [ 346427.004067866131663, 3061451.150692696217448 ], [ 346369.744283373060171, 3061451.150692696217448 ], [ 346226.594822140294127, 3061308.001231463626027 ] ] } },
{ "type": "Feature", "properties": { "FID": 155, "STRM_VAL": 1.0, "stream_id": 155, "strahler": 1, "upstream_cells": 5006.0, "length_m": 240.89802763066552 }, "geometry": { "type": "LineString", "coordinates": [ [ 361715.36652752518421, 3063083.054550749715418 ], [ 361772.626312018313911, 3063083.054550749715418 ], [ 361801.256204264878761, 3063111.684442996513098 ], [ 361915.775773251079954, 3063111.684442996513098 ], [ 361915.775773251079954, 3063083.054550749715418 ] ] } },
{ "type": "Feature", "properties": { "FID": 156, "STRM_VAL": 1.0, "stream_id": 156, "strahler": 1, "upstream_cells": 4456.0, "length_m": 1232.2772450585778 }, "geometry": { "type": "LineString", "coordinates": [ [ 326729.638202238013037, 3063541.132826694753021 ], [ 326758.268094484577887, 3063569.762718941085041 ], [ 326758.268094484577887, 3063627.022503434214741 ], [ 326786.897986731142737, 3063655.652395681012422 ], [ 326786.897986731142737, 3063712.912180174142122 ], [ 326815.52787897764938, 3063741.542072420474142 ], [ 326815.52787897764938, 3063913.321425899863243 ], [ 326844.15777122421423, 3063941.951318146660924 ], [ 326872.78766347077908, 3063941.951318146660924 ], [ 326987.307232456980273, 3064056.470887132454664 ], [ 327015.937124703545123, 3064056.470887132454664 ], [ 327159.086585936311167, 3064199.620348365511745 ], [ 327216.346370429382659, 3064199.620348365511745 ], [ 327244.97626267594751, 3064228.250240611843765 ], [ 327273.60615492251236, 3064228.250240611843765 ], [ 327302.23604716907721, 3064256.880132858641446 ], [ 327302.23604716907721, 3064314.139917351771146 ], [ 327330.86593941564206, 3064314.139917351771146 ], [ 327359.495831662148703, 3064342.769809598103166 ], [ 327359.495831662148703, 3064371.399701844900846 ], [ 327388.125723908713553, 3064400.029594091232866 ] ] } },
{ "type": "Feature", "properties": { "FID": 157, "STRM_VAL": 1.0, "stream_id": 157, "strahler": 2, "upstream_cells": 32022.0, "length_m": 2633.4563944612109 }, "geometry": { "type": "LineString", "coordinates": [ [ 327388.125723908713553, 3064400.029594091232866 ], [ 327474.015400648349896, 3064400.029594091232866 ], [ 327559.905077388044447, 3064314.139917351771146 ], [ 327617.164861881115939, 3064314.139917351771146 ], [ 327645.79475412768079, 3064342.769809598103166 ], [ 327703.05453862081049, 3064342.769809598103166 ], [ 327788.944215360446833, 3064428.659486338030547 ], [ 327874.833892100141384, 3064428.659486338030547 ], [ 328046.61324557941407, 3064256.880132858641446 ], [ 328046.61324557941407, 3064085.100779379252344 ], [ 327989.353461086342577, 3064027.840994886122644 ], [ 327989.353461086342577, 3063970.581210392992944 ], [ 328189.762706812180113, 3063770.171964667271823 ], [ 328247.022491305309813, 3063770.171964667271823 ], [ 328275.652383551874664, 3063741.542072420474142 ], [ 328332.912168044946156, 3063741.542072420474142 ], [ 328361.542060291511007, 3063712.912180174142122 ], [ 328390.171952538075857, 3063712.912180174142122 ], [ 328418.801844784582499, 3063684.282287927344441 ], [ 328418.801844784582499, 3063627.022503434214741 ], [ 328390.171952538075857, 3063598.392611187882721 ], [ 328390.171952538075857, 3063569.762718941085041 ], [ 328533.3214137708419, 3063426.61325770849362 ], [ 328504.69152152427705, 3063397.983365462161601 ], [ 328504.69152152427705, 3063283.4637964759022 ], [ 328647.840982757043093, 3063140.314335242845118 ], [ 328676.470875003607944, 3063140.314335242845118 ], [ 328733.730659496679436, 3063083.054550749715418 ], [ 328762.360551743244287, 3063083.054550749715418 ], [ 328762.360551743244287, 3063025.794766256585717 ], [ 328819.620336236315779, 3062968.534981763921678 ] ] } },
{ "type": "Feature", "properties": { "FID": 158, "STRM_VAL": 1.0, "stream_id": 158, "strahler": 1, "upstream_cells": 4298.0, "length_m": 2363.928474584729 }, "geometry": { "type": "LineString", "coordinates": [ [ 323179.53156366548501, 3063741.542072420474142 ], [ 323208.16145591204986, 3063741.542072420474142 ], [ 323351.310917144815903, 3063884.691533653531224 ], [ 323351.310917144815903, 3063913.321425899863243 ], [ 323437.200593884452246, 3063999.211102639790624 ], [ 323437.200593884452246, 3064027.840994886122644 ], [ 323523.090270624146797, 3064113.730671625584364 ], [ 323551.720162870653439, 3064113.730671625584364 ], [ 323637.60983961034799, 3064199.620348365511745 ], [ 323694.869624103419483, 3064199.620348365511745 ], [ 323780.759300843114033, 3064285.510025104973465 ], [ 323780.759300843114033, 3064314.139917351771146 ], [ 323809.389193089678884, 3064342.769809598103166 ], [ 323838.019085336185526, 3064342.769809598103166 ], [ 324009.79843881551642, 3064514.549163077492267 ], [ 324009.79843881551642, 3064571.808947570621967 ], [ 324095.688115555152763, 3064657.698624310083687 ], [ 324095.688115555152763, 3064686.328516556881368 ], [ 324238.837576787918806, 3064686.328516556881368 ], [ 324267.467469034483656, 3064714.958408803213388 ], [ 324296.097361281048506, 3064714.958408803213388 ], [ 324353.357145774178207, 3064772.218193296343088 ], [ 324353.357145774178207, 3064800.848085543140769 ], [ 324410.6169302672497, 3064858.107870036270469 ], [ 324410.6169302672497, 3064886.737762282602489 ], [ 324439.24682251381455, 3064915.36765452940017 ], [ 324439.24682251381455, 3064972.62743902252987 ], [ 324496.506607006886043, 3065029.887223515659571 ], [ 324553.766391500015743, 3065029.887223515659571 ], [ 324639.656068239652086, 3065115.776900255121291 ], [ 324639.656068239652086, 3065144.40679250145331 ], [ 324696.915852732781786, 3065201.666576994583011 ], [ 324696.915852732781786, 3065230.296469241380692 ], [ 324725.545744979346637, 3065230.296469241380692 ] ] } },
{ "type": "Feature", "properties": { "FID": 159, "STRM_VAL": 1.0, "stream_id": 159, "strahler": 2, "upstream_cells": 12060.0, "length_m": 2125.9078960898528 }, "geometry": { "type": "LineString", "coordinates": [ [ 324725.545744979346637, 3065230.296469241380692 ], [ 324811.43542171898298, 3065316.186145980842412 ], [ 324868.69520621211268, 3065258.926361487712711 ], [ 324983.214775198313873, 3065258.926361487712711 ], [ 325011.844667444878723, 3065230.296469241380692 ], [ 325011.844667444878723, 3065201.666576994583011 ], [ 325069.104451937950216, 3065144.40679250145331 ], [ 325097.734344184515066, 3065173.036684748250991 ], [ 325269.51369766384596, 3065173.036684748250991 ], [ 325298.14358991041081, 3065144.40679250145331 ], [ 325355.403374403482303, 3065201.666576994583011 ], [ 325384.033266650047153, 3065201.666576994583011 ], [ 325441.293051143118646, 3065144.40679250145331 ], [ 325469.922943389683496, 3065144.40679250145331 ], [ 325527.182727882813197, 3065087.147008008789271 ], [ 325527.182727882813197, 3065058.51711576199159 ], [ 325613.07240462244954, 3064972.62743902252987 ], [ 325613.07240462244954, 3064886.737762282602489 ], [ 325842.111542594910134, 3064657.698624310083687 ], [ 325985.261003827617969, 3064657.698624310083687 ], [ 326013.89089607418282, 3064629.068732063751668 ], [ 326042.52078832074767, 3064629.068732063751668 ], [ 326071.15068056731252, 3064600.438839816953987 ], [ 326185.670249553513713, 3064600.438839816953987 ], [ 326214.300141800078563, 3064629.068732063751668 ], [ 326242.930034046643414, 3064600.438839816953987 ], [ 326242.930034046643414, 3064571.808947570621967 ], [ 326271.559926293150056, 3064543.179055324289948 ], [ 326300.189818539714906, 3064543.179055324289948 ] ] } },
{ "type": "Feature", "properties": { "FID": 160, "STRM_VAL": 1.0, "stream_id": 160, "strahler": 2, "upstream_cells": 19571.0, "length_m": 357.45226041206479 }, "geometry": { "type": "LineString", "coordinates": [ [ 326300.189818539714906, 3064543.179055324289948 ], [ 326328.819710786279757, 3064571.808947570621967 ], [ 326357.449603032844607, 3064571.808947570621967 ], [ 326471.9691720190458, 3064686.328516556881368 ], [ 326529.228956512117293, 3064686.328516556881368 ], [ 326557.858848758682143, 3064714.958408803213388 ], [ 326586.488741005246993, 3064714.958408803213388 ] ] } },
{ "type": "Feature", "properties": { "FID": 161, "STRM_VAL": 1.0, "stream_id": 161, "strahler": 2, "upstream_cells": 24675.0, "length_m": 996.29133035863231 }, "geometry": { "type": "LineString", "coordinates": [ [ 326586.488741005246993, 3064714.958408803213388 ], [ 326729.638202238013037, 3064714.958408803213388 ], [ 326958.677340210415423, 3064485.919270831160247 ], [ 326987.307232456980273, 3064485.919270831160247 ], [ 327015.937124703545123, 3064514.549163077492267 ], [ 327073.196909196616616, 3064514.549163077492267 ], [ 327101.826801443181466, 3064485.919270831160247 ], [ 327130.456693689746317, 3064514.549163077492267 ], [ 327244.97626267594751, 3064514.549163077492267 ], [ 327273.60615492251236, 3064485.919270831160247 ], [ 327302.23604716907721, 3064485.919270831160247 ], [ 327359.495831662148703, 3064428.659486338030547 ], [ 327359.495831662148703, 3064400.029594091232866 ], [ 327388.125723908713553, 3064400.029594091232866 ] ] } },
{ "type": "Feature", "properties": { "FID": 162, "STRM_VAL": 1.0, "stream_id": 162, "strahler": 1, "upstream_cells": 8142.0, "length_m": 4559.7978301635794 }, "geometry": { "type": "LineString", "coordinates": [ [ 358709.227841637213714, 3063798.801856913603842 ], [ 358737.857733883720357, 3063827.431749160401523 ], [ 358737.857733883720357, 3063884.691533653531224 ], [ 358766.487626130285207, 3063913.321425899863243 ], [ 358766.487626130285207, 3063941.951318146660924 ], [ 358852.37730286992155, 3064027.840994886122644 ], [ 358852.37730286992155, 3064056.470887132454664 ], [ 358909.637087363051251, 3064113.730671625584364 ], [ 358938.266979609616101, 3064113.730671625584364 ], [ 359081.416440842382144, 3064256.880132858641446 ], [ 359081.416440842382144, 3064285.510025104973465 ], [ 359110.046333088946994, 3064314.139917351771146 ], [ 359110.046333088946994, 3064342.769809598103166 ], [ 359224.565902075148188, 3064457.289378584362566 ], [ 359224.565902075148188, 3064485.919270831160247 ], [ 359138.676225335453637, 3064571.808947570621967 ], [ 359138.676225335453637, 3064629.068732063751668 ], [ 359253.195794321713038, 3064743.588301050011069 ], [ 359281.82568656821968, 3064743.588301050011069 ], [ 359310.455578814784531, 3064772.218193296343088 ], [ 359339.085471061349381, 3064772.218193296343088 ], [ 359367.715363307914231, 3064800.848085543140769 ], [ 359396.345255554420874, 3064800.848085543140769 ], [ 359482.234932294115424, 3064886.737762282602489 ], [ 359510.864824540680274, 3064886.737762282602489 ], [ 359596.754501280316617, 3064972.62743902252987 ], [ 359625.384393526881468, 3064972.62743902252987 ], [ 359654.014285773446318, 3065001.25733126886189 ], [ 359739.903962513082661, 3065001.25733126886189 ], [ 359825.793639252719004, 3065087.147008008789271 ], [ 360054.832777225179598, 3065087.147008008789271 ], [ 360083.46266947168624, 3065115.776900255121291 ], [ 360112.09256171825109, 3065115.776900255121291 ], [ 360140.722453964815941, 3065144.40679250145331 ], [ 360169.352346211380791, 3065144.40679250145331 ], [ 360283.871915197581984, 3065258.926361487712711 ], [ 360455.651268676912878, 3065258.926361487712711 ], [ 360484.28116092341952, 3065230.296469241380692 ], [ 360512.91105316998437, 3065230.296469241380692 ], [ 360570.170837663114071, 3065173.036684748250991 ], [ 360627.430622156185564, 3065173.036684748250991 ], [ 360656.060514402750414, 3065201.666576994583011 ], [ 360684.690406649315264, 3065173.036684748250991 ], [ 360741.950191142444964, 3065173.036684748250991 ], [ 360770.580083388951607, 3065144.40679250145331 ], [ 360770.580083388951607, 3065087.147008008789271 ], [ 360799.209975635516457, 3065058.51711576199159 ], [ 360885.099652375211008, 3065058.51711576199159 ], [ 360885.099652375211008, 3065087.147008008789271 ], [ 360913.72954462171765, 3065115.776900255121291 ], [ 360913.72954462171765, 3065144.40679250145331 ], [ 360942.359436868282501, 3065173.036684748250991 ], [ 360999.619221361412201, 3065173.036684748250991 ], [ 361028.249113607918844, 3065201.666576994583011 ], [ 361085.508898101048544, 3065201.666576994583011 ], [ 361200.028467087249737, 3065316.186145980842412 ], [ 361200.028467087249737, 3065373.445930473972112 ], [ 361257.288251580379438, 3065430.705714967101812 ], [ 361343.177928320015781, 3065430.705714967101812 ], [ 361371.807820566580631, 3065459.335607213899493 ], [ 361572.217066292418167, 3065459.335607213899493 ], [ 361600.846958538983017, 3065430.705714967101812 ], [ 361658.106743032112718, 3065430.705714967101812 ], [ 361686.736635278677568, 3065402.075822720769793 ], [ 361944.405665497644804, 3065402.075822720769793 ] ] } },
{ "type": "Feature", "properties": { "FID": 163, "STRM_VAL": 1.0, "stream_id": 163, "strahler": 1, "upstream_cells": 3936.0, "length_m": 443.34193715237961 }, "geometry": { "type": "LineString", "coordinates": [ [ 326128.410465060384013, 3064170.990456118714064 ], [ 326157.040357306948863, 3064199.620348365511745 ], [ 326157.040357306948863, 3064285.510025104973465 ], [ 326214.300141800078563, 3064342.769809598103166 ], [ 326214.300141800078563, 3064371.399701844900846 ], [ 326242.930034046643414, 3064400.029594091232866 ], [ 326242.930034046643414, 3064428.659486338030547 ], [ 326271.559926293150056, 3064457.289378584362566 ], [ 326271.559926293150056, 3064514.549163077492267 ], [ 326300.189818539714906, 3064543.179055324289948 ] ] } },
{ "type": "Feature", "properties": { "FID": 164, "STRM_VAL": 1.0, "stream_id": 164, "strahler": 1, "upstream_cells": 4139.0, "length_m": 546.00261648029766 }, "geometry": { "type": "LineString", "coordinates": [ [ 317711.222144573985133, 3064170.990456118714064 ], [ 317682.592252327420283, 3064199.620348365511745 ], [ 317682.592252327420283, 3064256.880132858641446 ], [ 317653.962360080855433, 3064285.510025104973465 ], [ 317653.962360080855433, 3064314.139917351771146 ], [ 317625.332467834290583, 3064342.769809598103166 ], [ 317625.332467834290583, 3064400.029594091232866 ], [ 317596.702575587725732, 3064428.659486338030547 ], [ 317596.702575587725732, 3064600.438839816953987 ], [ 317568.07268334121909, 3064629.068732063751668 ], [ 317568.07268334121909, 3064657.698624310083687 ] ] } },
{ "type": "Feature", "properties": { "FID": 165, "STRM_VAL": 1.0, "stream_id": 165, "strahler": 1, "upstream_cells": 4678.0, "length_m": 1227.365132127801 }, "geometry": { "type": "LineString", "coordinates": [ [ 347343.160619755857624, 3064228.250240611843765 ], [ 347228.641050769598223, 3064113.730671625584364 ], [ 347200.011158523091581, 3064113.730671625584364 ], [ 347114.12148178339703, 3064027.840994886122644 ], [ 347056.861697290325537, 3064085.100779379252344 ], [ 346999.601912797195837, 3064085.100779379252344 ], [ 346970.972020550630987, 3064056.470887132454664 ], [ 346970.972020550630987, 3063999.211102639790624 ], [ 346885.082343810994644, 3063913.321425899863243 ], [ 346856.452451564429794, 3063913.321425899863243 ], [ 346827.822559317864943, 3063941.951318146660924 ], [ 346713.30299033166375, 3063941.951318146660924 ], [ 346684.6730980850989, 3063970.581210392992944 ], [ 346570.153529098897707, 3063970.581210392992944 ], [ 346512.893744605826214, 3063913.321425899863243 ], [ 346484.263852359261364, 3063913.321425899863243 ], [ 346455.633960112696514, 3063941.951318146660924 ], [ 346427.004067866131663, 3063941.951318146660924 ], [ 346398.374175619625021, 3063913.321425899863243 ] ] } },
{ "type": "Feature", "properties": { "FID": 166, "STRM_VAL": 1.0, "stream_id": 166, "strahler": 2, "upstream_cells": 17346.0, "length_m": 4969.5977621379434 }, "geometry": { "type": "LineString", "coordinates": [ [ 346398.374175619625021, 3063913.321425899863243 ], [ 346398.374175619625021, 3063827.431749160401523 ], [ 346283.85460663336562, 3063712.912180174142122 ], [ 346255.224714386858977, 3063712.912180174142122 ], [ 346226.594822140294127, 3063684.282287927344441 ], [ 346169.335037647164427, 3063684.282287927344441 ], [ 346054.815468660963234, 3063569.762718941085041 ], [ 345997.555684167891741, 3063569.762718941085041 ], [ 345825.776330688560847, 3063397.983365462161601 ], [ 345825.776330688560847, 3063340.7235809690319 ], [ 345711.256761702359654, 3063226.204011982772499 ], [ 345711.256761702359654, 3063168.944227489642799 ], [ 345682.626869455794804, 3063140.314335242845118 ], [ 345682.626869455794804, 3063054.424658503383398 ], [ 345653.996977209229954, 3063025.794766256585717 ], [ 345653.996977209229954, 3062911.275197270791978 ], [ 345682.626869455794804, 3062882.645305023994297 ], [ 345625.367084962665103, 3062825.385520530864596 ], [ 345539.47740822302876, 3062825.385520530864596 ], [ 345453.587731483392417, 3062739.495843791402876 ], [ 345424.957839236827567, 3062739.495843791402876 ], [ 345396.327946990262717, 3062710.865951544605196 ], [ 345339.068162497133017, 3062768.125736037734896 ], [ 345052.76924003160093, 3062768.125736037734896 ], [ 344995.509455538529437, 3062710.865951544605196 ], [ 344966.879563291964587, 3062710.865951544605196 ], [ 344909.619778798893094, 3062653.606167051475495 ], [ 344852.359994305763394, 3062653.606167051475495 ], [ 344795.100209812633693, 3062710.865951544605196 ], [ 344737.8404253195622, 3062710.865951544605196 ], [ 344680.5806408264325, 3062768.125736037734896 ], [ 344623.320856333361007, 3062710.865951544605196 ], [ 344623.320856333361007, 3062624.976274805143476 ], [ 344566.061071840231307, 3062567.716490312013775 ], [ 344566.061071840231307, 3062539.086598065216094 ], [ 344480.171395100594964, 3062539.086598065216094 ], [ 344422.911610607465263, 3062481.826813572086394 ], [ 344394.281718360900413, 3062481.826813572086394 ], [ 344308.39204162126407, 3062567.716490312013775 ], [ 344308.39204162126407, 3062624.976274805143476 ], [ 344279.76214937469922, 3062653.606167051475495 ], [ 344193.872472635062877, 3062653.606167051475495 ], [ 344165.242580388498027, 3062624.976274805143476 ], [ 344107.982795895426534, 3062624.976274805143476 ], [ 343936.203442416095641, 3062453.196921325754374 ], [ 343821.683873429894447, 3062453.196921325754374 ], [ 343793.053981183329597, 3062424.567029079422355 ], [ 343678.534412197128404, 3062539.086598065216094 ], [ 343592.644735457433853, 3062539.086598065216094 ], [ 343506.75505871779751, 3062453.196921325754374 ], [ 343506.75505871779751, 3062395.937136832624674 ], [ 343478.12516647123266, 3062367.307244586292654 ], [ 343220.456136252265424, 3062367.307244586292654 ], [ 343163.196351759135723, 3062424.567029079422355 ], [ 343077.30667501949938, 3062424.567029079422355 ], [ 343020.046890526427887, 3062367.307244586292654 ], [ 342962.787106033298187, 3062367.307244586292654 ], [ 342934.157213786733337, 3062338.677352339494973 ] ] } },
{ "type": "Feature", "properties": { "FID": 167, "STRM_VAL": 1.0, "stream_id": 167, "strahler": 1, "upstream_cells": 4161.0, "length_m": 576.66717252269791 }, "geometry": { "type": "LineString", "coordinates": [ [ 329764.40678037260659, 3064400.029594091232866 ], [ 329764.40678037260659, 3064371.399701844900846 ], [ 329793.036672619113233, 3064342.769809598103166 ], [ 329821.666564865678083, 3064342.769809598103166 ], [ 329850.296457112242933, 3064314.139917351771146 ], [ 329936.186133851879276, 3064314.139917351771146 ], [ 329993.445918345008977, 3064371.399701844900846 ], [ 330022.075810591573827, 3064371.399701844900846 ], [ 330193.855164070846513, 3064199.620348365511745 ] ] } },
{ "type": "Feature", "properties": { "FID": 168, "STRM_VAL": 1.0, "stream_id": 168, "strahler": 1, "upstream_cells": 3858.0, "length_m": 264.61580694583188 }, "geometry": { "type": "LineString", "coordinates": [ [ 326500.59906426561065, 3064943.997546775732189 ], [ 326500.59906426561065, 3064858.107870036270469 ], [ 326557.858848758682143, 3064800.848085543140769 ], [ 326557.858848758682143, 3064743.588301050011069 ], [ 326586.488741005246993, 3064714.958408803213388 ] ] } },
{ "type": "Feature", "properties": { "FID": 169, "STRM_VAL": 1.0, "stream_id": 169, "strahler": 1, "upstream_cells": 6927.0, "length_m": 1744.7378563615496 }, "geometry": { "type": "LineString", "coordinates": [ [ 345653.996977209229954, 3065029.887223515659571 ], [ 345797.146438441995997, 3064886.737762282602489 ], [ 345825.776330688560847, 3064886.737762282602489 ], [ 345854.406222935125697, 3064858.107870036270469 ], [ 345883.03611518163234, 3064858.107870036270469 ], [ 345911.66600742819719, 3064829.477977789472789 ], [ 345997.555684167891741, 3064829.477977789472789 ], [ 346112.075253154092934, 3064714.958408803213388 ], [ 346112.075253154092934, 3064514.549163077492267 ], [ 346140.705145400599577, 3064485.919270831160247 ], [ 346140.705145400599577, 3064457.289378584362566 ], [ 346169.335037647164427, 3064428.659486338030547 ], [ 346283.85460663336562, 3064428.659486338030547 ], [ 346312.48449887993047, 3064400.029594091232866 ], [ 346255.224714386858977, 3064342.769809598103166 ], [ 346255.224714386858977, 3064285.510025104973465 ], [ 346283.85460663336562, 3064256.880132858641446 ], [ 346341.11439112649532, 3064256.880132858641446 ], [ 346341.11439112649532, 3064199.620348365511745 ], [ 346312.48449887993047, 3064170.990456118714064 ], [ 346283.85460663336562, 3064170.990456118714064 ], [ 346255.224714386858977, 3064142.360563872382045 ], [ 346255.224714386858977, 3064085.100779379252344 ], [ 346312.48449887993047, 3064027.840994886122644 ], [ 346312.48449887993047, 3063999.211102639790624 ], [ 346398.374175619625021, 3063913.321425899863243 ] ] } },
{ "type": "Feature", "properties": { "FID": 170, "STRM_VAL": 1.0, "stream_id": 170, "strahler": 1, "upstream_cells": 6421.0, "length_m": 3897.2409809011847 }, "geometry": { "type": "LineString", "coordinates": [ [ 319429.015679367119446, 3065058.51711576199159 ], [ 319400.385787120554596, 3065087.147008008789271 ], [ 319400.385787120554596, 3065173.036684748250991 ], [ 319429.015679367119446, 3065201.666576994583011 ], [ 319429.015679367119446, 3065258.926361487712711 ], [ 319400.385787120554596, 3065287.556253734510392 ], [ 319400.385787120554596, 3065373.445930473972112 ], [ 319371.755894873989746, 3065402.075822720769793 ], [ 319371.755894873989746, 3065602.485068446490914 ], [ 319343.126002627483103, 3065631.114960693288594 ], [ 319343.126002627483103, 3065659.744852939620614 ], [ 319314.496110380918253, 3065688.374745185952634 ], [ 319314.496110380918253, 3065860.154098665341735 ], [ 319285.866218134353403, 3065888.783990912139416 ], [ 319285.866218134353403, 3065917.413883158471435 ], [ 319257.236325887788553, 3065946.043775405269116 ], [ 319257.236325887788553, 3066060.563344391528517 ], [ 319228.606433641223703, 3066089.193236637860537 ], [ 319228.606433641223703, 3066203.712805624119937 ], [ 319171.34664914815221, 3066260.972590117249638 ], [ 319171.34664914815221, 3066289.602482363581657 ], [ 319056.827080161951017, 3066404.122051349841058 ], [ 319056.827080161951017, 3066490.01172808976844 ], [ 318999.567295668821316, 3066547.27151258289814 ], [ 318999.567295668821316, 3066575.90140482923016 ], [ 318913.677618929184973, 3066661.791081569157541 ], [ 318913.677618929184973, 3066690.42097381548956 ], [ 318885.047726682620123, 3066719.050866062287241 ], [ 318885.047726682620123, 3066776.31065055495128 ], [ 318856.417834436055273, 3066804.940542801748961 ], [ 318856.417834436055273, 3066833.570435048080981 ], [ 318741.89826544985408, 3066948.090004034340382 ], [ 318741.89826544985408, 3067005.349788527470082 ], [ 318684.638480956724379, 3067062.609573020599782 ], [ 318684.638480956724379, 3067148.499249760527164 ], [ 318656.008588710217737, 3067177.129142006859183 ], [ 318656.008588710217737, 3067205.759034253656864 ], [ 318512.859127477451693, 3067348.908495486248285 ], [ 318512.859127477451693, 3067377.538387732580304 ], [ 318455.599342984321993, 3067434.798172225710005 ], [ 318455.599342984321993, 3067463.428064472507685 ], [ 318341.0797739981208, 3067577.947633458767086 ], [ 318341.0797739981208, 3067635.207417951896787 ], [ 318140.670528272225056, 3067835.616663677617908 ], [ 318083.410743779153563, 3067835.616663677617908 ], [ 318054.780851532588713, 3067864.246555923949927 ], [ 317968.89117479295237, 3067864.246555923949927 ], [ 317940.26128254638752, 3067892.876448170747608 ], [ 317911.631390299822669, 3067892.876448170747608 ], [ 317854.371605806751177, 3067950.136232663877308 ], [ 317625.332467834290583, 3067950.136232663877308 ] ] } },
{ "type": "Feature", "properties": { "FID": 171, "STRM_VAL": 1.0, "stream_id": 171, "strahler": 1, "upstream_cells": 6108.0, "length_m": 643.75118287759688 }, "geometry": { "type": "LineString", "coordinates": [ [ 324152.947900048282463, 3065344.816038227640092 ], [ 324181.577792294847313, 3065373.445930473972112 ], [ 324296.097361281048506, 3065373.445930473972112 ], [ 324410.6169302672497, 3065258.926361487712711 ], [ 324696.915852732781786, 3065258.926361487712711 ], [ 324725.545744979346637, 3065230.296469241380692 ] ] } },
{ "type": "Feature", "properties": { "FID": 172, "STRM_VAL": 1.0, "stream_id": 172, "strahler": 1, "upstream_cells": 8653.0, "length_m": 7143.784002198985 }, "geometry": { "type": "LineString", "coordinates": [ [ 352668.320577614591457, 3065430.705714967101812 ], [ 352639.690685368026607, 3065430.705714967101812 ], [ 352582.430900874955114, 3065487.965499460231513 ], [ 352496.541224135318771, 3065487.965499460231513 ], [ 352467.911331888753921, 3065516.595391707029194 ], [ 352181.612409423221834, 3065516.595391707029194 ], [ 352152.982517176656984, 3065545.225283953361213 ], [ 352124.352624930092134, 3065545.225283953361213 ], [ 352067.092840437020641, 3065602.485068446490914 ], [ 352009.83305594389094, 3065602.485068446490914 ], [ 351981.20316369732609, 3065631.114960693288594 ], [ 351923.943379204254597, 3065631.114960693288594 ], [ 351895.313486957689747, 3065659.744852939620614 ], [ 351866.683594711124897, 3065659.744852939620614 ], [ 351809.423810218053404, 3065602.485068446490914 ], [ 351780.793917971488554, 3065602.485068446490914 ], [ 351723.534133478358854, 3065545.225283953361213 ], [ 351666.274348985287361, 3065545.225283953361213 ], [ 351609.01456449215766, 3065602.485068446490914 ], [ 351437.235211012826767, 3065602.485068446490914 ], [ 351322.715642026625574, 3065717.004637432750314 ], [ 351265.455857533554081, 3065717.004637432750314 ], [ 351236.825965286989231, 3065745.634529679082334 ], [ 351122.306396300788037, 3065745.634529679082334 ], [ 351065.046611807658337, 3065688.374745185952634 ], [ 351065.046611807658337, 3065659.744852939620614 ], [ 351036.416719561093487, 3065631.114960693288594 ], [ 351036.416719561093487, 3065602.485068446490914 ], [ 350979.156935068021994, 3065545.225283953361213 ], [ 350950.527042821457144, 3065545.225283953361213 ], [ 350921.897150574892294, 3065573.855176200158894 ], [ 350807.3775815886911, 3065573.855176200158894 ], [ 350778.74768934212625, 3065545.225283953361213 ], [ 350664.228120355925057, 3065545.225283953361213 ], [ 350635.598228109360207, 3065516.595391707029194 ], [ 350578.338443616288714, 3065516.595391707029194 ], [ 350549.708551369723864, 3065487.965499460231513 ], [ 350521.078659123159014, 3065487.965499460231513 ], [ 350463.818874630029313, 3065430.705714967101812 ], [ 350377.92919789039297, 3065430.705714967101812 ], [ 350349.29930564382812, 3065459.335607213899493 ], [ 350120.260167671425734, 3065459.335607213899493 ], [ 350091.630275424860884, 3065430.705714967101812 ], [ 349977.11070643865969, 3065430.705714967101812 ], [ 349948.48081419209484, 3065402.075822720769793 ], [ 349919.850921945588198, 3065402.075822720769793 ], [ 349833.961245205893647, 3065316.186145980842412 ], [ 349776.701460712822154, 3065316.186145980842412 ], [ 349519.032430493854918, 3065058.51711576199159 ], [ 349375.882969261088874, 3065058.51711576199159 ], [ 349347.253077014524024, 3065029.887223515659571 ], [ 349289.993292521394324, 3065029.887223515659571 ], [ 349232.733508028322831, 3064972.62743902252987 ], [ 349232.733508028322831, 3064915.36765452940017 ], [ 349175.47372353519313, 3064858.107870036270469 ], [ 349175.47372353519313, 3064829.477977789472789 ], [ 349204.103615781757981, 3064800.848085543140769 ], [ 349204.103615781757981, 3064772.218193296343088 ], [ 349118.21393904206343, 3064686.328516556881368 ], [ 349118.21393904206343, 3064571.808947570621967 ], [ 349089.584046795556787, 3064543.179055324289948 ], [ 349089.584046795556787, 3064457.289378584362566 ], [ 349032.324262302427087, 3064400.029594091232866 ], [ 349032.324262302427087, 3064342.769809598103166 ], [ 349003.694370055862237, 3064314.139917351771146 ], [ 349003.694370055862237, 3064256.880132858641446 ], [ 349032.324262302427087, 3064228.250240611843765 ], [ 349032.324262302427087, 3064199.620348365511745 ], [ 349060.954154548991937, 3064170.990456118714064 ], [ 349089.584046795556787, 3064170.990456118714064 ], [ 349118.21393904206343, 3064142.360563872382045 ], [ 349118.21393904206343, 3064056.470887132454664 ], [ 349060.954154548991937, 3063999.211102639790624 ], [ 349032.324262302427087, 3063999.211102639790624 ], [ 349003.694370055862237, 3063970.581210392992944 ], [ 348975.064477809355594, 3063970.581210392992944 ], [ 348917.804693316225894, 3063913.321425899863243 ], [ 348917.804693316225894, 3063856.061641406733543 ], [ 348831.915016576589551, 3063770.171964667271823 ], [ 348602.875878604128957, 3063770.171964667271823 ], [ 348459.726417371362913, 3063627.022503434214741 ], [ 348459.726417371362913, 3063569.762718941085041 ], [ 348431.096525124856271, 3063569.762718941085041 ], [ 348402.466632878291421, 3063541.132826694753021 ], [ 348373.83674063172657, 3063541.132826694753021 ], [ 348259.317171645525377, 3063426.61325770849362 ], [ 348259.317171645525377, 3063397.983365462161601 ], [ 348173.427494905830827, 3063312.093688722234219 ], [ 348144.797602659324184, 3063312.093688722234219 ], [ 348116.167710412759334, 3063283.4637964759022 ], [ 348116.167710412759334, 3063254.833904229104519 ], [ 348001.648141426558141, 3063140.314335242845118 ], [ 348001.648141426558141, 3063083.054550749715418 ], [ 347944.38835693342844, 3063025.794766256585717 ], [ 347944.38835693342844, 3062968.534981763921678 ], [ 347887.128572440356947, 3062911.275197270791978 ], [ 347887.128572440356947, 3062882.645305023994297 ], [ 347829.868787947227247, 3062825.385520530864596 ] ] } },
{ "type": "Feature", "properties": { "FID": 173, "STRM_VAL": 1.0, "stream_id": 173, "strahler": 1, "upstream_cells": 7706.0, "length_m": 1577.8706158130992 }, "geometry": { "type": "LineString", "coordinates": [ [ 355817.608724735386204, 3065602.485068446490914 ], [ 355874.868509228457697, 3065602.485068446490914 ], [ 356018.017970461281948, 3065745.634529679082334 ], [ 356018.017970461281948, 3065774.264421925880015 ], [ 356046.64786270778859, 3065802.894314172212034 ], [ 356046.64786270778859, 3065831.524206419009715 ], [ 356075.277754954353441, 3065860.154098665341735 ], [ 356189.797323940554634, 3065860.154098665341735 ], [ 356218.427216187119484, 3065888.783990912139416 ], [ 356247.057108433684334, 3065888.783990912139416 ], [ 356275.687000680249184, 3065917.413883158471435 ], [ 356332.946785173320677, 3065917.413883158471435 ], [ 356361.576677419885527, 3065946.043775405269116 ], [ 356390.206569666450378, 3065946.043775405269116 ], [ 356418.83646191295702, 3065974.673667651601136 ], [ 356447.46635415952187, 3065974.673667651601136 ], [ 356476.096246406086721, 3066003.303559898398817 ], [ 356733.765276625053957, 3066003.303559898398817 ], [ 356848.28484561125515, 3066117.823128884658217 ], [ 356905.544630104384851, 3066117.823128884658217 ], [ 357077.323983583715744, 3066289.602482363581657 ] ] } },
{ "type": "Feature", "properties": { "FID": 174, "STRM_VAL": 1.0, "stream_id": 174, "strahler": 2, "upstream_cells": 22109.0, "length_m": 6484.1046020714448 }, "geometry": { "type": "LineString", "coordinates": [ [ 357077.323983583715744, 3066289.602482363581657 ], [ 357134.583768076787237, 3066289.602482363581657 ], [ 357163.213660323352087, 3066318.232374610379338 ], [ 357277.73322930955328, 3066318.232374610379338 ], [ 357306.363121556118131, 3066346.862266856711358 ], [ 357449.512582788884174, 3066346.862266856711358 ], [ 357478.142475035449024, 3066375.492159103509039 ], [ 357506.772367281955667, 3066375.492159103509039 ], [ 357535.402259528520517, 3066404.122051349841058 ], [ 357564.032151775085367, 3066404.122051349841058 ], [ 357592.662044021650217, 3066432.751943596638739 ], [ 357621.291936268215068, 3066432.751943596638739 ], [ 357678.55172076128656, 3066490.01172808976844 ], [ 357764.441397500981111, 3066490.01172808976844 ], [ 357821.701181994052604, 3066432.751943596638739 ], [ 357878.960966487182304, 3066432.751943596638739 ], [ 357907.590858733747154, 3066404.122051349841058 ], [ 357993.480535473383497, 3066404.122051349841058 ], [ 358022.110427719948348, 3066432.751943596638739 ], [ 358050.74031996645499, 3066432.751943596638739 ], [ 358079.37021221301984, 3066461.381835842970759 ], [ 358108.000104459584691, 3066461.381835842970759 ], [ 358136.629996706149541, 3066490.01172808976844 ], [ 358136.629996706149541, 3066518.641620336100459 ], [ 358222.519673445785884, 3066604.53129707602784 ], [ 358337.039242431987077, 3066604.53129707602784 ], [ 358365.669134678551927, 3066575.90140482923016 ], [ 358594.708272650954314, 3066575.90140482923016 ], [ 358680.597949390648864, 3066661.791081569157541 ], [ 358680.597949390648864, 3066719.050866062287241 ], [ 358709.227841637213714, 3066747.680758308619261 ], [ 358709.227841637213714, 3066804.940542801748961 ], [ 358737.857733883720357, 3066833.570435048080981 ], [ 358766.487626130285207, 3066833.570435048080981 ], [ 358795.117518376850057, 3066804.940542801748961 ], [ 358823.747410623414908, 3066804.940542801748961 ], [ 358881.0071951164864, 3066862.200327294878662 ], [ 359110.046333088946994, 3066862.200327294878662 ], [ 359138.676225335453637, 3066890.830219541210681 ], [ 359138.676225335453637, 3066948.090004034340382 ], [ 359253.195794321713038, 3067062.609573020599782 ], [ 359253.195794321713038, 3067119.869357513729483 ], [ 359281.82568656821968, 3067148.499249760527164 ], [ 359281.82568656821968, 3067205.759034253656864 ], [ 359339.085471061349381, 3067263.018818746786565 ], [ 359396.345255554420874, 3067263.018818746786565 ], [ 359424.975147800985724, 3067291.648710993118584 ], [ 359510.864824540680274, 3067291.648710993118584 ], [ 359539.494716787245125, 3067263.018818746786565 ], [ 359568.124609033751767, 3067263.018818746786565 ], [ 359596.754501280316617, 3067234.388926499988884 ], [ 359768.533854759647511, 3067234.388926499988884 ], [ 359825.793639252719004, 3067291.648710993118584 ], [ 359854.423531499283854, 3067291.648710993118584 ], [ 359911.683315992413554, 3067348.908495486248285 ], [ 359968.943100485485047, 3067348.908495486248285 ], [ 360112.09256171825109, 3067492.057956718839705 ], [ 360140.722453964815941, 3067492.057956718839705 ], [ 360169.352346211380791, 3067520.687848965637386 ], [ 360197.982238457945641, 3067520.687848965637386 ], [ 360226.612130704452284, 3067549.317741211969405 ], [ 360255.242022951017134, 3067549.317741211969405 ], [ 360283.871915197581984, 3067577.947633458767086 ], [ 360312.501807444146834, 3067577.947633458767086 ], [ 360341.131699690711685, 3067606.577525705099106 ], [ 360398.391484183783177, 3067606.577525705099106 ], [ 360427.021376430348027, 3067635.207417951896787 ], [ 360512.91105316998437, 3067635.207417951896787 ], [ 360541.540945416549221, 3067606.577525705099106 ], [ 360570.170837663114071, 3067606.577525705099106 ], [ 360598.800729909678921, 3067577.947633458767086 ], [ 360656.060514402750414, 3067577.947633458767086 ], [ 360713.320298895880114, 3067520.687848965637386 ], [ 360799.209975635516457, 3067520.687848965637386 ], [ 360827.839867882081307, 3067549.317741211969405 ], [ 360885.099652375211008, 3067549.317741211969405 ], [ 360913.72954462171765, 3067577.947633458767086 ], [ 360970.989329114847351, 3067577.947633458767086 ], [ 360999.619221361412201, 3067549.317741211969405 ], [ 361028.249113607918844, 3067549.317741211969405 ], [ 361085.508898101048544, 3067492.057956718839705 ], [ 361085.508898101048544, 3067434.798172225710005 ], [ 361200.028467087249737, 3067320.278603239450604 ], [ 361200.028467087249737, 3067119.869357513729483 ], [ 361228.658359333814587, 3067091.239465267397463 ], [ 361228.658359333814587, 3067033.979680774267763 ], [ 361285.91814382688608, 3066976.719896281138062 ], [ 361285.91814382688608, 3066948.090004034340382 ], [ 361343.177928320015781, 3066890.830219541210681 ], [ 361429.067605059710331, 3066890.830219541210681 ], [ 361457.697497306216974, 3066862.200327294878662 ], [ 361572.217066292418167, 3066862.200327294878662 ], [ 361600.846958538983017, 3066833.570435048080981 ], [ 361629.476850785547867, 3066833.570435048080981 ], [ 361629.476850785547867, 3066776.31065055495128 ], [ 361686.736635278677568, 3066719.050866062287241 ], [ 361715.36652752518421, 3066719.050866062287241 ], [ 361829.886096511385404, 3066604.53129707602784 ], [ 361944.405665497644804, 3066604.53129707602784 ] ] } },
{ "type": "Feature", "properties": { "FID": 175, "STRM_VAL": 1.0, "stream_id": 175, "strahler": 1, "upstream_cells": 4881.0, "length_m": 1838.4170951670787 }, "geometry": { "type": "LineString", "coordinates": [ [ 320831.88039944821503, 3065946.043775405269116 ], [ 320831.88039944821503, 3066003.303559898398817 ], [ 320860.510291694721673, 3066031.933452144730836 ], [ 320860.510291694721673, 3066346.862266856711358 ], [ 320831.88039944821503, 3066375.492159103509039 ], [ 320831.88039944821503, 3066404.122051349841058 ], [ 320774.62061495508533, 3066461.381835842970759 ], [ 320774.62061495508533, 3066490.01172808976844 ], [ 320631.471153722319286, 3066633.16118932235986 ], [ 320631.471153722319286, 3066747.680758308619261 ], [ 320660.101045968884137, 3066776.31065055495128 ], [ 320660.101045968884137, 3067348.908495486248285 ], [ 320688.730938215448987, 3067377.538387732580304 ], [ 320688.730938215448987, 3067434.798172225710005 ], [ 320717.360830461955629, 3067463.428064472507685 ], [ 320717.360830461955629, 3067492.057956718839705 ], [ 320803.25050720165018, 3067577.947633458767086 ], [ 320831.88039944821503, 3067577.947633458767086 ] ] } },
{ "type": "Feature", "properties": { "FID": 176, "STRM_VAL": 1.0, "stream_id": 176, "strahler": 2, "upstream_cells": 11062.0, "length_m": 2464.5544901170574 }, "geometry": { "type": "LineString", "coordinates": [ [ 320831.88039944821503, 3067577.947633458767086 ], [ 320831.88039944821503, 3067663.837310198228806 ], [ 320803.25050720165018, 3067692.467202445026487 ], [ 320803.25050720165018, 3067721.097094691358507 ], [ 320745.99072270852048, 3067778.356879184488207 ], [ 320745.99072270852048, 3067806.986771431285888 ], [ 320631.471153722319286, 3067921.506340417079628 ], [ 320631.471153722319286, 3067978.766124910209328 ], [ 320574.211369229189586, 3068036.025909403339028 ], [ 320545.581476982682943, 3068036.025909403339028 ], [ 320545.581476982682943, 3068064.655801650136709 ], [ 320516.951584736118093, 3068093.285693896468729 ], [ 320516.951584736118093, 3068121.91558614326641 ], [ 320545.581476982682943, 3068150.545478389598429 ], [ 320545.581476982682943, 3068207.80526288272813 ], [ 320431.06190799648175, 3068322.32483186898753 ], [ 320431.06190799648175, 3068408.21450860844925 ], [ 320316.542339010222349, 3068522.734077594708651 ], [ 320058.873308791255113, 3068522.734077594708651 ], [ 319972.98363205161877, 3068608.623754334636033 ], [ 319915.723847558489069, 3068608.623754334636033 ], [ 319887.093955311982427, 3068637.253646580968052 ], [ 319772.574386325723026, 3068637.253646580968052 ], [ 319715.314601832651533, 3068694.513431074097753 ], [ 319629.424925092956983, 3068694.513431074097753 ], [ 319543.53524835332064, 3068780.403107814025134 ], [ 319543.53524835332064, 3068866.292784553486854 ], [ 319429.015679367119446, 3068980.812353539746255 ], [ 319400.385787120554596, 3068980.812353539746255 ], [ 319343.126002627483103, 3069038.072138032875955 ], [ 319314.496110380918253, 3069038.072138032875955 ] ] } },
{ "type": "Feature", "properties": { "FID": 177, "STRM_VAL": 1.0, "stream_id": 177, "strahler": 3, "upstream_cells": 44957.0, "length_m": 2037.9835555527907 }, "geometry": { "type": "LineString", "coordinates": [ [ 319314.496110380918253, 3069038.072138032875955 ], [ 319199.97654139471706, 3068923.552569046616554 ], [ 319171.34664914815221, 3068923.552569046616554 ], [ 319114.086864655022509, 3068980.812353539746255 ], [ 319085.456972408457659, 3068980.812353539746255 ], [ 319056.827080161951017, 3069009.442245786078274 ], [ 318970.937403422256466, 3069009.442245786078274 ], [ 318885.047726682620123, 3068923.552569046616554 ], [ 318627.378696463652886, 3068923.552569046616554 ], [ 318484.229235230886843, 3068780.403107814025134 ], [ 318398.3395584912505, 3068780.403107814025134 ], [ 318398.3395584912505, 3068809.033000060357153 ], [ 318283.819989504991099, 3068923.552569046616554 ], [ 318255.190097258484457, 3068923.552569046616554 ], [ 318226.560205011919606, 3068952.182461292948574 ], [ 318140.670528272225056, 3068952.182461292948574 ], [ 318112.040636025718413, 3068923.552569046616554 ], [ 317968.89117479295237, 3068923.552569046616554 ], [ 317883.001498053257819, 3069009.442245786078274 ], [ 317797.111821313621476, 3069009.442245786078274 ], [ 317739.852036820491776, 3069066.702030279207975 ], [ 317711.222144573985133, 3069066.702030279207975 ], [ 317682.592252327420283, 3069095.331922526005656 ], [ 317682.592252327420283, 3069123.961814772337675 ], [ 317653.962360080855433, 3069123.961814772337675 ] ] } },
{ "type": "Feature", "properties": { "FID": 178, "STRM_VAL": 1.0, "stream_id": 178, "strahler": 1, "upstream_cells": 3847.0, "length_m": 305.10458885025537 }, "geometry": { "type": "LineString", "coordinates": [ [ 356876.91473785782, 3066461.381835842970759 ], [ 356905.544630104384851, 3066461.381835842970759 ], [ 356934.174522350949701, 3066432.751943596638739 ], [ 356962.804414597456343, 3066432.751943596638739 ], [ 356991.434306844021194, 3066404.122051349841058 ], [ 357020.064199090586044, 3066404.122051349841058 ], [ 357020.064199090586044, 3066346.862266856711358 ], [ 357077.323983583715744, 3066289.602482363581657 ] ] } },
{ "type": "Feature", "properties": { "FID": 179, "STRM_VAL": 1.0, "stream_id": 179, "strahler": 1, "upstream_cells": 7225.0, "length_m": 3927.905536944596 }, "geometry": { "type": "LineString", "coordinates": [ [ 334860.527600258938037, 3067091.239465267397463 ], [ 334831.897708012373187, 3067091.239465267397463 ], [ 334774.637923519243486, 3067148.499249760527164 ], [ 334717.378139026171993, 3067091.239465267397463 ], [ 334688.748246779607143, 3067091.239465267397463 ], [ 334660.118354533042293, 3067062.609573020599782 ], [ 334660.118354533042293, 3067033.979680774267763 ], [ 334602.8585700399708, 3066976.719896281138062 ], [ 334602.8585700399708, 3066747.680758308619261 ], [ 334431.079216560639907, 3066575.90140482923016 ], [ 334431.079216560639907, 3066117.823128884658217 ], [ 334488.339001053769607, 3066060.563344391528517 ], [ 334488.339001053769607, 3066031.933452144730836 ], [ 334459.709108807204757, 3066003.303559898398817 ], [ 334459.709108807204757, 3065974.673667651601136 ], [ 334545.5987855468411, 3065888.783990912139416 ], [ 334545.5987855468411, 3065860.154098665341735 ], [ 334602.8585700399708, 3065802.894314172212034 ], [ 334574.22867779340595, 3065774.264421925880015 ], [ 334545.5987855468411, 3065774.264421925880015 ], [ 334516.96889330027625, 3065745.634529679082334 ], [ 334516.96889330027625, 3065659.744852939620614 ], [ 334545.5987855468411, 3065631.114960693288594 ], [ 334545.5987855468411, 3065487.965499460231513 ], [ 334516.96889330027625, 3065487.965499460231513 ], [ 334488.339001053769607, 3065459.335607213899493 ], [ 334488.339001053769607, 3065402.075822720769793 ], [ 334373.819432067510206, 3065287.556253734510392 ], [ 334373.819432067510206, 3065258.926361487712711 ], [ 334402.449324314075056, 3065230.296469241380692 ], [ 334402.449324314075056, 3065115.776900255121291 ], [ 334373.819432067510206, 3065087.147008008789271 ], [ 334373.819432067510206, 3065058.51711576199159 ], [ 334345.189539821003564, 3065029.887223515659571 ], [ 334345.189539821003564, 3065001.25733126886189 ], [ 334402.449324314075056, 3064943.997546775732189 ], [ 334345.189539821003564, 3064886.737762282602489 ], [ 334345.189539821003564, 3064858.107870036270469 ], [ 334287.929755327873863, 3064800.848085543140769 ], [ 334287.929755327873863, 3064629.068732063751668 ], [ 334116.15040184854297, 3064457.289378584362566 ], [ 334116.15040184854297, 3064400.029594091232866 ], [ 333772.59169488993939, 3064056.470887132454664 ] ] } },
{ "type": "Feature", "properties": { "FID": 180, "STRM_VAL": 1.0, "stream_id": 180, "strahler": 1, "upstream_cells": 4181.0, "length_m": 557.86150613836799 }, "geometry": { "type": "LineString", "coordinates": [ [ 321261.328783146454953, 3067348.908495486248285 ], [ 321175.43910640681861, 3067348.908495486248285 ], [ 321146.809214160253759, 3067377.538387732580304 ], [ 321089.549429667182267, 3067377.538387732580304 ], [ 321060.919537420617417, 3067406.168279979377985 ], [ 321032.289645174052566, 3067406.168279979377985 ], [ 321003.659752927487716, 3067434.798172225710005 ], [ 320917.770076187851373, 3067434.798172225710005 ], [ 320860.510291694721673, 3067492.057956718839705 ], [ 320860.510291694721673, 3067520.687848965637386 ], [ 320831.88039944821503, 3067549.317741211969405 ], [ 320831.88039944821503, 3067577.947633458767086 ] ] } },
{ "type": "Feature", "properties": { "FID": 181, "STRM_VAL": 1.0, "stream_id": 181, "strahler": 1, "upstream_cells": 11837.0, "length_m": 3918.9240964209789 }, "geometry": { "type": "LineString", "coordinates": [ [ 352181.612409423221834, 3067463.428064472507685 ], [ 351981.20316369732609, 3067463.428064472507685 ], [ 351952.573271450819448, 3067492.057956718839705 ], [ 351895.313486957689747, 3067492.057956718839705 ], [ 351780.793917971488554, 3067377.538387732580304 ], [ 351723.534133478358854, 3067377.538387732580304 ], [ 351694.904241231794003, 3067348.908495486248285 ], [ 351637.644456738722511, 3067348.908495486248285 ], [ 351609.01456449215766, 3067320.278603239450604 ], [ 351580.38467224559281, 3067320.278603239450604 ], [ 351465.865103259391617, 3067205.759034253656864 ], [ 351465.865103259391617, 3067148.499249760527164 ], [ 351437.235211012826767, 3067148.499249760527164 ], [ 351408.605318766320124, 3067119.869357513729483 ], [ 351379.975426519755274, 3067148.499249760527164 ], [ 351351.345534273190424, 3067148.499249760527164 ], [ 351322.715642026625574, 3067177.129142006859183 ], [ 351294.085749780060723, 3067177.129142006859183 ], [ 351265.455857533554081, 3067148.499249760527164 ], [ 351122.306396300788037, 3067148.499249760527164 ], [ 351093.676504054223187, 3067119.869357513729483 ], [ 351065.046611807658337, 3067119.869357513729483 ], [ 351036.416719561093487, 3067091.239465267397463 ], [ 350921.897150574892294, 3067091.239465267397463 ], [ 350836.007473835255951, 3067005.349788527470082 ], [ 350807.3775815886911, 3067005.349788527470082 ], [ 350778.74768934212625, 3066976.719896281138062 ], [ 350692.858012602489907, 3066976.719896281138062 ], [ 350664.228120355925057, 3067005.349788527470082 ], [ 350549.708551369723864, 3067005.349788527470082 ], [ 350521.078659123159014, 3066976.719896281138062 ], [ 350320.669413397321478, 3066976.719896281138062 ], [ 350292.039521150756627, 3066948.090004034340382 ], [ 350234.779736657626927, 3066948.090004034340382 ], [ 350206.149844411062077, 3066976.719896281138062 ], [ 350177.519952164555434, 3066948.090004034340382 ], [ 350091.630275424860884, 3066948.090004034340382 ], [ 350063.000383178354241, 3066919.460111788008362 ], [ 349977.11070643865969, 3066919.460111788008362 ], [ 349948.48081419209484, 3066890.830219541210681 ], [ 349919.850921945588198, 3066890.830219541210681 ], [ 349891.221029699023347, 3066862.200327294878662 ], [ 349833.961245205893647, 3066862.200327294878662 ], [ 349805.331352959328797, 3066833.570435048080981 ], [ 349748.071568466257304, 3066833.570435048080981 ], [ 349604.922107233491261, 3066690.42097381548956 ], [ 349547.66232274036156, 3066690.42097381548956 ], [ 349461.772646000725217, 3066776.31065055495128 ], [ 349433.142753754160367, 3066776.31065055495128 ], [ 349404.512861507595517, 3066804.940542801748961 ], [ 349375.882969261088874, 3066804.940542801748961 ], [ 349261.363400274829473, 3066919.460111788008362 ], [ 349232.733508028322831, 3066919.460111788008362 ], [ 349204.103615781757981, 3066948.090004034340382 ], [ 349118.21393904206343, 3066948.090004034340382 ], [ 349118.21393904206343, 3067005.349788527470082 ], [ 349032.324262302427087, 3067091.239465267397463 ], [ 348975.064477809355594, 3067091.239465267397463 ], [ 348946.434585562790744, 3067119.869357513729483 ] ] } },
{ "type": "Feature", "properties": { "FID": 182, "STRM_VAL": 1.0, "stream_id": 182, "strahler": 2, "upstream_cells": 37597.0, "length_m": 2909.9310910654963 }, "geometry": { "type": "LineString", "coordinates": [ [ 348946.434585562790744, 3067119.869357513729483 ], [ 348917.804693316225894, 3067119.869357513729483 ], [ 348860.544908823096193, 3067177.129142006859183 ], [ 348831.915016576589551, 3067177.129142006859183 ], [ 348803.285124330024701, 3067205.759034253656864 ], [ 348746.025339836895, 3067148.499249760527164 ], [ 348746.025339836895, 3067091.239465267397463 ], [ 348717.39544759033015, 3067062.609573020599782 ], [ 348488.356309617927764, 3067062.609573020599782 ], [ 348459.726417371362913, 3067091.239465267397463 ], [ 348431.096525124856271, 3067091.239465267397463 ], [ 348345.20684838516172, 3067177.129142006859183 ], [ 348144.797602659324184, 3067177.129142006859183 ], [ 348116.167710412759334, 3067205.759034253656864 ], [ 348058.907925919629633, 3067148.499249760527164 ], [ 348001.648141426558141, 3067148.499249760527164 ], [ 347944.38835693342844, 3067205.759034253656864 ], [ 347915.75846468686359, 3067205.759034253656864 ], [ 347858.498680193792097, 3067263.018818746786565 ], [ 347829.868787947227247, 3067263.018818746786565 ], [ 347772.609003454097547, 3067205.759034253656864 ], [ 347658.089434467896353, 3067320.278603239450604 ], [ 347600.829649974824861, 3067320.278603239450604 ], [ 347572.19975772826001, 3067348.908495486248285 ], [ 347486.310080988623668, 3067348.908495486248285 ], [ 347429.050296495493967, 3067406.168279979377985 ], [ 347371.790512002364267, 3067406.168279979377985 ], [ 347314.530727509292774, 3067463.428064472507685 ], [ 347285.900835262727924, 3067463.428064472507685 ], [ 347200.011158523091581, 3067549.317741211969405 ], [ 347171.381266276526731, 3067549.317741211969405 ], [ 347114.12148178339703, 3067492.057956718839705 ], [ 347056.861697290325537, 3067492.057956718839705 ], [ 346970.972020550630987, 3067577.947633458767086 ], [ 346942.342128304124344, 3067549.317741211969405 ], [ 346913.712236057559494, 3067549.317741211969405 ], [ 346827.822559317864943, 3067463.428064472507685 ], [ 346770.562774824793451, 3067463.428064472507685 ], [ 346627.413313592027407, 3067606.577525705099106 ] ] } },
{ "type": "Feature", "properties": { "FID": 183, "STRM_VAL": 1.0, "stream_id": 183, "strahler": 2, "upstream_cells": 54372.0, "length_m": 2535.7078280630208 }, "geometry": { "type": "LineString", "coordinates": [ [ 346627.413313592027407, 3067606.577525705099106 ], [ 346570.153529098897707, 3067606.577525705099106 ], [ 346541.523636852391064, 3067635.207417951896787 ], [ 346541.523636852391064, 3067663.837310198228806 ], [ 346398.374175619625021, 3067806.986771431285888 ], [ 346369.744283373060171, 3067806.986771431285888 ], [ 346312.48449887993047, 3067864.246555923949927 ], [ 346283.85460663336562, 3067864.246555923949927 ], [ 346226.594822140294127, 3067806.986771431285888 ], [ 346169.335037647164427, 3067806.986771431285888 ], [ 346140.705145400599577, 3067835.616663677617908 ], [ 346140.705145400599577, 3067864.246555923949927 ], [ 346083.445360907528084, 3067921.506340417079628 ], [ 346054.815468660963234, 3067921.506340417079628 ], [ 345997.555684167891741, 3067978.766124910209328 ], [ 345968.925791921326891, 3067978.766124910209328 ], [ 345940.29589967476204, 3068007.396017157007009 ], [ 345883.03611518163234, 3067950.136232663877308 ], [ 345854.406222935125697, 3067950.136232663877308 ], [ 345797.146438441995997, 3068007.396017157007009 ], [ 345739.886653948866297, 3068007.396017157007009 ], [ 345711.256761702359654, 3067978.766124910209328 ], [ 345682.626869455794804, 3067978.766124910209328 ], [ 345625.367084962665103, 3067921.506340417079628 ], [ 345568.107300469593611, 3067921.506340417079628 ], [ 345482.21762372989906, 3067835.616663677617908 ], [ 345367.698054743697867, 3067835.616663677617908 ], [ 345339.068162497133017, 3067806.986771431285888 ], [ 345339.068162497133017, 3067778.356879184488207 ], [ 345224.548593510931823, 3067778.356879184488207 ], [ 345167.288809017860331, 3067835.616663677617908 ], [ 345024.139347785094287, 3067692.467202445026487 ], [ 344995.509455538529437, 3067692.467202445026487 ], [ 344909.619778798893094, 3067778.356879184488207 ], [ 344795.100209812633693, 3067778.356879184488207 ], [ 344766.470317566127051, 3067806.986771431285888 ], [ 344766.470317566127051, 3067835.616663677617908 ], [ 344795.100209812633693, 3067864.246555923949927 ], [ 344795.100209812633693, 3067892.876448170747608 ], [ 344766.470317566127051, 3067921.506340417079628 ] ] } },
{ "type": "Feature", "properties": { "FID": 184, "STRM_VAL": 1.0, "stream_id": 184, "strahler": 2, "upstream_cells": 78682.0, "length_m": 12134.222094518034 }, "geometry": { "type": "LineString", "coordinates": [ [ 344766.470317566127051, 3067921.506340417079628 ], [ 344737.8404253195622, 3067892.876448170747608 ], [ 344594.690964086796157, 3067892.876448170747608 ], [ 344422.911610607465263, 3067721.097094691358507 ], [ 344422.911610607465263, 3067692.467202445026487 ], [ 344337.02193386782892, 3067606.577525705099106 ], [ 344193.872472635062877, 3067606.577525705099106 ], [ 344136.612688141933177, 3067549.317741211969405 ], [ 344136.612688141933177, 3067520.687848965637386 ], [ 343964.833334662660491, 3067348.908495486248285 ], [ 343936.203442416095641, 3067348.908495486248285 ], [ 343821.683873429894447, 3067234.388926499988884 ], [ 343735.794196690199897, 3067234.388926499988884 ], [ 343621.274627703998704, 3067119.869357513729483 ], [ 343621.274627703998704, 3067062.609573020599782 ], [ 343592.644735457433853, 3067033.979680774267763 ], [ 343564.014843210927211, 3067033.979680774267763 ], [ 343478.12516647123266, 3066948.090004034340382 ], [ 343449.49527422466781, 3066948.090004034340382 ], [ 343420.865381978161167, 3066919.460111788008362 ], [ 343420.865381978161167, 3066862.200327294878662 ], [ 343363.605597485031467, 3066804.940542801748961 ], [ 343363.605597485031467, 3066747.680758308619261 ], [ 343334.975705238466617, 3066719.050866062287241 ], [ 343334.975705238466617, 3066604.53129707602784 ], [ 343249.086028498830274, 3066604.53129707602784 ], [ 343163.196351759135723, 3066518.641620336100459 ], [ 343134.566459512629081, 3066518.641620336100459 ], [ 343105.93656726606423, 3066490.01172808976844 ], [ 343048.67678277293453, 3066490.01172808976844 ], [ 342934.157213786733337, 3066375.492159103509039 ], [ 342934.157213786733337, 3066346.862266856711358 ], [ 342905.527321540168487, 3066318.232374610379338 ], [ 342905.527321540168487, 3066260.972590117249638 ], [ 342819.637644800532144, 3066175.082913377787918 ], [ 342819.637644800532144, 3066146.453021130990237 ], [ 342791.007752553967293, 3066146.453021130990237 ], [ 342733.747968060895801, 3066089.193236637860537 ], [ 342619.2283990746364, 3066089.193236637860537 ], [ 342590.598506828129757, 3066117.823128884658217 ], [ 342561.968614581564907, 3066089.193236637860537 ], [ 342561.968614581564907, 3065831.524206419009715 ], [ 342476.078937841928564, 3065745.634529679082334 ], [ 342476.078937841928564, 3065659.744852939620614 ], [ 342447.449045595363714, 3065631.114960693288594 ], [ 342447.449045595363714, 3065545.225283953361213 ], [ 342361.559368855669163, 3065459.335607213899493 ], [ 342361.559368855669163, 3065430.705714967101812 ], [ 342332.929476609162521, 3065402.075822720769793 ], [ 342189.780015376396477, 3065545.225283953361213 ], [ 342161.150123129831627, 3065545.225283953361213 ], [ 342132.520230883266777, 3065516.595391707029194 ], [ 342103.890338636701927, 3065516.595391707029194 ], [ 342075.260446390195284, 3065545.225283953361213 ], [ 341932.110985157429241, 3065402.075822720769793 ], [ 341903.48109291086439, 3065402.075822720769793 ], [ 341846.22130841773469, 3065344.816038227640092 ], [ 341731.701739431533497, 3065344.816038227640092 ], [ 341703.071847184968647, 3065316.186145980842412 ], [ 341674.441954938462004, 3065344.816038227640092 ], [ 341645.812062691897154, 3065316.186145980842412 ], [ 341531.292493705695961, 3065316.186145980842412 ], [ 341502.66260145913111, 3065287.556253734510392 ], [ 341416.77292471943656, 3065287.556253734510392 ], [ 341388.143032472929917, 3065258.926361487712711 ], [ 341187.733786747034173, 3065258.926361487712711 ], [ 341130.474002253962681, 3065201.666576994583011 ], [ 341130.474002253962681, 3065087.147008008789271 ], [ 341187.733786747034173, 3065029.887223515659571 ], [ 341187.733786747034173, 3064886.737762282602489 ], [ 341273.623463486670516, 3064800.848085543140769 ], [ 341273.623463486670516, 3064743.588301050011069 ], [ 341244.993571240163874, 3064714.958408803213388 ], [ 341159.103894500469323, 3064714.958408803213388 ], [ 341101.84411000739783, 3064657.698624310083687 ], [ 341073.21421776083298, 3064657.698624310083687 ], [ 341015.95443326770328, 3064714.958408803213388 ], [ 340987.324541021196637, 3064714.958408803213388 ], [ 340930.064756528066937, 3064657.698624310083687 ], [ 340930.064756528066937, 3064600.438839816953987 ], [ 340872.804972034937236, 3064543.179055324289948 ], [ 340815.545187541865744, 3064543.179055324289948 ], [ 340758.285403048736043, 3064485.919270831160247 ], [ 340729.655510802171193, 3064485.919270831160247 ], [ 340729.655510802171193, 3064457.289378584362566 ], [ 340586.506049569463357, 3064314.139917351771146 ], [ 340557.876157322898507, 3064342.769809598103166 ], [ 340471.986480583203956, 3064342.769809598103166 ], [ 340414.726696090132464, 3064400.029594091232866 ], [ 340328.837019350437913, 3064400.029594091232866 ], [ 340300.207127103931271, 3064428.659486338030547 ], [ 340214.31745036423672, 3064342.769809598103166 ], [ 340185.68755811767187, 3064342.769809598103166 ], [ 340157.057665871165227, 3064371.399701844900846 ], [ 340099.797881378035527, 3064371.399701844900846 ], [ 340071.167989131470677, 3064400.029594091232866 ], [ 340042.538096884964034, 3064400.029594091232866 ], [ 339985.278312391834334, 3064342.769809598103166 ], [ 339985.278312391834334, 3064285.510025104973465 ], [ 339956.648420145269483, 3064256.880132858641446 ], [ 339670.349497679737397, 3064256.880132858641446 ], [ 339584.459820940101054, 3064170.990456118714064 ], [ 339555.829928693536203, 3064170.990456118714064 ], [ 339527.200036446971353, 3064142.360563872382045 ], [ 339527.200036446971353, 3064113.730671625584364 ], [ 339498.570144200464711, 3064085.100779379252344 ], [ 339498.570144200464711, 3064056.470887132454664 ], [ 339269.531006228004117, 3064056.470887132454664 ], [ 339040.49186825560173, 3063827.431749160401523 ], [ 339040.49186825560173, 3063798.801856913603842 ], [ 339011.86197600903688, 3063770.171964667271823 ], [ 339011.86197600903688, 3063741.542072420474142 ], [ 338868.712514776270837, 3063598.392611187882721 ], [ 338868.712514776270837, 3063569.762718941085041 ], [ 338840.082622529705986, 3063541.132826694753021 ], [ 338811.452730283199344, 3063569.762718941085041 ], [ 338754.192945790069643, 3063569.762718941085041 ], [ 338668.3032690504333, 3063483.873042201623321 ], [ 338611.0434845573036, 3063483.873042201623321 ], [ 338553.783700064232107, 3063426.61325770849362 ], [ 338439.264131077972706, 3063426.61325770849362 ], [ 338410.634238831466064, 3063455.243149955291301 ], [ 338382.004346584901214, 3063455.243149955291301 ], [ 338382.004346584901214, 3063397.983365462161601 ], [ 338296.114669845206663, 3063312.093688722234219 ], [ 338296.114669845206663, 3063254.833904229104519 ], [ 338267.48477759870002, 3063226.204011982772499 ], [ 338267.48477759870002, 3063197.574119735974818 ], [ 338067.075531872804277, 3062997.164874010253698 ], [ 338067.075531872804277, 3062854.015412777662277 ], [ 338009.815747379732784, 3062796.755628284532577 ], [ 338009.815747379732784, 3062710.865951544605196 ], [ 337952.555962886603083, 3062653.606167051475495 ], [ 337952.555962886603083, 3062596.346382558345795 ], [ 337923.926070640038233, 3062567.716490312013775 ], [ 337923.926070640038233, 3062424.567029079422355 ], [ 337780.77660940727219, 3062281.417567846365273 ], [ 337780.77660940727219, 3062224.157783353235573 ], [ 337666.257040421070997, 3062109.638214366976172 ], [ 337637.627148174506146, 3062109.638214366976172 ], [ 337637.627148174506146, 3062081.008322120644152 ], [ 337608.997255927999504, 3062052.378429873846471 ], [ 337608.997255927999504, 3061909.228968641255051 ], [ 337666.257040421070997, 3061851.96918414812535 ], [ 337666.257040421070997, 3061823.339291901793331 ], [ 337608.997255927999504, 3061766.07950740866363 ], [ 337608.997255927999504, 3061737.44961516186595 ], [ 337580.367363681434654, 3061708.81972291553393 ], [ 337580.367363681434654, 3061594.300153929274529 ], [ 337551.737471434869803, 3061565.670261682476848 ] ] } },
{ "type": "Feature", "properties": { "FID": 185, "STRM_VAL": 1.0, "stream_id": 185, "strahler": 1, "upstream_cells": 4081.0, "length_m": 195.49713279500406 }, "geometry": { "type": "LineString", "coordinates": [ [ 327846.203999853576533, 3067549.317741211969405 ], [ 327846.203999853576533, 3067520.687848965637386 ], [ 327788.944215360446833, 3067463.428064472507685 ], [ 327788.944215360446833, 3067377.538387732580304 ] ] } },
{ "type": "Feature", "properties": { "FID": 186, "STRM_VAL": 1.0, "stream_id": 186, "strahler": 2, "upstream_cells": 13117.0, "length_m": 4361.4232482341195 }, "geometry": { "type": "LineString", "coordinates": [ [ 327788.944215360446833, 3067377.538387732580304 ], [ 327788.944215360446833, 3067348.908495486248285 ], [ 327817.574107607011683, 3067320.278603239450604 ], [ 327817.574107607011683, 3067291.648710993118584 ], [ 327874.833892100141384, 3067234.388926499988884 ], [ 327874.833892100141384, 3067205.759034253656864 ], [ 327903.463784346648026, 3067177.129142006859183 ], [ 327903.463784346648026, 3067148.499249760527164 ], [ 328017.983353332849219, 3067033.979680774267763 ], [ 328017.983353332849219, 3067005.349788527470082 ], [ 328046.61324557941407, 3066976.719896281138062 ], [ 328046.61324557941407, 3066833.570435048080981 ], [ 328075.24313782597892, 3066804.940542801748961 ], [ 328075.24313782597892, 3066776.31065055495128 ], [ 328132.50292231910862, 3066719.050866062287241 ], [ 328132.50292231910862, 3066575.90140482923016 ], [ 328189.762706812180113, 3066518.641620336100459 ], [ 328247.022491305309813, 3066518.641620336100459 ], [ 328275.652383551874664, 3066490.01172808976844 ], [ 328304.282275798381306, 3066518.641620336100459 ], [ 328447.43173703114735, 3066518.641620336100459 ], [ 328590.581198263913393, 3066375.492159103509039 ], [ 328590.581198263913393, 3066346.862266856711358 ], [ 328733.730659496679436, 3066203.712805624119937 ], [ 328819.620336236315779, 3066203.712805624119937 ], [ 328962.769797469081823, 3066060.563344391528517 ], [ 329020.029581962211523, 3066060.563344391528517 ], [ 329077.289366455341224, 3066003.303559898398817 ], [ 329134.549150948412716, 3066003.303559898398817 ], [ 329220.438827688107267, 3065917.413883158471435 ], [ 329249.06871993461391, 3065917.413883158471435 ], [ 329306.32850442774361, 3065860.154098665341735 ], [ 329449.477965660509653, 3065860.154098665341735 ], [ 329478.107857907074504, 3065831.524206419009715 ], [ 329563.997534646710847, 3065831.524206419009715 ], [ 329649.88721138634719, 3065745.634529679082334 ], [ 329764.40678037260659, 3065745.634529679082334 ], [ 329793.036672619113233, 3065774.264421925880015 ], [ 329878.926349358807784, 3065774.264421925880015 ], [ 329936.186133851879276, 3065717.004637432750314 ], [ 329964.816026098444127, 3065717.004637432750314 ], [ 329993.445918345008977, 3065688.374745185952634 ], [ 329993.445918345008977, 3065659.744852939620614 ], [ 330022.075810591573827, 3065631.114960693288594 ], [ 330079.33559508464532, 3065631.114960693288594 ], [ 330136.59537957777502, 3065573.855176200158894 ], [ 330165.22527182433987, 3065573.855176200158894 ], [ 330165.22527182433987, 3065545.225283953361213 ], [ 330365.634517550177407, 3065344.816038227640092 ], [ 330365.634517550177407, 3065287.556253734510392 ], [ 330451.524194289813749, 3065201.666576994583011 ], [ 330508.78397878294345, 3065201.666576994583011 ], [ 330651.933440015709493, 3065058.51711576199159 ], [ 330680.563332262274344, 3065058.51711576199159 ], [ 330737.823116755345836, 3065115.776900255121291 ], [ 330766.453009001910686, 3065115.776900255121291 ] ] } },
{ "type": "Feature", "properties": { "FID": 187, "STRM_VAL": 1.0, "stream_id": 187, "strahler": 2, "upstream_cells": 25545.0, "length_m": 2007.3189995111813 }, "geometry": { "type": "LineString", "coordinates": [ [ 330766.453009001910686, 3065115.776900255121291 ], [ 330852.342685741605237, 3065115.776900255121291 ], [ 330995.492146974313073, 3064972.62743902252987 ], [ 331081.381823714007623, 3064972.62743902252987 ], [ 331138.641608207079116, 3064915.36765452940017 ], [ 331167.271500453643966, 3064943.997546775732189 ], [ 331195.901392700208817, 3064943.997546775732189 ], [ 331253.161177193338517, 3064886.737762282602489 ], [ 331310.42096168641001, 3064886.737762282602489 ], [ 331367.68074617953971, 3064829.477977789472789 ], [ 331568.089991905377246, 3064829.477977789472789 ], [ 331625.349776398506947, 3064772.218193296343088 ], [ 331739.86934538470814, 3064772.218193296343088 ], [ 331797.129129877779633, 3064714.958408803213388 ], [ 331854.388914370909333, 3064714.958408803213388 ], [ 331911.648698864039034, 3064772.218193296343088 ], [ 332255.207405822642613, 3064772.218193296343088 ], [ 332283.837298069207463, 3064743.588301050011069 ], [ 332283.837298069207463, 3064629.068732063751668 ], [ 332369.726974808843806, 3064543.179055324289948 ], [ 332369.726974808843806, 3064514.549163077492267 ] ] } },
{ "type": "Feature", "properties": { "FID": 188, "STRM_VAL": 1.0, "stream_id": 188, "strahler": 3, "upstream_cells": 123055.0, "length_m": 939.03154586606593 }, "geometry": { "type": "LineString", "coordinates": [ [ 332369.726974808843806, 3064514.549163077492267 ], [ 332369.726974808843806, 3064428.659486338030547 ], [ 332598.7661127813044, 3064199.620348365511745 ], [ 332627.396005027811043, 3064199.620348365511745 ], [ 332684.655789520940743, 3064256.880132858641446 ], [ 332741.915574014070444, 3064256.880132858641446 ], [ 332799.175358507141937, 3064314.139917351771146 ], [ 332970.95471198647283, 3064314.139917351771146 ], [ 332999.58460423303768, 3064285.510025104973465 ], [ 333028.214496479544323, 3064285.510025104973465 ], [ 333056.844388726109173, 3064256.880132858641446 ] ] } },
{ "type": "Feature", "properties": { "FID": 189, "STRM_VAL": 1.0, "stream_id": 189, "strahler": 1, "upstream_cells": 5144.0, "length_m": 569.72039579622071 }, "geometry": { "type": "LineString", "coordinates": [ [ 327302.23604716907721, 3067577.947633458767086 ], [ 327330.86593941564206, 3067549.317741211969405 ], [ 327359.495831662148703, 3067549.317741211969405 ], [ 327388.125723908713553, 3067520.687848965637386 ], [ 327445.385508401843254, 3067520.687848965637386 ], [ 327531.275185141479596, 3067434.798172225710005 ], [ 327559.905077388044447, 3067434.798172225710005 ], [ 327588.534969634609297, 3067406.168279979377985 ], [ 327731.68443086737534, 3067406.168279979377985 ], [ 327760.314323113881983, 3067377.538387732580304 ], [ 327788.944215360446833, 3067377.538387732580304 ] ] } },
{ "type": "Feature", "properties": { "FID": 190, "STRM_VAL": 1.0, "stream_id": 190, "strahler": 1, "upstream_cells": 5851.0, "length_m": 3790.5109739808522 }, "geometry": { "type": "LineString", "coordinates": [ [ 329535.367642400145996, 3067864.246555923949927 ], [ 329649.88721138634719, 3067749.726986938156188 ], [ 329649.88721138634719, 3067635.207417951896787 ], [ 329621.257319139840547, 3067606.577525705099106 ], [ 329621.257319139840547, 3067291.648710993118584 ], [ 329649.88721138634719, 3067263.018818746786565 ], [ 329649.88721138634719, 3067177.129142006859183 ], [ 329678.51710363291204, 3067148.499249760527164 ], [ 329678.51710363291204, 3067062.609573020599782 ], [ 329707.14699587947689, 3067033.979680774267763 ], [ 329707.14699587947689, 3066948.090004034340382 ], [ 329764.40678037260659, 3066890.830219541210681 ], [ 329793.036672619113233, 3066890.830219541210681 ], [ 329793.036672619113233, 3066862.200327294878662 ], [ 329850.296457112242933, 3066804.940542801748961 ], [ 329907.556241605314426, 3066804.940542801748961 ], [ 329993.445918345008977, 3066719.050866062287241 ], [ 330050.70570283808047, 3066719.050866062287241 ], [ 330079.33559508464532, 3066747.680758308619261 ], [ 330136.59537957777502, 3066747.680758308619261 ], [ 330165.22527182433987, 3066719.050866062287241 ], [ 330222.485056317411363, 3066719.050866062287241 ], [ 330251.114948563976213, 3066690.42097381548956 ], [ 330279.744840810541064, 3066690.42097381548956 ], [ 330394.264409796742257, 3066575.90140482923016 ], [ 330422.894302043307107, 3066575.90140482923016 ], [ 330508.78397878294345, 3066490.01172808976844 ], [ 330537.4138710295083, 3066490.01172808976844 ], [ 330566.04376327607315, 3066461.381835842970759 ], [ 330566.04376327607315, 3066404.122051349841058 ], [ 330594.673655522579793, 3066375.492159103509039 ], [ 330594.673655522579793, 3066346.862266856711358 ], [ 330566.04376327607315, 3066318.232374610379338 ], [ 330566.04376327607315, 3066289.602482363581657 ], [ 330594.673655522579793, 3066260.972590117249638 ], [ 330594.673655522579793, 3066203.712805624119937 ], [ 330623.303547769144643, 3066175.082913377787918 ], [ 330623.303547769144643, 3066146.453021130990237 ], [ 330680.563332262274344, 3066089.193236637860537 ], [ 330709.193224508839194, 3066089.193236637860537 ], [ 330737.823116755345836, 3066060.563344391528517 ], [ 330737.823116755345836, 3066031.933452144730836 ], [ 330795.082901248475537, 3066031.933452144730836 ], [ 330823.712793495040387, 3066003.303559898398817 ], [ 330823.712793495040387, 3065860.154098665341735 ], [ 330880.97257798811188, 3065860.154098665341735 ], [ 330909.60247023467673, 3065831.524206419009715 ], [ 330909.60247023467673, 3065774.264421925880015 ], [ 330852.342685741605237, 3065717.004637432750314 ], [ 330852.342685741605237, 3065631.114960693288594 ], [ 330823.712793495040387, 3065602.485068446490914 ], [ 330823.712793495040387, 3065573.855176200158894 ], [ 330795.082901248475537, 3065545.225283953361213 ], [ 330795.082901248475537, 3065402.075822720769793 ], [ 330823.712793495040387, 3065373.445930473972112 ], [ 330823.712793495040387, 3065344.816038227640092 ], [ 330795.082901248475537, 3065316.186145980842412 ], [ 330795.082901248475537, 3065287.556253734510392 ], [ 330766.453009001910686, 3065258.926361487712711 ], [ 330766.453009001910686, 3065115.776900255121291 ] ] } },
{ "type": "Feature", "properties": { "FID": 191, "STRM_VAL": 1.0, "stream_id": 191, "strahler": 1, "upstream_cells": 5014.0, "length_m": 1928.3760994976358 }, "geometry": { "type": "LineString", "coordinates": [ [ 322091.595658296486363, 3068064.655801650136709 ], [ 322062.965766049921513, 3068093.285693896468729 ], [ 321862.556520324083976, 3068093.285693896468729 ], [ 321833.926628077519126, 3068064.655801650136709 ], [ 321776.666843584447633, 3068064.655801650136709 ], [ 321748.036951337882783, 3068093.285693896468729 ], [ 321719.407059091317933, 3068093.285693896468729 ], [ 321662.147274598188233, 3068150.545478389598429 ], [ 321633.51738235168159, 3068150.545478389598429 ], [ 321576.25759785855189, 3068207.80526288272813 ], [ 321547.627705611987039, 3068207.80526288272813 ], [ 321518.997813365422189, 3068236.43515512952581 ], [ 321433.108136625785846, 3068236.43515512952581 ], [ 321375.848352132714354, 3068293.694939622655511 ], [ 321375.848352132714354, 3068322.32483186898753 ], [ 321347.218459886149503, 3068350.954724115785211 ], [ 321347.218459886149503, 3068408.21450860844925 ], [ 321289.958675393019803, 3068465.474293101578951 ], [ 321261.328783146454953, 3068465.474293101578951 ], [ 321204.06899865338346, 3068408.21450860844925 ], [ 321175.43910640681861, 3068408.21450860844925 ], [ 321175.43910640681861, 3068379.584616362117231 ], [ 321060.919537420617417, 3068379.584616362117231 ], [ 321032.289645174052566, 3068408.21450860844925 ], [ 320975.029860680922866, 3068408.21450860844925 ], [ 320946.399968434416223, 3068436.844400855246931 ], [ 320917.770076187851373, 3068436.844400855246931 ], [ 320889.140183941286523, 3068465.474293101578951 ], [ 320889.140183941286523, 3068494.104185348376632 ], [ 320860.510291694721673, 3068522.734077594708651 ], [ 320860.510291694721673, 3068551.363969841506332 ], [ 320745.99072270852048, 3068665.883538827765733 ], [ 320745.99072270852048, 3068694.513431074097753 ], [ 320688.730938215448987, 3068751.773215567227453 ], [ 320660.101045968884137, 3068751.773215567227453 ] ] } },
{ "type": "Feature", "properties": { "FID": 192, "STRM_VAL": 1.0, "stream_id": 192, "strahler": 2, "upstream_cells": 25530.0, "length_m": 1559.0649494279103 }, "geometry": { "type": "LineString", "coordinates": [ [ 320660.101045968884137, 3068751.773215567227453 ], [ 320545.581476982682943, 3068751.773215567227453 ], [ 320516.951584736118093, 3068723.143323320895433 ], [ 320431.06190799648175, 3068723.143323320895433 ], [ 320402.4320157499169, 3068751.773215567227453 ], [ 320373.80212350335205, 3068751.773215567227453 ], [ 320230.652662270586006, 3068894.922676800284535 ], [ 320202.022770024021156, 3068894.922676800284535 ], [ 320144.762985530949663, 3068952.182461292948574 ], [ 320058.873308791255113, 3068952.182461292948574 ], [ 320030.243416544690263, 3068923.552569046616554 ], [ 319915.723847558489069, 3068923.552569046616554 ], [ 319887.093955311982427, 3068952.182461292948574 ], [ 319858.464063065417577, 3068952.182461292948574 ], [ 319772.574386325723026, 3069038.072138032875955 ], [ 319572.16514059988549, 3069038.072138032875955 ], [ 319514.905356106755789, 3069095.331922526005656 ], [ 319371.755894873989746, 3069095.331922526005656 ], [ 319314.496110380918253, 3069038.072138032875955 ] ] } },
{ "type": "Feature", "properties": { "FID": 193, "STRM_VAL": 1.0, "stream_id": 193, "strahler": 1, "upstream_cells": 4385.0, "length_m": 939.03154586623646 }, "geometry": { "type": "LineString", "coordinates": [ [ 338152.965208612498827, 3068293.694939622655511 ], [ 338152.965208612498827, 3068265.06504737585783 ], [ 338124.335316365933977, 3068236.43515512952581 ], [ 338038.445639626239426, 3068236.43515512952581 ], [ 338009.815747379732784, 3068207.80526288272813 ], [ 337952.555962886603083, 3068265.06504737585783 ], [ 337923.926070640038233, 3068265.06504737585783 ], [ 337838.03639390040189, 3068179.17537063639611 ], [ 337780.77660940727219, 3068179.17537063639611 ], [ 337723.516824914200697, 3068236.43515512952581 ], [ 337694.886932667635847, 3068236.43515512952581 ], [ 337666.257040421070997, 3068265.06504737585783 ], [ 337608.997255927999504, 3068265.06504737585783 ], [ 337580.367363681434654, 3068236.43515512952581 ], [ 337523.107579188304953, 3068236.43515512952581 ], [ 337465.847794695233461, 3068179.17537063639611 ], [ 337437.21790244866861, 3068179.17537063639611 ], [ 337408.58801020210376, 3068150.545478389598429 ] ] } },
{ "type": "Feature", "properties": { "FID": 194, "STRM_VAL": 1.0, "stream_id": 194, "strahler": 2, "upstream_cells": 35279.0, "length_m": 6402.2842529223726 }, "geometry": { "type": "LineString", "coordinates": [ [ 337408.58801020210376, 3068150.545478389598429 ], [ 337408.58801020210376, 3068121.91558614326641 ], [ 337351.32822570897406, 3068064.655801650136709 ], [ 337294.068441215902567, 3068064.655801650136709 ], [ 337236.808656722772866, 3068007.396017157007009 ], [ 337236.808656722772866, 3067978.766124910209328 ], [ 337208.178764476208016, 3067950.136232663877308 ], [ 337150.918979983136524, 3067950.136232663877308 ], [ 337122.289087736571673, 3067921.506340417079628 ], [ 337122.289087736571673, 3067892.876448170747608 ], [ 337065.029303243500181, 3067835.616663677617908 ], [ 337065.029303243500181, 3067778.356879184488207 ], [ 336778.730380777968094, 3067492.057956718839705 ], [ 336606.9510272986372, 3067492.057956718839705 ], [ 336549.6912428055075, 3067434.798172225710005 ], [ 336549.6912428055075, 3067291.648710993118584 ], [ 336492.431458312436007, 3067234.388926499988884 ], [ 336463.801566065871157, 3067234.388926499988884 ], [ 336435.171673819306307, 3067205.759034253656864 ], [ 336406.541781572741456, 3067205.759034253656864 ], [ 336349.281997079669964, 3067148.499249760527164 ], [ 336349.281997079669964, 3067062.609573020599782 ], [ 336292.022212586540263, 3067005.349788527470082 ], [ 336292.022212586540263, 3066976.719896281138062 ], [ 336263.392320340033621, 3066976.719896281138062 ], [ 336234.76242809346877, 3066948.090004034340382 ], [ 336234.76242809346877, 3066719.050866062287241 ], [ 336148.87275135377422, 3066633.16118932235986 ], [ 336148.87275135377422, 3066461.381835842970759 ], [ 336091.612966860702727, 3066404.122051349841058 ], [ 336091.612966860702727, 3066375.492159103509039 ], [ 335977.093397874501534, 3066260.972590117249638 ], [ 335977.093397874501534, 3066146.453021130990237 ], [ 336062.983074614137877, 3066060.563344391528517 ], [ 336034.353182367573027, 3066031.933452144730836 ], [ 336034.353182367573027, 3066003.303559898398817 ], [ 336062.983074614137877, 3065974.673667651601136 ], [ 336034.353182367573027, 3065946.043775405269116 ], [ 336005.723290121008176, 3065946.043775405269116 ], [ 335977.093397874501534, 3065917.413883158471435 ], [ 335977.093397874501534, 3065573.855176200158894 ], [ 336005.723290121008176, 3065545.225283953361213 ], [ 335919.833613381371833, 3065459.335607213899493 ], [ 335919.833613381371833, 3065373.445930473972112 ], [ 335833.94393664173549, 3065287.556253734510392 ], [ 335805.31404439517064, 3065287.556253734510392 ], [ 335776.68415214860579, 3065258.926361487712711 ], [ 335776.68415214860579, 3065201.666576994583011 ], [ 335748.05425990204094, 3065173.036684748250991 ], [ 335633.534690915839747, 3065173.036684748250991 ], [ 335519.015121929638553, 3065287.556253734510392 ], [ 335490.385229683073703, 3065287.556253734510392 ], [ 335490.385229683073703, 3065144.40679250145331 ], [ 335404.49555294343736, 3065058.51711576199159 ], [ 335404.49555294343736, 3064915.36765452940017 ], [ 335433.12544519000221, 3064886.737762282602489 ], [ 335433.12544519000221, 3064858.107870036270469 ], [ 335204.086307217541616, 3064629.068732063751668 ], [ 335204.086307217541616, 3064571.808947570621967 ], [ 335261.346091710671317, 3064514.549163077492267 ], [ 335261.346091710671317, 3064485.919270831160247 ], [ 335289.975983957236167, 3064457.289378584362566 ], [ 335289.975983957236167, 3064342.769809598103166 ], [ 335232.716199464106467, 3064285.510025104973465 ], [ 335232.716199464106467, 3064256.880132858641446 ], [ 335175.456414971034974, 3064199.620348365511745 ], [ 335175.456414971034974, 3064085.100779379252344 ], [ 335146.826522724470124, 3064056.470887132454664 ], [ 335146.826522724470124, 3063856.061641406733543 ], [ 334889.157492505502887, 3063598.392611187882721 ], [ 334860.527600258938037, 3063598.392611187882721 ] ] } },
{ "type": "Feature", "properties": { "FID": 195, "STRM_VAL": 1.0, "stream_id": 195, "strahler": 1, "upstream_cells": 5916.0, "length_m": 2498.0964952939148 }, "geometry": { "type": "LineString", "coordinates": [ [ 331310.42096168641001, 3068894.922676800284535 ], [ 331339.05085393297486, 3068923.552569046616554 ], [ 331396.310638426046353, 3068923.552569046616554 ], [ 331424.940530672611203, 3068952.182461292948574 ], [ 331453.570422919176053, 3068952.182461292948574 ], [ 331453.570422919176053, 3068923.552569046616554 ], [ 331510.830207412305754, 3068866.292784553486854 ], [ 331510.830207412305754, 3068809.033000060357153 ], [ 331682.60956089157844, 3068637.253646580968052 ], [ 331682.60956089157844, 3068608.623754334636033 ], [ 331711.23945313814329, 3068579.993862087838352 ], [ 331711.23945313814329, 3068551.363969841506332 ], [ 331768.49923763127299, 3068494.104185348376632 ], [ 331768.49923763127299, 3068465.474293101578951 ], [ 331797.129129877779633, 3068436.844400855246931 ], [ 331797.129129877779633, 3068379.584616362117231 ], [ 331711.23945313814329, 3068293.694939622655511 ], [ 331711.23945313814329, 3067749.726986938156188 ], [ 331797.129129877779633, 3067663.837310198228806 ], [ 331797.129129877779633, 3067520.687848965637386 ], [ 331854.388914370909333, 3067463.428064472507685 ], [ 331911.648698864039034, 3067463.428064472507685 ], [ 332112.05794458987657, 3067263.018818746786565 ], [ 332226.577513576077763, 3067263.018818746786565 ], [ 332312.467190315772314, 3067177.129142006859183 ], [ 332341.097082562278956, 3067177.129142006859183 ] ] } },
{ "type": "Feature", "properties": { "FID": 196, "STRM_VAL": 1.0, "stream_id": 196, "strahler": 3, "upstream_cells": 94059.0, "length_m": 3097.2895686761512 }, "geometry": { "type": "LineString", "coordinates": [ [ 332341.097082562278956, 3067177.129142006859183 ], [ 332341.097082562278956, 3067119.869357513729483 ], [ 332369.726974808843806, 3067091.239465267397463 ], [ 332426.986759301973507, 3067091.239465267397463 ], [ 332484.246543795045, 3067033.979680774267763 ], [ 332484.246543795045, 3067005.349788527470082 ], [ 332426.986759301973507, 3066948.090004034340382 ], [ 332455.616651548538357, 3066919.460111788008362 ], [ 332455.616651548538357, 3066890.830219541210681 ], [ 332598.7661127813044, 3066747.680758308619261 ], [ 332598.7661127813044, 3066432.751943596638739 ], [ 332627.396005027811043, 3066404.122051349841058 ], [ 332627.396005027811043, 3066375.492159103509039 ], [ 332656.025897274375893, 3066346.862266856711358 ], [ 332656.025897274375893, 3065974.673667651601136 ], [ 332598.7661127813044, 3065917.413883158471435 ], [ 332598.7661127813044, 3065860.154098665341735 ], [ 332570.13622053473955, 3065831.524206419009715 ], [ 332570.13622053473955, 3065516.595391707029194 ], [ 332598.7661127813044, 3065487.965499460231513 ], [ 332598.7661127813044, 3065344.816038227640092 ], [ 332656.025897274375893, 3065287.556253734510392 ], [ 332656.025897274375893, 3065230.296469241380692 ], [ 332627.396005027811043, 3065201.666576994583011 ], [ 332627.396005027811043, 3064915.36765452940017 ], [ 332570.13622053473955, 3064858.107870036270469 ], [ 332570.13622053473955, 3064829.477977789472789 ], [ 332512.87643604160985, 3064772.218193296343088 ], [ 332455.616651548538357, 3064772.218193296343088 ], [ 332426.986759301973507, 3064743.588301050011069 ], [ 332426.986759301973507, 3064571.808947570621967 ], [ 332369.726974808843806, 3064514.549163077492267 ] ] } },
{ "type": "Feature", "properties": { "FID": 197, "STRM_VAL": 1.0, "stream_id": 197, "strahler": 1, "upstream_cells": 5642.0, "length_m": 2960.2440988311682 }, "geometry": { "type": "LineString", "coordinates": [ [ 357020.064199090586044, 3069095.331922526005656 ], [ 357048.694091337150894, 3069123.961814772337675 ], [ 357048.694091337150894, 3069152.591707019135356 ], [ 357077.323983583715744, 3069181.221599265467376 ], [ 357077.323983583715744, 3069238.481383758597076 ], [ 357163.213660323352087, 3069324.371060498524457 ], [ 357191.843552569916938, 3069324.371060498524457 ], [ 357220.473444816481788, 3069353.000952744856477 ], [ 357306.363121556118131, 3069353.000952744856477 ], [ 357334.993013802682981, 3069381.630844991654158 ], [ 357363.622906049247831, 3069381.630844991654158 ], [ 357392.252798295754474, 3069410.260737237986177 ], [ 357392.252798295754474, 3069438.890629484783858 ], [ 357420.882690542319324, 3069467.520521731115878 ], [ 357420.882690542319324, 3069496.150413977447897 ], [ 357506.772367281955667, 3069582.040090717375278 ], [ 357506.772367281955667, 3069610.669982963707298 ], [ 357535.402259528520517, 3069639.299875210504979 ], [ 357535.402259528520517, 3069667.929767456836998 ], [ 357678.55172076128656, 3069811.07922868989408 ], [ 357678.55172076128656, 3069868.339013183023781 ], [ 357735.811505254416261, 3069925.598797676153481 ], [ 357764.441397500981111, 3069925.598797676153481 ], [ 357850.331074240617454, 3070011.488474415615201 ], [ 357878.960966487182304, 3070011.488474415615201 ], [ 357936.220750980253797, 3070068.748258908744901 ], [ 357964.850643226818647, 3070068.748258908744901 ], [ 357993.480535473383497, 3070097.378151155076921 ], [ 358022.110427719948348, 3070097.378151155076921 ], [ 358050.74031996645499, 3070126.008043401874602 ], [ 358079.37021221301984, 3070126.008043401874602 ], [ 358108.000104459584691, 3070154.637935648206621 ], [ 358136.629996706149541, 3070154.637935648206621 ], [ 358165.259888952714391, 3070183.267827895004302 ], [ 358279.779457938915584, 3070183.267827895004302 ], [ 358337.039242431987077, 3070126.008043401874602 ], [ 358365.669134678551927, 3070126.008043401874602 ], [ 358451.558811418246478, 3070040.118366661947221 ], [ 358566.078380404447671, 3070040.118366661947221 ], [ 358709.227841637213714, 3069896.9689054293558 ], [ 358823.747410623414908, 3069896.9689054293558 ], [ 358909.637087363051251, 3069811.07922868989408 ], [ 359224.565902075148188, 3069811.07922868989408 ] ] } },
{ "type": "Feature", "properties": { "FID": 198, "STRM_VAL": 1.0, "stream_id": 198, "strahler": 2, "upstream_cells": 15319.0, "length_m": 753.35863893290048 }, "geometry": { "type": "LineString", "coordinates": [ [ 359224.565902075148188, 3069811.07922868989408 ], [ 359253.195794321713038, 3069811.07922868989408 ], [ 359310.455578814784531, 3069868.339013183023781 ], [ 359310.455578814784531, 3070040.118366661947221 ], [ 359339.085471061349381, 3070068.748258908744901 ], [ 359339.085471061349381, 3070097.378151155076921 ], [ 359424.975147800985724, 3070183.267827895004302 ], [ 359453.605040047550574, 3070183.267827895004302 ], [ 359482.234932294115424, 3070211.897720141336322 ], [ 359654.014285773446318, 3070211.897720141336322 ], [ 359682.64417801995296, 3070240.527612388134003 ] ] } },
{ "type": "Feature", "properties": { "FID": 199, "STRM_VAL": 1.0, "stream_id": 199, "strahler": 3, "upstream_cells": 39657.0, "length_m": 2826.918863460714 }, "geometry": { "type": "LineString", "coordinates": [ [ 359682.64417801995296, 3070240.527612388134003 ], [ 359768.533854759647511, 3070240.527612388134003 ], [ 359797.163747006212361, 3070269.157504634466022 ], [ 359911.683315992413554, 3070269.157504634466022 ], [ 359940.313208238920197, 3070297.787396881263703 ], [ 359968.943100485485047, 3070297.787396881263703 ], [ 359997.572992732049897, 3070269.157504634466022 ], [ 360026.202884978614748, 3070297.787396881263703 ], [ 360054.832777225179598, 3070297.787396881263703 ], [ 360083.46266947168624, 3070326.417289127595723 ], [ 360255.242022951017134, 3070326.417289127595723 ], [ 360283.871915197581984, 3070297.787396881263703 ], [ 360283.871915197581984, 3070269.157504634466022 ], [ 360312.501807444146834, 3070269.157504634466022 ], [ 360455.651268676912878, 3070126.008043401874602 ], [ 360512.91105316998437, 3070126.008043401874602 ], [ 360541.540945416549221, 3070154.637935648206621 ], [ 360570.170837663114071, 3070126.008043401874602 ], [ 360627.430622156185564, 3070126.008043401874602 ], [ 360656.060514402750414, 3070097.378151155076921 ], [ 360684.690406649315264, 3070126.008043401874602 ], [ 360770.580083388951607, 3070126.008043401874602 ], [ 360799.209975635516457, 3070097.378151155076921 ], [ 360885.099652375211008, 3070097.378151155076921 ], [ 360942.359436868282501, 3070040.118366661947221 ], [ 360942.359436868282501, 3070011.488474415615201 ], [ 360970.989329114847351, 3069982.858582169283181 ], [ 360999.619221361412201, 3069982.858582169283181 ], [ 361085.508898101048544, 3069896.9689054293558 ], [ 361114.138790347613394, 3069896.9689054293558 ], [ 361142.768682594178244, 3069868.339013183023781 ], [ 361171.398574840684887, 3069868.339013183023781 ], [ 361228.658359333814587, 3069811.07922868989408 ], [ 361257.288251580379438, 3069811.07922868989408 ], [ 361429.067605059710331, 3069639.299875210504979 ], [ 361543.587174045911524, 3069639.299875210504979 ], [ 361572.217066292418167, 3069610.669982963707298 ], [ 361600.846958538983017, 3069610.669982963707298 ], [ 361629.476850785547867, 3069639.299875210504979 ], [ 361829.886096511385404, 3069639.299875210504979 ], [ 361887.145881004515104, 3069696.559659703634679 ], [ 361915.775773251079954, 3069696.559659703634679 ], [ 362001.665449990716297, 3069782.449336443096399 ] ] } },
{ "type": "Feature", "properties": { "FID": 200, "STRM_VAL": 1.0, "stream_id": 200, "strahler": 1, "upstream_cells": 5220.0, "length_m": 2609.7386151455057 }, "geometry": { "type": "LineString", "coordinates": [ [ 354157.074974435323384, 3069095.331922526005656 ], [ 354185.704866681888234, 3069095.331922526005656 ], [ 354214.334758928453084, 3069123.961814772337675 ], [ 354242.964651175017934, 3069123.961814772337675 ], [ 354328.854327914654277, 3069209.851491512265056 ], [ 354357.484220161219127, 3069209.851491512265056 ], [ 354386.114112407783978, 3069238.481383758597076 ], [ 354443.37389690085547, 3069238.481383758597076 ], [ 354472.003789147420321, 3069267.111276005394757 ], [ 354500.633681393985171, 3069267.111276005394757 ], [ 354557.893465887056664, 3069324.371060498524457 ], [ 354557.893465887056664, 3069381.630844991654158 ], [ 354672.413034873257857, 3069496.150413977447897 ], [ 354672.413034873257857, 3069524.780306224245578 ], [ 354729.672819366387557, 3069582.040090717375278 ], [ 354729.672819366387557, 3069610.669982963707298 ], [ 354701.042927119822707, 3069639.299875210504979 ], [ 354701.042927119822707, 3069667.929767456836998 ], [ 354672.413034873257857, 3069696.559659703634679 ], [ 354672.413034873257857, 3069725.189551949966699 ], [ 354643.783142626751214, 3069753.81944419676438 ], [ 354643.783142626751214, 3069811.07922868989408 ], [ 354758.302711612952407, 3069925.598797676153481 ], [ 354758.302711612952407, 3069982.858582169283181 ], [ 354786.932603859517258, 3069982.858582169283181 ], [ 354786.932603859517258, 3070068.748258908744901 ], [ 354815.5624961060239, 3070097.378151155076921 ], [ 354815.5624961060239, 3070126.008043401874602 ], [ 354872.822280599153601, 3070183.267827895004302 ], [ 354872.822280599153601, 3070240.527612388134003 ], [ 354987.341849585354794, 3070355.047181374393404 ], [ 354987.341849585354794, 3070412.306965867523104 ], [ 355015.971741831919644, 3070440.936858113855124 ], [ 355015.971741831919644, 3070498.196642606984824 ], [ 355130.491310818120837, 3070612.716211593244225 ], [ 355130.491310818120837, 3070755.865672825835645 ], [ 355187.751095311250538, 3070813.125457318965346 ], [ 355216.38098755775718, 3070813.125457318965346 ], [ 355245.01087980432203, 3070841.755349565763026 ], [ 355302.270664297451731, 3070841.755349565763026 ], [ 355330.900556543958373, 3070870.385241812095046 ], [ 355359.530448790523224, 3070870.385241812095046 ], [ 355416.790233283652924, 3070927.645026305224746 ] ] } },
{ "type": "Feature", "properties": { "FID": 201, "STRM_VAL": 1.0, "stream_id": 201, "strahler": 2, "upstream_cells": 17931.0, "length_m": 5101.7311190522687 }, "geometry": { "type": "LineString", "coordinates": [ [ 355416.790233283652924, 3070927.645026305224746 ], [ 355445.420125530217774, 3070927.645026305224746 ], [ 355531.309802269854117, 3071013.534703045152128 ], [ 355559.939694516418967, 3071013.534703045152128 ], [ 355588.569586762983818, 3071042.164595291484147 ], [ 355731.719047995749861, 3071042.164595291484147 ], [ 355760.348940242256504, 3071013.534703045152128 ], [ 355846.238616981951054, 3071013.534703045152128 ], [ 355874.868509228457697, 3070984.904810798354447 ], [ 355903.498401475022547, 3070984.904810798354447 ], [ 355960.758185968152247, 3070927.645026305224746 ], [ 356103.907647200918291, 3070927.645026305224746 ], [ 356132.537539447483141, 3070899.015134058892727 ], [ 356161.167431693989784, 3070899.015134058892727 ], [ 356189.797323940554634, 3070870.385241812095046 ], [ 356275.687000680249184, 3070870.385241812095046 ], [ 356304.316892926755827, 3070899.015134058892727 ], [ 356332.946785173320677, 3070899.015134058892727 ], [ 356361.576677419885527, 3070927.645026305224746 ], [ 356390.206569666450378, 3070927.645026305224746 ], [ 356447.46635415952187, 3070984.904810798354447 ], [ 356561.985923145781271, 3070984.904810798354447 ], [ 356590.615815392287914, 3071013.534703045152128 ], [ 356819.654953364748508, 3071013.534703045152128 ], [ 356848.28484561125515, 3071042.164595291484147 ], [ 356905.544630104384851, 3071042.164595291484147 ], [ 356934.174522350949701, 3071070.794487538281828 ], [ 356962.804414597456343, 3071042.164595291484147 ], [ 357048.694091337150894, 3071042.164595291484147 ], [ 357105.953875830280595, 3071099.424379784613848 ], [ 357105.953875830280595, 3071128.054272030945867 ], [ 357163.213660323352087, 3071128.054272030945867 ], [ 357191.843552569916938, 3071156.684164277743548 ], [ 357363.622906049247831, 3071156.684164277743548 ], [ 357392.252798295754474, 3071128.054272030945867 ], [ 357592.662044021650217, 3071128.054272030945867 ], [ 357621.291936268215068, 3071099.424379784613848 ], [ 357678.55172076128656, 3071099.424379784613848 ], [ 357707.181613007851411, 3071128.054272030945867 ], [ 357793.071289747487754, 3071128.054272030945867 ], [ 357793.071289747487754, 3071099.424379784613848 ], [ 357850.331074240617454, 3071099.424379784613848 ], [ 357878.960966487182304, 3071070.794487538281828 ], [ 357993.480535473383497, 3071070.794487538281828 ], [ 358050.74031996645499, 3071128.054272030945867 ], [ 358108.000104459584691, 3071128.054272030945867 ], [ 358136.629996706149541, 3071099.424379784613848 ], [ 358136.629996706149541, 3071070.794487538281828 ], [ 358222.519673445785884, 3070984.904810798354447 ], [ 358251.149565692350734, 3070984.904810798354447 ], [ 358279.779457938915584, 3070956.274918552022427 ], [ 358308.409350185422227, 3070956.274918552022427 ], [ 358337.039242431987077, 3070927.645026305224746 ], [ 358365.669134678551927, 3070927.645026305224746 ], [ 358422.928919171681628, 3070870.385241812095046 ], [ 358451.558811418246478, 3070870.385241812095046 ], [ 358508.818595911317971, 3070813.125457318965346 ], [ 358594.708272650954314, 3070813.125457318965346 ], [ 358623.338164897519164, 3070841.755349565763026 ], [ 358709.227841637213714, 3070841.755349565763026 ], [ 358737.857733883720357, 3070813.125457318965346 ], [ 358766.487626130285207, 3070813.125457318965346 ], [ 358795.117518376850057, 3070784.495565072633326 ], [ 358881.0071951164864, 3070784.495565072633326 ], [ 358966.896871856180951, 3070698.605888332705945 ], [ 358995.526764102745801, 3070698.605888332705945 ], [ 359024.156656349252444, 3070669.975996086373925 ], [ 359052.786548595817294, 3070669.975996086373925 ], [ 359081.416440842382144, 3070641.346103839576244 ], [ 359110.046333088946994, 3070641.346103839576244 ], [ 359195.936009828583337, 3070555.456427100114524 ], [ 359224.565902075148188, 3070555.456427100114524 ], [ 359339.085471061349381, 3070440.936858113855124 ], [ 359339.085471061349381, 3070412.306965867523104 ], [ 359396.345255554420874, 3070412.306965867523104 ], [ 359424.975147800985724, 3070383.677073620725423 ], [ 359482.234932294115424, 3070383.677073620725423 ], [ 359510.864824540680274, 3070355.047181374393404 ], [ 359625.384393526881468, 3070355.047181374393404 ], [ 359682.64417801995296, 3070297.787396881263703 ], [ 359682.64417801995296, 3070240.527612388134003 ] ] } },
{ "type": "Feature", "properties": { "FID": 202, "STRM_VAL": 1.0, "stream_id": 202, "strahler": 1, "upstream_cells": 4474.0, "length_m": 1146.3875683185752 }, "geometry": { "type": "LineString", "coordinates": [ [ 334230.669970834744163, 3069123.961814772337675 ], [ 334173.41018634167267, 3069123.961814772337675 ], [ 334116.15040184854297, 3069066.702030279207975 ], [ 334116.15040184854297, 3068952.182461292948574 ], [ 334001.630832862341776, 3068837.662892307154834 ], [ 333858.481371629575733, 3068837.662892307154834 ], [ 333743.96180264337454, 3068723.143323320895433 ], [ 333743.96180264337454, 3068665.883538827765733 ], [ 333629.442233657173347, 3068551.363969841506332 ], [ 333543.552556917537004, 3068551.363969841506332 ], [ 333514.922664670972154, 3068579.993862087838352 ], [ 333457.662880177842453, 3068522.734077594708651 ] ] } },
{ "type": "Feature", "properties": { "FID": 203, "STRM_VAL": 1.0, "stream_id": 203, "strahler": 3, "upstream_cells": 78484.0, "length_m": 2114.0490064313581 }, "geometry": { "type": "LineString", "coordinates": [ [ 333457.662880177842453, 3068522.734077594708651 ], [ 333486.292772424407303, 3068494.104185348376632 ], [ 333486.292772424407303, 3068465.474293101578951 ], [ 333457.662880177842453, 3068436.844400855246931 ], [ 333400.40309568477096, 3068436.844400855246931 ], [ 333343.14331119164126, 3068379.584616362117231 ], [ 333314.51341894507641, 3068379.584616362117231 ], [ 333257.253634452004917, 3068436.844400855246931 ], [ 333171.363957712310366, 3068436.844400855246931 ], [ 333114.104173219238874, 3068379.584616362117231 ], [ 333114.104173219238874, 3068293.694939622655511 ], [ 333028.214496479544323, 3068207.80526288272813 ], [ 333028.214496479544323, 3068064.655801650136709 ], [ 332799.175358507141937, 3067835.616663677617908 ], [ 332741.915574014070444, 3067835.616663677617908 ], [ 332656.025897274375893, 3067749.726986938156188 ], [ 332656.025897274375893, 3067692.467202445026487 ], [ 332627.396005027811043, 3067692.467202445026487 ], [ 332541.5063282881747, 3067606.577525705099106 ], [ 332512.87643604160985, 3067606.577525705099106 ], [ 332398.356867055408657, 3067492.057956718839705 ], [ 332398.356867055408657, 3067348.908495486248285 ], [ 332369.726974808843806, 3067320.278603239450604 ], [ 332369.726974808843806, 3067205.759034253656864 ], [ 332341.097082562278956, 3067177.129142006859183 ] ] } },
{ "type": "Feature", "properties": { "FID": 204, "STRM_VAL": 1.0, "stream_id": 204, "strahler": 1, "upstream_cells": 12092.0, "length_m": 4689.0537379411981 }, "geometry": { "type": "LineString", "coordinates": [ [ 324611.026175993145443, 3069209.851491512265056 ], [ 324467.8767147603794, 3069209.851491512265056 ], [ 324439.24682251381455, 3069238.481383758597076 ], [ 324296.097361281048506, 3069238.481383758597076 ], [ 324267.467469034483656, 3069267.111276005394757 ], [ 324210.207684541412164, 3069267.111276005394757 ], [ 324152.947900048282463, 3069324.371060498524457 ], [ 324124.318007801717613, 3069324.371060498524457 ], [ 324038.42833106208127, 3069410.260737237986177 ], [ 324009.79843881551642, 3069410.260737237986177 ], [ 323981.168546568951569, 3069438.890629484783858 ], [ 323895.278869829315227, 3069438.890629484783858 ], [ 323866.648977582750376, 3069467.520521731115878 ], [ 323809.389193089678884, 3069467.520521731115878 ], [ 323752.129408596549183, 3069410.260737237986177 ], [ 323637.60983961034799, 3069410.260737237986177 ], [ 323608.97994736378314, 3069381.630844991654158 ], [ 323551.720162870653439, 3069381.630844991654158 ], [ 323523.090270624146797, 3069410.260737237986177 ], [ 323494.460378377581947, 3069410.260737237986177 ], [ 323437.200593884452246, 3069467.520521731115878 ], [ 323265.42124040517956, 3069467.520521731115878 ], [ 323236.79134815861471, 3069438.890629484783858 ], [ 323208.16145591204986, 3069467.520521731115878 ], [ 322893.232641199952923, 3069467.520521731115878 ], [ 322864.60274895344628, 3069496.150413977447897 ], [ 322778.71307221375173, 3069496.150413977447897 ], [ 322750.083179967186879, 3069524.780306224245578 ], [ 322721.453287720680237, 3069496.150413977447897 ], [ 322692.823395474115387, 3069496.150413977447897 ], [ 322635.563610980985686, 3069438.890629484783858 ], [ 322578.303826487914193, 3069438.890629484783858 ], [ 322521.044041994784493, 3069381.630844991654158 ], [ 322492.414149748219643, 3069410.260737237986177 ], [ 322377.89458076201845, 3069410.260737237986177 ], [ 322349.264688515453599, 3069381.630844991654158 ], [ 322292.004904022382107, 3069381.630844991654158 ], [ 322263.375011775817256, 3069410.260737237986177 ], [ 322091.595658296486363, 3069410.260737237986177 ], [ 322062.965766049921513, 3069381.630844991654158 ], [ 321977.07608931028517, 3069381.630844991654158 ], [ 321948.446197063720319, 3069410.260737237986177 ], [ 321948.446197063720319, 3069438.890629484783858 ], [ 321919.816304817213677, 3069467.520521731115878 ], [ 321805.296735830954276, 3069467.520521731115878 ], [ 321776.666843584447633, 3069438.890629484783858 ], [ 321662.147274598188233, 3069438.890629484783858 ], [ 321633.51738235168159, 3069410.260737237986177 ], [ 321604.88749010511674, 3069410.260737237986177 ], [ 321576.25759785855189, 3069381.630844991654158 ], [ 321490.367921118915547, 3069381.630844991654158 ], [ 321461.738028872350696, 3069410.260737237986177 ], [ 321404.478244379220996, 3069410.260737237986177 ], [ 321404.478244379220996, 3069381.630844991654158 ], [ 321347.218459886149503, 3069324.371060498524457 ], [ 321318.588567639584653, 3069324.371060498524457 ], [ 321289.958675393019803, 3069295.741168251726776 ], [ 321261.328783146454953, 3069295.741168251726776 ], [ 321032.289645174052566, 3069066.702030279207975 ], [ 321032.289645174052566, 3069038.072138032875955 ], [ 321003.659752927487716, 3069038.072138032875955 ], [ 320975.029860680922866, 3069009.442245786078274 ], [ 320946.399968434416223, 3069009.442245786078274 ], [ 320774.62061495508533, 3068837.662892307154834 ], [ 320745.99072270852048, 3068837.662892307154834 ], [ 320660.101045968884137, 3068751.773215567227453 ] ] } },
{ "type": "Feature", "properties": { "FID": 205, "STRM_VAL": 1.0, "stream_id": 205, "strahler": 1, "upstream_cells": 4077.0, "length_m": 126.37845864376585 }, "geometry": { "type": "LineString", "coordinates": [ [ 342705.11807581433095, 3069238.481383758597076 ], [ 342705.11807581433095, 3069209.851491512265056 ], [ 342676.4881835677661, 3069181.221599265467376 ], [ 342647.85829132120125, 3069181.221599265467376 ], [ 342647.85829132120125, 3069152.591707019135356 ] ] } },
{ "type": "Feature", "properties": { "FID": 206, "STRM_VAL": 1.0, "stream_id": 206, "strahler": 2, "upstream_cells": 56688.0, "length_m": 1903.8155348435753 }, "geometry": { "type": "LineString", "coordinates": [ [ 342647.85829132120125, 3069152.591707019135356 ], [ 342590.598506828129757, 3069095.331922526005656 ], [ 342590.598506828129757, 3069038.072138032875955 ], [ 342504.708830088435207, 3068952.182461292948574 ], [ 342504.708830088435207, 3068894.922676800284535 ], [ 342476.078937841928564, 3068866.292784553486854 ], [ 342418.819153348798864, 3068866.292784553486854 ], [ 342332.929476609162521, 3068780.403107814025134 ], [ 342304.29958436259767, 3068809.033000060357153 ], [ 342218.409907622961327, 3068809.033000060357153 ], [ 341788.961523924663197, 3069238.481383758597076 ], [ 341703.071847184968647, 3069238.481383758597076 ], [ 341645.812062691897154, 3069181.221599265467376 ], [ 341559.922385952202603, 3069181.221599265467376 ], [ 341502.66260145913111, 3069238.481383758597076 ], [ 341445.40281696600141, 3069238.481383758597076 ], [ 341273.623463486670516, 3069410.260737237986177 ] ] } },
{ "type": "Feature", "properties": { "FID": 207, "STRM_VAL": 1.0, "stream_id": 207, "strahler": 2, "upstream_cells": 78141.0, "length_m": 12514.200255789232 }, "geometry": { "type": "LineString", "coordinates": [ [ 341273.623463486670516, 3069410.260737237986177 ], [ 341159.103894500469323, 3069410.260737237986177 ], [ 340958.694648774631787, 3069209.851491512265056 ], [ 340958.694648774631787, 3069181.221599265467376 ], [ 340930.064756528066937, 3069152.591707019135356 ], [ 340930.064756528066937, 3069095.331922526005656 ], [ 340987.324541021196637, 3069038.072138032875955 ], [ 340987.324541021196637, 3068980.812353539746255 ], [ 340958.694648774631787, 3068952.182461292948574 ], [ 340930.064756528066937, 3068952.182461292948574 ], [ 340844.175079788430594, 3068866.292784553486854 ], [ 340844.175079788430594, 3068780.403107814025134 ], [ 340901.434864281502087, 3068723.143323320895433 ], [ 341015.95443326770328, 3068723.143323320895433 ], [ 341015.95443326770328, 3068694.513431074097753 ], [ 341073.21421776083298, 3068637.253646580968052 ], [ 341073.21421776083298, 3068522.734077594708651 ], [ 341044.58432551426813, 3068494.104185348376632 ], [ 341044.58432551426813, 3068379.584616362117231 ], [ 340930.064756528066937, 3068265.06504737585783 ], [ 340930.064756528066937, 3068179.17537063639611 ], [ 340815.545187541865744, 3068064.655801650136709 ], [ 340729.655510802171193, 3068064.655801650136709 ], [ 340529.246265076333657, 3067864.246555923949927 ], [ 340529.246265076333657, 3067721.097094691358507 ], [ 340557.876157322898507, 3067692.467202445026487 ], [ 340557.876157322898507, 3067606.577525705099106 ], [ 340529.246265076333657, 3067577.947633458767086 ], [ 340529.246265076333657, 3067062.609573020599782 ], [ 340557.876157322898507, 3067033.979680774267763 ], [ 340557.876157322898507, 3066890.830219541210681 ], [ 340500.616372829768807, 3066890.830219541210681 ], [ 340471.986480583203956, 3066862.200327294878662 ], [ 340414.726696090132464, 3066862.200327294878662 ], [ 340386.096803843567614, 3066833.570435048080981 ], [ 340357.466911597002763, 3066862.200327294878662 ], [ 340300.207127103931271, 3066804.940542801748961 ], [ 340271.57723485736642, 3066804.940542801748961 ], [ 340214.31745036423672, 3066747.680758308619261 ], [ 340071.167989131470677, 3066747.680758308619261 ], [ 339956.648420145269483, 3066862.200327294878662 ], [ 339928.018527898704633, 3066862.200327294878662 ], [ 339842.12885115906829, 3066776.31065055495128 ], [ 339784.86906666593859, 3066776.31065055495128 ], [ 339670.349497679737397, 3066661.791081569157541 ], [ 339670.349497679737397, 3066633.16118932235986 ], [ 339613.089713186665904, 3066575.90140482923016 ], [ 339670.349497679737397, 3066518.641620336100459 ], [ 339670.349497679737397, 3066461.381835842970759 ], [ 339555.829928693536203, 3066346.862266856711358 ], [ 339469.94025195389986, 3066346.862266856711358 ], [ 339412.68046746077016, 3066289.602482363581657 ], [ 339355.420682967698667, 3066289.602482363581657 ], [ 339326.790790721133817, 3066260.972590117249638 ], [ 339240.901113981497474, 3066260.972590117249638 ], [ 339183.641329488367774, 3066203.712805624119937 ], [ 339126.381544995238073, 3066260.972590117249638 ], [ 338868.712514776270837, 3066260.972590117249638 ], [ 338782.822838036634494, 3066346.862266856711358 ], [ 338668.3032690504333, 3066346.862266856711358 ], [ 338611.0434845573036, 3066289.602482363581657 ], [ 338582.41359231073875, 3066289.602482363581657 ], [ 338525.153807817667257, 3066346.862266856711358 ], [ 338410.634238831466064, 3066346.862266856711358 ], [ 338382.004346584901214, 3066375.492159103509039 ], [ 338296.114669845206663, 3066375.492159103509039 ], [ 338124.335316365933977, 3066547.27151258289814 ], [ 338095.705424119369127, 3066518.641620336100459 ], [ 338095.705424119369127, 3066490.01172808976844 ], [ 338067.075531872804277, 3066461.381835842970759 ], [ 338067.075531872804277, 3066432.751943596638739 ], [ 338009.815747379732784, 3066375.492159103509039 ], [ 337637.627148174506146, 3066375.492159103509039 ], [ 337580.367363681434654, 3066432.751943596638739 ], [ 337551.737471434869803, 3066432.751943596638739 ], [ 337494.477686941740103, 3066490.01172808976844 ], [ 337465.847794695233461, 3066490.01172808976844 ], [ 337236.808656722772866, 3066260.972590117249638 ], [ 337236.808656722772866, 3066232.342697870451957 ], [ 337179.548872229701374, 3066175.082913377787918 ], [ 337179.548872229701374, 3065774.264421925880015 ], [ 337208.178764476208016, 3065745.634529679082334 ], [ 337208.178764476208016, 3065688.374745185952634 ], [ 337294.068441215902567, 3065602.485068446490914 ], [ 337294.068441215902567, 3065573.855176200158894 ], [ 337322.698333462467417, 3065545.225283953361213 ], [ 337322.698333462467417, 3065516.595391707029194 ], [ 337265.438548969337717, 3065459.335607213899493 ], [ 337294.068441215902567, 3065430.705714967101812 ], [ 337294.068441215902567, 3065402.075822720769793 ], [ 337322.698333462467417, 3065373.445930473972112 ], [ 337265.438548969337717, 3065316.186145980842412 ], [ 337265.438548969337717, 3065287.556253734510392 ], [ 337236.808656722772866, 3065258.926361487712711 ], [ 337236.808656722772866, 3065230.296469241380692 ], [ 337179.548872229701374, 3065173.036684748250991 ], [ 337179.548872229701374, 3065144.40679250145331 ], [ 337122.289087736571673, 3065087.147008008789271 ], [ 337122.289087736571673, 3064686.328516556881368 ], [ 337065.029303243500181, 3064629.068732063751668 ], [ 337122.289087736571673, 3064571.808947570621967 ], [ 337122.289087736571673, 3064342.769809598103166 ], [ 337150.918979983136524, 3064314.139917351771146 ], [ 337179.548872229701374, 3064314.139917351771146 ], [ 337179.548872229701374, 3064285.510025104973465 ], [ 337208.178764476208016, 3064256.880132858641446 ], [ 337208.178764476208016, 3064228.250240611843765 ], [ 337265.438548969337717, 3064170.990456118714064 ], [ 337265.438548969337717, 3064113.730671625584364 ], [ 337208.178764476208016, 3064056.470887132454664 ], [ 337208.178764476208016, 3063970.581210392992944 ], [ 337150.918979983136524, 3063913.321425899863243 ], [ 337150.918979983136524, 3063798.801856913603842 ], [ 337122.289087736571673, 3063770.171964667271823 ], [ 336950.50973425724078, 3063770.171964667271823 ], [ 336750.100488531403244, 3063569.762718941085041 ], [ 336750.100488531403244, 3063541.132826694753021 ], [ 336692.840704038273543, 3063483.873042201623321 ], [ 336692.840704038273543, 3063455.243149955291301 ], [ 336635.58091954520205, 3063397.983365462161601 ], [ 336635.58091954520205, 3063340.7235809690319 ], [ 336606.9510272986372, 3063312.093688722234219 ], [ 336606.9510272986372, 3063283.4637964759022 ], [ 336492.431458312436007, 3063168.944227489642799 ], [ 336463.801566065871157, 3063168.944227489642799 ], [ 336435.171673819306307, 3063140.314335242845118 ], [ 336177.50264360033907, 3063140.314335242845118 ], [ 335919.833613381371833, 3062882.645305023994297 ], [ 335862.573828888242133, 3062882.645305023994297 ], [ 335748.05425990204094, 3062768.125736037734896 ], [ 335748.05425990204094, 3062739.495843791402876 ], [ 335719.424367655534297, 3062710.865951544605196 ], [ 335662.164583162404597, 3062710.865951544605196 ] ] } },
{ "type": "Feature", "properties": { "FID": 208, "STRM_VAL": 1.0, "stream_id": 208, "strahler": 1, "upstream_cells": 5234.0, "length_m": 183.63824313712837 }, "geometry": { "type": "LineString", "coordinates": [ [ 359195.936009828583337, 3069639.299875210504979 ], [ 359195.936009828583337, 3069725.189551949966699 ], [ 359224.565902075148188, 3069753.81944419676438 ], [ 359224.565902075148188, 3069811.07922868989408 ] ] } },
{ "type": "Feature", "properties": { "FID": 209, "STRM_VAL": 1.0, "stream_id": 209, "strahler": 1, "upstream_cells": 5200.0, "length_m": 2948.3852091733479 }, "geometry": { "type": "LineString", "coordinates": [ [ 345453.587731483392417, 3069896.9689054293558 ], [ 345396.327946990262717, 3069839.7091209362261 ], [ 345396.327946990262717, 3069811.07922868989408 ], [ 345367.698054743697867, 3069782.449336443096399 ], [ 345367.698054743697867, 3069725.189551949966699 ], [ 345339.068162497133017, 3069696.559659703634679 ], [ 345310.438270250626374, 3069696.559659703634679 ], [ 345281.808378004061524, 3069667.929767456836998 ], [ 345281.808378004061524, 3069553.410198470577598 ], [ 345253.178485757496674, 3069524.780306224245578 ], [ 345224.548593510931823, 3069524.780306224245578 ], [ 345167.288809017860331, 3069467.520521731115878 ], [ 345052.76924003160093, 3069467.520521731115878 ], [ 344938.249671045399737, 3069353.000952744856477 ], [ 344938.249671045399737, 3069324.371060498524457 ], [ 344852.359994305763394, 3069238.481383758597076 ], [ 344938.249671045399737, 3069152.591707019135356 ], [ 344938.249671045399737, 3069123.961814772337675 ], [ 344880.989886552328244, 3069066.702030279207975 ], [ 344880.989886552328244, 3069009.442245786078274 ], [ 344909.619778798893094, 3068980.812353539746255 ], [ 344909.619778798893094, 3068923.552569046616554 ], [ 344938.249671045399737, 3068894.922676800284535 ], [ 344909.619778798893094, 3068866.292784553486854 ], [ 344909.619778798893094, 3068837.662892307154834 ], [ 344938.249671045399737, 3068809.033000060357153 ], [ 344938.249671045399737, 3068780.403107814025134 ], [ 344966.879563291964587, 3068751.773215567227453 ], [ 344966.879563291964587, 3068723.143323320895433 ], [ 344938.249671045399737, 3068694.513431074097753 ], [ 344938.249671045399737, 3068665.883538827765733 ], [ 344966.879563291964587, 3068637.253646580968052 ], [ 345024.139347785094287, 3068637.253646580968052 ], [ 345024.139347785094287, 3068579.993862087838352 ], [ 344966.879563291964587, 3068522.734077594708651 ], [ 345052.76924003160093, 3068436.844400855246931 ], [ 345081.39913227816578, 3068436.844400855246931 ], [ 345167.288809017860331, 3068350.954724115785211 ], [ 345167.288809017860331, 3068207.80526288272813 ], [ 345110.02902452473063, 3068150.545478389598429 ], [ 345110.02902452473063, 3068093.285693896468729 ], [ 345081.39913227816578, 3068064.655801650136709 ], [ 344938.249671045399737, 3068064.655801650136709 ], [ 344909.619778798893094, 3068036.025909403339028 ], [ 344909.619778798893094, 3067978.766124910209328 ], [ 344880.989886552328244, 3067978.766124910209328 ], [ 344852.359994305763394, 3067950.136232663877308 ], [ 344795.100209812633693, 3067950.136232663877308 ], [ 344766.470317566127051, 3067921.506340417079628 ] ] } },
{ "type": "Feature", "properties": { "FID": 210, "STRM_VAL": 1.0, "stream_id": 210, "strahler": 1, "upstream_cells": 4316.0, "length_m": 1399.1444856068281 }, "geometry": { "type": "LineString", "coordinates": [ [ 339240.901113981497474, 3070383.677073620725423 ], [ 339212.271221734932624, 3070355.047181374393404 ], [ 339097.751652748731431, 3070355.047181374393404 ], [ 338954.602191515965387, 3070211.897720141336322 ], [ 338897.342407022835687, 3070211.897720141336322 ], [ 338868.712514776270837, 3070240.527612388134003 ], [ 338811.452730283199344, 3070240.527612388134003 ], [ 338782.822838036634494, 3070269.157504634466022 ], [ 338782.822838036634494, 3070412.306965867523104 ], [ 338639.67337680386845, 3070555.456427100114524 ], [ 338611.0434845573036, 3070555.456427100114524 ], [ 338582.41359231073875, 3070526.826534853782505 ], [ 338525.153807817667257, 3070526.826534853782505 ], [ 338467.894023324537557, 3070469.566750360652804 ], [ 338410.634238831466064, 3070469.566750360652804 ], [ 338382.004346584901214, 3070498.196642606984824 ], [ 338382.004346584901214, 3070555.456427100114524 ], [ 338353.374454338336363, 3070584.086319346446544 ], [ 338353.374454338336363, 3070612.716211593244225 ], [ 338324.744562091771513, 3070641.346103839576244 ], [ 338296.114669845206663, 3070641.346103839576244 ] ] } },
{ "type": "Feature", "properties": { "FID": 211, "STRM_VAL": 1.0, "stream_id": 211, "strahler": 2, "upstream_cells": 23153.0, "length_m": 3442.0401540914313 }, "geometry": { "type": "LineString", "coordinates": [ [ 338296.114669845206663, 3070641.346103839576244 ], [ 338181.59510085900547, 3070526.826534853782505 ], [ 338181.59510085900547, 3070498.196642606984824 ], [ 338124.335316365933977, 3070498.196642606984824 ], [ 338067.075531872804277, 3070440.936858113855124 ], [ 338038.445639626239426, 3070440.936858113855124 ], [ 338009.815747379732784, 3070412.306965867523104 ], [ 337981.185855133167934, 3070412.306965867523104 ], [ 337952.555962886603083, 3070383.677073620725423 ], [ 337923.926070640038233, 3070383.677073620725423 ], [ 337923.926070640038233, 3070326.417289127595723 ], [ 337895.296178393473383, 3070297.787396881263703 ], [ 337895.296178393473383, 3070269.157504634466022 ], [ 337866.66628614696674, 3070240.527612388134003 ], [ 337866.66628614696674, 3070211.897720141336322 ], [ 337809.40650165383704, 3070154.637935648206621 ], [ 337809.40650165383704, 3070040.118366661947221 ], [ 337752.14671716070734, 3069982.858582169283181 ], [ 337723.516824914200697, 3069982.858582169283181 ], [ 337694.886932667635847, 3069954.228689922485501 ], [ 337780.77660940727219, 3069868.339013183023781 ], [ 337666.257040421070997, 3069753.81944419676438 ], [ 337637.627148174506146, 3069753.81944419676438 ], [ 337637.627148174506146, 3069696.559659703634679 ], [ 337608.997255927999504, 3069667.929767456836998 ], [ 337608.997255927999504, 3069639.299875210504979 ], [ 337637.627148174506146, 3069639.299875210504979 ], [ 337666.257040421070997, 3069610.669982963707298 ], [ 337694.886932667635847, 3069610.669982963707298 ], [ 337752.14671716070734, 3069553.410198470577598 ], [ 337809.40650165383704, 3069553.410198470577598 ], [ 337809.40650165383704, 3069524.780306224245578 ], [ 337752.14671716070734, 3069467.520521731115878 ], [ 337752.14671716070734, 3069381.630844991654158 ], [ 337780.77660940727219, 3069353.000952744856477 ], [ 337780.77660940727219, 3069267.111276005394757 ], [ 337694.886932667635847, 3069181.221599265467376 ], [ 337694.886932667635847, 3069095.331922526005656 ], [ 337637.627148174506146, 3069038.072138032875955 ], [ 337637.627148174506146, 3068980.812353539746255 ], [ 337551.737471434869803, 3068894.922676800284535 ], [ 337437.21790244866861, 3068894.922676800284535 ], [ 337408.58801020210376, 3068866.292784553486854 ], [ 337408.58801020210376, 3068694.513431074097753 ], [ 337322.698333462467417, 3068608.623754334636033 ], [ 337322.698333462467417, 3068579.993862087838352 ], [ 337379.95811795553891, 3068522.734077594708651 ], [ 337379.95811795553891, 3068179.17537063639611 ], [ 337408.58801020210376, 3068150.545478389598429 ] ] } },
{ "type": "Feature", "properties": { "FID": 212, "STRM_VAL": 1.0, "stream_id": 212, "strahler": 1, "upstream_cells": 4426.0, "length_m": 1485.0341623468876 }, "geometry": { "type": "LineString", "coordinates": [ [ 354157.074974435323384, 3070669.975996086373925 ], [ 354214.334758928453084, 3070669.975996086373925 ], [ 354242.964651175017934, 3070698.605888332705945 ], [ 354271.594543421524577, 3070698.605888332705945 ], [ 354328.854327914654277, 3070755.865672825835645 ], [ 354357.484220161219127, 3070755.865672825835645 ], [ 354386.114112407783978, 3070784.495565072633326 ], [ 354414.74400465429062, 3070784.495565072633326 ], [ 354443.37389690085547, 3070813.125457318965346 ], [ 354500.633681393985171, 3070813.125457318965346 ], [ 354529.263573640491813, 3070841.755349565763026 ], [ 354557.893465887056664, 3070841.755349565763026 ], [ 354586.523358133621514, 3070870.385241812095046 ], [ 354672.413034873257857, 3070870.385241812095046 ], [ 354729.672819366387557, 3070813.125457318965346 ], [ 354872.822280599153601, 3070813.125457318965346 ], [ 354930.082065092283301, 3070870.385241812095046 ], [ 354958.711957338789944, 3070870.385241812095046 ], [ 354987.341849585354794, 3070899.015134058892727 ], [ 355044.601634078484494, 3070899.015134058892727 ], [ 355073.231526324991137, 3070927.645026305224746 ], [ 355101.861418571555987, 3070927.645026305224746 ], [ 355187.751095311250538, 3071013.534703045152128 ], [ 355273.640772050886881, 3071013.534703045152128 ], [ 355330.900556543958373, 3070956.274918552022427 ], [ 355388.160341037088074, 3070956.274918552022427 ], [ 355416.790233283652924, 3070927.645026305224746 ] ] } },
{ "type": "Feature", "properties": { "FID": 213, "STRM_VAL": 1.0, "stream_id": 213, "strahler": 1, "upstream_cells": 8347.0, "length_m": 4441.2089335866676 }, "geometry": { "type": "LineString", "coordinates": [ [ 347171.381266276526731, 3071156.684164277743548 ], [ 347142.75137402996188, 3071128.054272030945867 ], [ 347142.75137402996188, 3071013.534703045152128 ], [ 347200.011158523091581, 3070956.274918552022427 ], [ 347200.011158523091581, 3070870.385241812095046 ], [ 347171.381266276526731, 3070841.755349565763026 ], [ 347171.381266276526731, 3070784.495565072633326 ], [ 347200.011158523091581, 3070755.865672825835645 ], [ 347200.011158523091581, 3070612.716211593244225 ], [ 347171.381266276526731, 3070584.086319346446544 ], [ 347171.381266276526731, 3070498.196642606984824 ], [ 347200.011158523091581, 3070469.566750360652804 ], [ 347200.011158523091581, 3070440.936858113855124 ], [ 347171.381266276526731, 3070412.306965867523104 ], [ 347171.381266276526731, 3070383.677073620725423 ], [ 347114.12148178339703, 3070326.417289127595723 ], [ 347114.12148178339703, 3070154.637935648206621 ], [ 347085.491589536890388, 3070126.008043401874602 ], [ 347085.491589536890388, 3070097.378151155076921 ], [ 347056.861697290325537, 3070068.748258908744901 ], [ 347056.861697290325537, 3069925.598797676153481 ], [ 346999.601912797195837, 3069868.339013183023781 ], [ 346999.601912797195837, 3069839.7091209362261 ], [ 347028.231805043760687, 3069811.07922868989408 ], [ 347028.231805043760687, 3069725.189551949966699 ], [ 346970.972020550630987, 3069667.929767456836998 ], [ 346970.972020550630987, 3069524.780306224245578 ], [ 347028.231805043760687, 3069467.520521731115878 ], [ 347028.231805043760687, 3069410.260737237986177 ], [ 347171.381266276526731, 3069267.111276005394757 ], [ 347200.011158523091581, 3069267.111276005394757 ], [ 347257.270943016163073, 3069209.851491512265056 ], [ 347257.270943016163073, 3069181.221599265467376 ], [ 347228.641050769598223, 3069152.591707019135356 ], [ 347228.641050769598223, 3069123.961814772337675 ], [ 347257.270943016163073, 3069095.331922526005656 ], [ 347200.011158523091581, 3069038.072138032875955 ], [ 347200.011158523091581, 3068952.182461292948574 ], [ 347228.641050769598223, 3068923.552569046616554 ], [ 347228.641050769598223, 3068866.292784553486854 ], [ 347200.011158523091581, 3068837.662892307154834 ], [ 347200.011158523091581, 3068809.033000060357153 ], [ 347228.641050769598223, 3068780.403107814025134 ], [ 347228.641050769598223, 3068694.513431074097753 ], [ 347200.011158523091581, 3068665.883538827765733 ], [ 347228.641050769598223, 3068637.253646580968052 ], [ 347228.641050769598223, 3068522.734077594708651 ], [ 347200.011158523091581, 3068494.104185348376632 ], [ 347200.011158523091581, 3068465.474293101578951 ], [ 347085.491589536890388, 3068350.954724115785211 ], [ 347085.491589536890388, 3068322.32483186898753 ], [ 347056.861697290325537, 3068322.32483186898753 ], [ 346970.972020550630987, 3068236.43515512952581 ], [ 346913.712236057559494, 3068236.43515512952581 ], [ 346913.712236057559494, 3068064.655801650136709 ], [ 346970.972020550630987, 3068007.396017157007009 ], [ 346970.972020550630987, 3067950.136232663877308 ], [ 346942.342128304124344, 3067921.506340417079628 ], [ 346885.082343810994644, 3067921.506340417079628 ], [ 346827.822559317864943, 3067864.246555923949927 ], [ 346713.30299033166375, 3067864.246555923949927 ], [ 346713.30299033166375, 3067835.616663677617908 ], [ 346684.6730980850989, 3067806.986771431285888 ], [ 346684.6730980850989, 3067663.837310198228806 ], [ 346627.413313592027407, 3067606.577525705099106 ] ] } },
{ "type": "Feature", "properties": { "FID": 214, "STRM_VAL": 1.0, "stream_id": 214, "strahler": 1, "upstream_cells": 4180.0, "length_m": 1041.6922251943886 }, "geometry": { "type": "LineString", "coordinates": [ [ 331883.018806617474183, 3071299.833625510334969 ], [ 331883.018806617474183, 3071271.203733264002949 ], [ 332054.798160096805077, 3071271.203733264002949 ], [ 332169.31772908300627, 3071156.684164277743548 ], [ 332169.31772908300627, 3071070.794487538281828 ], [ 332255.207405822642613, 3070984.904810798354447 ], [ 332255.207405822642613, 3070841.755349565763026 ], [ 332398.356867055408657, 3070698.605888332705945 ], [ 332398.356867055408657, 3070612.716211593244225 ], [ 332426.986759301973507, 3070584.086319346446544 ] ] } },
{ "type": "Feature", "properties": { "FID": 215, "STRM_VAL": 1.0, "stream_id": 215, "strahler": 2, "upstream_cells": 27925.0, "length_m": 1806.9097537850539 }, "geometry": { "type": "LineString", "coordinates": [ [ 332426.986759301973507, 3070584.086319346446544 ], [ 332426.986759301973507, 3070412.306965867523104 ], [ 332455.616651548538357, 3070383.677073620725423 ], [ 332455.616651548538357, 3070355.047181374393404 ], [ 332484.246543795045, 3070326.417289127595723 ], [ 332484.246543795045, 3069782.449336443096399 ], [ 332598.7661127813044, 3069667.929767456836998 ], [ 332656.025897274375893, 3069667.929767456836998 ], [ 332970.95471198647283, 3069353.000952744856477 ], [ 333028.214496479544323, 3069353.000952744856477 ], [ 333056.844388726109173, 3069324.371060498524457 ], [ 333056.844388726109173, 3069267.111276005394757 ], [ 333171.363957712310366, 3069152.591707019135356 ] ] } },
{ "type": "Feature", "properties": { "FID": 216, "STRM_VAL": 1.0, "stream_id": 216, "strahler": 3, "upstream_cells": 72229.0, "length_m": 896.5081001659405 }, "geometry": { "type": "LineString", "coordinates": [ [ 333171.363957712310366, 3069152.591707019135356 ], [ 333142.734065465803724, 3069123.961814772337675 ], [ 333142.734065465803724, 3068980.812353539746255 ], [ 333114.104173219238874, 3068952.182461292948574 ], [ 333114.104173219238874, 3068694.513431074097753 ], [ 333285.883526698569767, 3068522.734077594708651 ], [ 333457.662880177842453, 3068522.734077594708651 ] ] } },
{ "type": "Feature", "properties": { "FID": 217, "STRM_VAL": 1.0, "stream_id": 217, "strahler": 1, "upstream_cells": 7032.0, "length_m": 2507.9207211563148 }, "geometry": { "type": "LineString", "coordinates": [ [ 341617.182170445332304, 3071357.093410003464669 ], [ 341645.812062691897154, 3071328.463517757132649 ], [ 341674.441954938462004, 3071328.463517757132649 ], [ 341703.071847184968647, 3071299.833625510334969 ], [ 341703.071847184968647, 3071271.203733264002949 ], [ 341731.701739431533497, 3071242.573841017205268 ], [ 341731.701739431533497, 3071213.943948770873249 ], [ 341817.59141617116984, 3071128.054272030945867 ], [ 341817.59141617116984, 3071070.794487538281828 ], [ 341874.85120066429954, 3071013.534703045152128 ], [ 341874.85120066429954, 3070813.125457318965346 ], [ 341903.48109291086439, 3070784.495565072633326 ], [ 341903.48109291086439, 3070755.865672825835645 ], [ 341874.85120066429954, 3070727.235780579503626 ], [ 341874.85120066429954, 3070641.346103839576244 ], [ 341846.22130841773469, 3070612.716211593244225 ], [ 341846.22130841773469, 3070584.086319346446544 ], [ 341817.59141617116984, 3070555.456427100114524 ], [ 341817.59141617116984, 3070355.047181374393404 ], [ 341788.961523924663197, 3070326.417289127595723 ], [ 341817.59141617116984, 3070297.787396881263703 ], [ 341817.59141617116984, 3070211.897720141336322 ], [ 341788.961523924663197, 3070183.267827895004302 ], [ 341788.961523924663197, 3070097.378151155076921 ], [ 341817.59141617116984, 3070068.748258908744901 ], [ 341788.961523924663197, 3070040.118366661947221 ], [ 341788.961523924663197, 3069954.228689922485501 ], [ 341674.441954938462004, 3069839.7091209362261 ], [ 341674.441954938462004, 3069782.449336443096399 ], [ 341617.182170445332304, 3069725.189551949966699 ], [ 341474.03270921256626, 3069725.189551949966699 ], [ 341445.40281696600141, 3069696.559659703634679 ], [ 341416.77292471943656, 3069696.559659703634679 ], [ 341330.883247979800217, 3069610.669982963707298 ], [ 341330.883247979800217, 3069582.040090717375278 ], [ 341302.253355733235367, 3069553.410198470577598 ], [ 341302.253355733235367, 3069410.260737237986177 ], [ 341273.623463486670516, 3069410.260737237986177 ] ] } },
{ "type": "Feature", "properties": { "FID": 218, "STRM_VAL": 1.0, "stream_id": 218, "strahler": 1, "upstream_cells": 15375.0, "length_m": 5734.8152907299209 }, "geometry": { "type": "LineString", "coordinates": [ [ 350807.3775815886911, 3071500.242871236521751 ], [ 350864.637366081820801, 3071442.98308674339205 ], [ 350864.637366081820801, 3071385.72330225026235 ], [ 351007.786827314528637, 3071242.573841017205268 ], [ 351007.786827314528637, 3071185.314056524075568 ], [ 350979.156935068021994, 3071156.684164277743548 ], [ 350979.156935068021994, 3071128.054272030945867 ], [ 350950.527042821457144, 3071099.424379784613848 ], [ 350950.527042821457144, 3071070.794487538281828 ], [ 350921.897150574892294, 3071042.164595291484147 ], [ 350921.897150574892294, 3070984.904810798354447 ], [ 350893.267258328327443, 3070956.274918552022427 ], [ 350893.267258328327443, 3070870.385241812095046 ], [ 350836.007473835255951, 3070813.125457318965346 ], [ 350836.007473835255951, 3070784.495565072633326 ], [ 350807.3775815886911, 3070755.865672825835645 ], [ 350807.3775815886911, 3070727.235780579503626 ], [ 350778.74768934212625, 3070727.235780579503626 ], [ 350778.74768934212625, 3070698.605888332705945 ], [ 350721.487904849054758, 3070641.346103839576244 ], [ 350721.487904849054758, 3070612.716211593244225 ], [ 350635.598228109360207, 3070526.826534853782505 ], [ 350635.598228109360207, 3070498.196642606984824 ], [ 350578.338443616288714, 3070440.936858113855124 ], [ 350521.078659123159014, 3070440.936858113855124 ], [ 350492.448766876594163, 3070412.306965867523104 ], [ 350463.818874630029313, 3070412.306965867523104 ], [ 350406.559090136957821, 3070355.047181374393404 ], [ 350406.559090136957821, 3070297.787396881263703 ], [ 350377.92919789039297, 3070269.157504634466022 ], [ 350377.92919789039297, 3070240.527612388134003 ], [ 350349.29930564382812, 3070211.897720141336322 ], [ 350349.29930564382812, 3070183.267827895004302 ], [ 350320.669413397321478, 3070183.267827895004302 ], [ 350292.039521150756627, 3070154.637935648206621 ], [ 350292.039521150756627, 3070126.008043401874602 ], [ 350263.409628904191777, 3070097.378151155076921 ], [ 350263.409628904191777, 3070040.118366661947221 ], [ 350234.779736657626927, 3070011.488474415615201 ], [ 350234.779736657626927, 3069982.858582169283181 ], [ 350148.890059917990584, 3069896.9689054293558 ], [ 350148.890059917990584, 3069868.339013183023781 ], [ 350091.630275424860884, 3069811.07922868989408 ], [ 350034.370490931789391, 3069811.07922868989408 ], [ 349977.11070643865969, 3069753.81944419676438 ], [ 349948.48081419209484, 3069753.81944419676438 ], [ 349948.48081419209484, 3069725.189551949966699 ], [ 349891.221029699023347, 3069725.189551949966699 ], [ 349862.591137452458497, 3069696.559659703634679 ], [ 349833.961245205893647, 3069696.559659703634679 ], [ 349776.701460712822154, 3069639.299875210504979 ], [ 349748.071568466257304, 3069639.299875210504979 ], [ 349719.441676219692454, 3069610.669982963707298 ], [ 349690.811783973127604, 3069610.669982963707298 ], [ 349662.181891726562753, 3069582.040090717375278 ], [ 349662.181891726562753, 3069553.410198470577598 ], [ 349633.551999480056111, 3069524.780306224245578 ], [ 349633.551999480056111, 3069496.150413977447897 ], [ 349375.882969261088874, 3069238.481383758597076 ], [ 349375.882969261088874, 3069181.221599265467376 ], [ 349289.993292521394324, 3069095.331922526005656 ], [ 349289.993292521394324, 3068952.182461292948574 ], [ 349232.733508028322831, 3068894.922676800284535 ], [ 349232.733508028322831, 3068751.773215567227453 ], [ 349204.103615781757981, 3068723.143323320895433 ], [ 349204.103615781757981, 3068694.513431074097753 ], [ 349118.21393904206343, 3068608.623754334636033 ], [ 349118.21393904206343, 3068236.43515512952581 ], [ 349146.84383128862828, 3068207.80526288272813 ], [ 349146.84383128862828, 3068064.655801650136709 ], [ 349089.584046795556787, 3068007.396017157007009 ], [ 349089.584046795556787, 3067950.136232663877308 ], [ 349060.954154548991937, 3067921.506340417079628 ], [ 349060.954154548991937, 3067835.616663677617908 ], [ 349032.324262302427087, 3067806.986771431285888 ], [ 349089.584046795556787, 3067749.726986938156188 ], [ 349089.584046795556787, 3067721.097094691358507 ], [ 349146.84383128862828, 3067663.837310198228806 ], [ 349146.84383128862828, 3067606.577525705099106 ], [ 349118.21393904206343, 3067577.947633458767086 ], [ 349118.21393904206343, 3067549.317741211969405 ], [ 349146.84383128862828, 3067520.687848965637386 ], [ 349175.47372353519313, 3067520.687848965637386 ], [ 349175.47372353519313, 3067463.428064472507685 ], [ 349118.21393904206343, 3067406.168279979377985 ], [ 349118.21393904206343, 3067291.648710993118584 ], [ 349089.584046795556787, 3067263.018818746786565 ], [ 349089.584046795556787, 3067234.388926499988884 ], [ 349032.324262302427087, 3067177.129142006859183 ], [ 349003.694370055862237, 3067177.129142006859183 ], [ 348946.434585562790744, 3067119.869357513729483 ] ] } },
{ "type": "Feature", "properties": { "FID": 219, "STRM_VAL": 1.0, "stream_id": 219, "strahler": 1, "upstream_cells": 4298.0, "length_m": 1453.5268209649569 }, "geometry": { "type": "LineString", "coordinates": [ [ 325097.734344184515066, 3072187.360285153612494 ], [ 325126.364236431079917, 3072215.990177399944514 ], [ 325126.364236431079917, 3072244.620069646742195 ], [ 325154.994128677644767, 3072273.249961893074214 ], [ 325154.994128677644767, 3072301.879854139871895 ], [ 325269.51369766384596, 3072416.399423126131296 ], [ 325269.51369766384596, 3072445.029315372463316 ], [ 325355.403374403482303, 3072530.918992112390697 ], [ 325355.403374403482303, 3072588.178776605520397 ], [ 325441.293051143118646, 3072674.068453344982117 ], [ 325441.293051143118646, 3072702.698345591779798 ], [ 325527.182727882813197, 3072788.588022331241518 ], [ 325555.812620129378047, 3072788.588022331241518 ], [ 325613.07240462244954, 3072845.847806824371219 ], [ 325613.07240462244954, 3072874.477699070703238 ], [ 325641.70229686901439, 3072903.107591317500919 ], [ 325641.70229686901439, 3072931.737483563832939 ], [ 325813.481650348345283, 3073103.51683704322204 ], [ 325813.481650348345283, 3073246.666298276279122 ], [ 325756.221865855215583, 3073303.926082768943161 ] ] } },
{ "type": "Feature", "properties": { "FID": 220, "STRM_VAL": 1.0, "stream_id": 220, "strahler": 3, "upstream_cells": 47285.0, "length_m": 1117.7576760720035 }, "geometry": { "type": "LineString", "coordinates": [ [ 325756.221865855215583, 3073303.926082768943161 ], [ 325698.96208136214409, 3073361.185867262072861 ], [ 325641.70229686901439, 3073361.185867262072861 ], [ 325613.07240462244954, 3073332.555975015740842 ], [ 325555.812620129378047, 3073332.555975015740842 ], [ 325469.922943389683496, 3073418.445651755202562 ], [ 325355.403374403482303, 3073303.926082768943161 ], [ 325326.773482156917453, 3073303.926082768943161 ], [ 325298.14358991041081, 3073275.296190522611141 ], [ 325183.624020924151409, 3073275.296190522611141 ], [ 325154.994128677644767, 3073303.926082768943161 ], [ 325040.474559691385366, 3073303.926082768943161 ], [ 324925.954990705184173, 3073418.445651755202562 ], [ 324925.954990705184173, 3073475.705436248332262 ], [ 324897.32509845867753, 3073504.335328495129943 ] ] } },
{ "type": "Feature", "properties": { "FID": 221, "STRM_VAL": 1.0, "stream_id": 221, "strahler": 3, "upstream_cells": 56019.0, "length_m": 2685.8040660232427 }, "geometry": { "type": "LineString", "coordinates": [ [ 324897.32509845867753, 3073504.335328495129943 ], [ 324840.06531396554783, 3073561.595112988259643 ], [ 324811.43542171898298, 3073561.595112988259643 ], [ 324754.175637225911487, 3073618.854897481389344 ], [ 324725.545744979346637, 3073618.854897481389344 ], [ 324696.915852732781786, 3073590.225005234591663 ], [ 324496.506607006886043, 3073590.225005234591663 ], [ 324410.6169302672497, 3073504.335328495129943 ], [ 324324.727253527613357, 3073504.335328495129943 ], [ 324296.097361281048506, 3073532.965220741461962 ], [ 324267.467469034483656, 3073532.965220741461962 ], [ 324238.837576787918806, 3073561.595112988259643 ], [ 324152.947900048282463, 3073561.595112988259643 ], [ 324067.05822330864612, 3073475.705436248332262 ], [ 323981.168546568951569, 3073475.705436248332262 ], [ 323895.278869829315227, 3073389.815759508870542 ], [ 323895.278869829315227, 3073361.185867262072861 ], [ 323752.129408596549183, 3073218.036406029481441 ], [ 323723.499516349984333, 3073218.036406029481441 ], [ 323694.869624103419483, 3073189.406513783149421 ], [ 323666.23973185691284, 3073189.406513783149421 ], [ 323580.35005511721829, 3073275.296190522611141 ], [ 323551.720162870653439, 3073275.296190522611141 ], [ 323408.570701637887396, 3073132.146729290019721 ], [ 323379.940809391380753, 3073132.146729290019721 ], [ 323351.310917144815903, 3073160.77662153635174 ], [ 323351.310917144815903, 3073189.406513783149421 ], [ 323265.42124040517956, 3073275.296190522611141 ], [ 323236.79134815861471, 3073275.296190522611141 ], [ 323122.271779172413517, 3073160.77662153635174 ], [ 323036.382102432718966, 3073160.77662153635174 ], [ 322893.232641199952923, 3073303.926082768943161 ], [ 322778.71307221375173, 3073303.926082768943161 ] ] } },
{ "type": "Feature", "properties": { "FID": 222, "STRM_VAL": 1.0, "stream_id": 222, "strahler": 3, "upstream_cells": 69466.0, "length_m": 2667.8411849783379 }, "geometry": { "type": "LineString", "coordinates": [ [ 322778.71307221375173, 3073303.926082768943161 ], [ 322778.71307221375173, 3073246.666298276279122 ], [ 322750.083179967186879, 3073218.036406029481441 ], [ 322750.083179967186879, 3073017.62716030376032 ], [ 322721.453287720680237, 3072988.997268056962639 ], [ 322664.193503227550536, 3072988.997268056962639 ], [ 322635.563610980985686, 3073017.62716030376032 ], [ 322521.044041994784493, 3073017.62716030376032 ], [ 322492.414149748219643, 3072988.997268056962639 ], [ 322492.414149748219643, 3072960.36737581063062 ], [ 322463.784257501654793, 3072960.36737581063062 ], [ 322349.264688515453599, 3073074.88694479689002 ], [ 322292.004904022382107, 3073074.88694479689002 ], [ 322263.375011775817256, 3073046.25705255009234 ], [ 322234.745119529252406, 3073046.25705255009234 ], [ 322148.855442789616063, 3072960.36737581063062 ], [ 322091.595658296486363, 3072960.36737581063062 ], [ 322062.965766049921513, 3072931.737483563832939 ], [ 321977.07608931028517, 3072931.737483563832939 ], [ 321862.556520324083976, 3073046.25705255009234 ], [ 321805.296735830954276, 3073046.25705255009234 ], [ 321776.666843584447633, 3073017.62716030376032 ], [ 321490.367921118915547, 3073017.62716030376032 ], [ 321433.108136625785846, 3073074.88694479689002 ], [ 321404.478244379220996, 3073074.88694479689002 ], [ 321404.478244379220996, 3073103.51683704322204 ], [ 321318.588567639584653, 3073189.406513783149421 ], [ 321204.06899865338346, 3073189.406513783149421 ], [ 321175.43910640681861, 3073160.77662153635174 ], [ 320946.399968434416223, 3073160.77662153635174 ], [ 320917.770076187851373, 3073189.406513783149421 ], [ 320803.25050720165018, 3073189.406513783149421 ], [ 320745.99072270852048, 3073246.666298276279122 ] ] } },
{ "type": "Feature", "properties": { "FID": 223, "STRM_VAL": 1.0, "stream_id": 223, "strahler": 3, "upstream_cells": 93152.0, "length_m": 2354.9470340621142 }, "geometry": { "type": "LineString", "coordinates": [ [ 320745.99072270852048, 3073246.666298276279122 ], [ 320717.360830461955629, 3073246.666298276279122 ], [ 320688.730938215448987, 3073275.296190522611141 ], [ 320631.471153722319286, 3073275.296190522611141 ], [ 320488.321692489553243, 3073132.146729290019721 ], [ 320488.321692489553243, 3073103.51683704322204 ], [ 320516.951584736118093, 3073074.88694479689002 ], [ 320516.951584736118093, 3073046.25705255009234 ], [ 320459.691800242988393, 3072988.997268056962639 ], [ 320459.691800242988393, 3072960.36737581063062 ], [ 320345.1722312567872, 3072845.847806824371219 ], [ 320230.652662270586006, 3072845.847806824371219 ], [ 320202.022770024021156, 3072817.217914577573538 ], [ 320173.392877777456306, 3072817.217914577573538 ], [ 320144.762985530949663, 3072845.847806824371219 ], [ 319972.98363205161877, 3072845.847806824371219 ], [ 319858.464063065417577, 3072731.328237838111818 ], [ 319629.424925092956983, 3072731.328237838111818 ], [ 319543.53524835332064, 3072817.217914577573538 ], [ 319486.275463860190939, 3072817.217914577573538 ], [ 319457.645571613684297, 3072788.588022331241518 ], [ 319429.015679367119446, 3072788.588022331241518 ], [ 319371.755894873989746, 3072845.847806824371219 ], [ 319285.866218134353403, 3072759.958130084443837 ], [ 319257.236325887788553, 3072788.588022331241518 ], [ 319142.71675690158736, 3072788.588022331241518 ], [ 319142.71675690158736, 3072731.328237838111818 ], [ 319056.827080161951017, 3072645.438561098650098 ], [ 318970.937403422256466, 3072645.438561098650098 ] ] } },
{ "type": "Feature", "properties": { "FID": 224, "STRM_VAL": 1.0, "stream_id": 224, "strahler": 3, "upstream_cells": 104877.0, "length_m": 1623.2715106476362 }, "geometry": { "type": "LineString", "coordinates": [ [ 318970.937403422256466, 3072645.438561098650098 ], [ 318741.89826544985408, 3072645.438561098650098 ], [ 318656.008588710217737, 3072731.328237838111818 ], [ 318627.378696463652886, 3072702.698345591779798 ], [ 318570.118911970523186, 3072702.698345591779798 ], [ 318512.859127477451693, 3072645.438561098650098 ], [ 318455.599342984321993, 3072645.438561098650098 ], [ 318398.3395584912505, 3072702.698345591779798 ], [ 318369.70966624468565, 3072702.698345591779798 ], [ 318312.449881751555949, 3072759.958130084443837 ], [ 318255.190097258484457, 3072759.958130084443837 ], [ 318197.930312765354756, 3072702.698345591779798 ], [ 318197.930312765354756, 3072674.068453344982117 ], [ 318169.300420518789906, 3072674.068453344982117 ], [ 318140.670528272225056, 3072702.698345591779798 ], [ 318083.410743779153563, 3072702.698345591779798 ], [ 318054.780851532588713, 3072731.328237838111818 ], [ 318026.150959286023863, 3072731.328237838111818 ], [ 317997.521067039459012, 3072702.698345591779798 ], [ 317854.371605806751177, 3072702.698345591779798 ], [ 317739.852036820491776, 3072588.178776605520397 ], [ 317739.852036820491776, 3072530.918992112390697 ], [ 317682.592252327420283, 3072473.659207619260997 ] ] } },
{ "type": "Feature", "properties": { "FID": 225, "STRM_VAL": 1.0, "stream_id": 225, "strahler": 1, "upstream_cells": 4408.0, "length_m": 1092.0052329609234 }, "geometry": { "type": "LineString", "coordinates": [ [ 326729.638202238013037, 3072445.029315372463316 ], [ 326701.008309991448186, 3072473.659207619260997 ], [ 326701.008309991448186, 3072530.918992112390697 ], [ 326672.378417744883336, 3072559.548884358722717 ], [ 326672.378417744883336, 3072874.477699070703238 ], [ 326615.118633251811843, 3072931.737483563832939 ], [ 326615.118633251811843, 3072960.36737581063062 ], [ 326586.488741005246993, 3072960.36737581063062 ], [ 326529.228956512117293, 3073017.62716030376032 ], [ 326529.228956512117293, 3073046.25705255009234 ], [ 326471.9691720190458, 3073103.51683704322204 ], [ 326471.9691720190458, 3073303.926082768943161 ], [ 326529.228956512117293, 3073361.185867262072861 ], [ 326529.228956512117293, 3073389.815759508870542 ] ] } },
{ "type": "Feature", "properties": { "FID": 226, "STRM_VAL": 1.0, "stream_id": 226, "strahler": 3, "upstream_cells": 40809.0, "length_m": 920.22587948101329 }, "geometry": { "type": "LineString", "coordinates": [ [ 326529.228956512117293, 3073389.815759508870542 ], [ 326471.9691720190458, 3073447.075544002000242 ], [ 326414.7093875259161, 3073447.075544002000242 ], [ 326386.079495279351249, 3073475.705436248332262 ], [ 326328.819710786279757, 3073475.705436248332262 ], [ 326300.189818539714906, 3073447.075544002000242 ], [ 326099.78057281387737, 3073447.075544002000242 ], [ 326071.15068056731252, 3073475.705436248332262 ], [ 326042.52078832074767, 3073475.705436248332262 ], [ 326013.89089607418282, 3073447.075544002000242 ], [ 325870.741434841416776, 3073447.075544002000242 ], [ 325784.851758101780433, 3073361.185867262072861 ], [ 325784.851758101780433, 3073332.555975015740842 ], [ 325756.221865855215583, 3073303.926082768943161 ] ] } },
{ "type": "Feature", "properties": { "FID": 227, "STRM_VAL": 1.0, "stream_id": 227, "strahler": 1, "upstream_cells": 5925.0, "length_m": 2150.4684607447825 }, "geometry": { "type": "LineString", "coordinates": [ [ 328733.730659496679436, 3072502.289099865593016 ], [ 328733.730659496679436, 3072559.548884358722717 ], [ 328705.100767250114586, 3072588.178776605520397 ], [ 328705.100767250114586, 3072731.328237838111818 ], [ 328790.990443989809137, 3072817.217914577573538 ], [ 328790.990443989809137, 3072874.477699070703238 ], [ 328819.620336236315779, 3072903.107591317500919 ], [ 328819.620336236315779, 3072960.36737581063062 ], [ 328848.25022848288063, 3072988.997268056962639 ], [ 328876.88012072944548, 3072988.997268056962639 ], [ 328905.51001297601033, 3073017.62716030376032 ], [ 328905.51001297601033, 3073074.88694479689002 ], [ 328876.88012072944548, 3073074.88694479689002 ], [ 328848.25022848288063, 3073103.51683704322204 ], [ 328819.620336236315779, 3073103.51683704322204 ], [ 328790.990443989809137, 3073132.146729290019721 ], [ 328762.360551743244287, 3073132.146729290019721 ], [ 328733.730659496679436, 3073160.77662153635174 ], [ 328705.100767250114586, 3073160.77662153635174 ], [ 328676.470875003607944, 3073189.406513783149421 ], [ 328504.69152152427705, 3073189.406513783149421 ], [ 328476.0616292777122, 3073218.036406029481441 ], [ 328361.542060291511007, 3073218.036406029481441 ], [ 328361.542060291511007, 3073303.926082768943161 ], [ 328332.912168044946156, 3073332.555975015740842 ], [ 328189.762706812180113, 3073332.555975015740842 ], [ 328161.132814565615263, 3073303.926082768943161 ], [ 328103.87303007254377, 3073303.926082768943161 ], [ 328075.24313782597892, 3073332.555975015740842 ], [ 328046.61324557941407, 3073303.926082768943161 ], [ 327960.723568839777727, 3073303.926082768943161 ], [ 327874.833892100141384, 3073389.815759508870542 ], [ 327846.203999853576533, 3073389.815759508870542 ], [ 327760.314323113881983, 3073475.705436248332262 ], [ 327760.314323113881983, 3073532.965220741461962 ] ] } },
{ "type": "Feature", "properties": { "FID": 228, "STRM_VAL": 1.0, "stream_id": 228, "strahler": 2, "upstream_cells": 16288.0, "length_m": 1058.4632277831377 }, "geometry": { "type": "LineString", "coordinates": [ [ 327760.314323113881983, 3073532.965220741461962 ], [ 327559.905077388044447, 3073532.965220741461962 ], [ 327559.905077388044447, 3073504.335328495129943 ], [ 327445.385508401843254, 3073389.815759508870542 ], [ 327359.495831662148703, 3073389.815759508870542 ], [ 327244.97626267594751, 3073275.296190522611141 ], [ 327216.346370429382659, 3073275.296190522611141 ], [ 327187.716478182876017, 3073303.926082768943161 ], [ 327187.716478182876017, 3073447.075544002000242 ], [ 327130.456693689746317, 3073504.335328495129943 ], [ 327044.567016950109974, 3073504.335328495129943 ], [ 327015.937124703545123, 3073532.965220741461962 ] ] } },
{ "type": "Feature", "properties": { "FID": 229, "STRM_VAL": 1.0, "stream_id": 229, "strahler": 3, "upstream_cells": 34621.0, "length_m": 610.20917770103165 }, "geometry": { "type": "LineString", "coordinates": [ [ 327015.937124703545123, 3073532.965220741461962 ], [ 326901.41755571734393, 3073532.965220741461962 ], [ 326872.78766347077908, 3073561.595112988259643 ], [ 326786.897986731142737, 3073561.595112988259643 ], [ 326615.118633251811843, 3073389.815759508870542 ], [ 326615.118633251811843, 3073361.185867262072861 ], [ 326586.488741005246993, 3073361.185867262072861 ], [ 326557.858848758682143, 3073389.815759508870542 ], [ 326529.228956512117293, 3073389.815759508870542 ] ] } },
{ "type": "Feature", "properties": { "FID": 230, "STRM_VAL": 1.0, "stream_id": 230, "strahler": 1, "upstream_cells": 7601.0, "length_m": 3372.9214799406036 }, "geometry": { "type": "LineString", "coordinates": [ [ 353842.146159723284654, 3072616.808668851852417 ], [ 353842.146159723284654, 3072731.328237838111818 ], [ 353899.405944216356147, 3072788.588022331241518 ], [ 353899.405944216356147, 3072845.847806824371219 ], [ 353985.29562095599249, 3072931.737483563832939 ], [ 354013.92551320255734, 3072931.737483563832939 ], [ 354157.074974435323384, 3073074.88694479689002 ], [ 354157.074974435323384, 3073103.51683704322204 ], [ 354185.704866681888234, 3073132.146729290019721 ], [ 354185.704866681888234, 3073160.77662153635174 ], [ 354300.224435668089427, 3073275.296190522611141 ], [ 354414.74400465429062, 3073275.296190522611141 ], [ 354443.37389690085547, 3073303.926082768943161 ], [ 354500.633681393985171, 3073303.926082768943161 ], [ 354529.263573640491813, 3073332.555975015740842 ], [ 354557.893465887056664, 3073332.555975015740842 ], [ 354615.153250380186364, 3073389.815759508870542 ], [ 354615.153250380186364, 3073418.445651755202562 ], [ 354672.413034873257857, 3073475.705436248332262 ], [ 354701.042927119822707, 3073475.705436248332262 ], [ 354729.672819366387557, 3073504.335328495129943 ], [ 354758.302711612952407, 3073504.335328495129943 ], [ 354815.5624961060239, 3073561.595112988259643 ], [ 354815.5624961060239, 3073590.225005234591663 ], [ 354844.19238835258875, 3073618.854897481389344 ], [ 354844.19238835258875, 3073647.484789727721363 ], [ 355073.231526324991137, 3073647.484789727721363 ], [ 355159.121203064685687, 3073733.374466467648745 ], [ 355187.751095311250538, 3073733.374466467648745 ], [ 355216.38098755775718, 3073762.004358713980764 ], [ 355216.38098755775718, 3073790.634250960778445 ], [ 355273.640772050886881, 3073847.894035453442484 ], [ 355273.640772050886881, 3073876.523927700240165 ], [ 355302.270664297451731, 3073905.153819946572185 ], [ 355302.270664297451731, 3073991.043496686499566 ], [ 355502.679910023289267, 3073991.043496686499566 ], [ 355617.19947900949046, 3074105.563065672758967 ], [ 355645.82937125605531, 3074105.563065672758967 ], [ 355674.459263502620161, 3074134.192957919090986 ], [ 355674.459263502620161, 3074162.822850165888667 ], [ 355703.089155749185011, 3074191.452742412220687 ], [ 355731.719047995749861, 3074191.452742412220687 ], [ 355788.978832488821354, 3074248.712526905350387 ], [ 355960.758185968152247, 3074248.712526905350387 ], [ 356018.017970461281948, 3074305.972311398480088 ], [ 356046.64786270778859, 3074305.972311398480088 ], [ 356075.277754954353441, 3074334.602203644812107 ], [ 356218.427216187119484, 3074334.602203644812107 ] ] } },
{ "type": "Feature", "properties": { "FID": 231, "STRM_VAL": 1.0, "stream_id": 231, "strahler": 2, "upstream_cells": 25112.0, "length_m": 5234.2135690841405 }, "geometry": { "type": "LineString", "coordinates": [ [ 356218.427216187119484, 3074334.602203644812107 ], [ 356304.316892926755827, 3074334.602203644812107 ], [ 356332.946785173320677, 3074363.232095891609788 ], [ 356418.83646191295702, 3074363.232095891609788 ], [ 356533.356030899216421, 3074248.712526905350387 ], [ 356590.615815392287914, 3074248.712526905350387 ], [ 356647.875599885417614, 3074191.452742412220687 ], [ 356647.875599885417614, 3074105.563065672758967 ], [ 356676.505492131982464, 3074076.933173425961286 ], [ 356733.765276625053957, 3074076.933173425961286 ], [ 356762.395168871618807, 3074105.563065672758967 ], [ 356819.654953364748508, 3074105.563065672758967 ], [ 356848.28484561125515, 3074076.933173425961286 ], [ 356848.28484561125515, 3074048.303281179629266 ], [ 356876.91473785782, 3074019.673388932831585 ], [ 356876.91473785782, 3073991.043496686499566 ], [ 357020.064199090586044, 3073847.894035453442484 ], [ 357048.694091337150894, 3073847.894035453442484 ], [ 357077.323983583715744, 3073819.264143207110465 ], [ 357134.583768076787237, 3073819.264143207110465 ], [ 357506.772367281955667, 3073447.075544002000242 ], [ 357506.772367281955667, 3073418.445651755202562 ], [ 357535.402259528520517, 3073389.815759508870542 ], [ 357535.402259528520517, 3073332.555975015740842 ], [ 357850.331074240617454, 3073332.555975015740842 ], [ 357878.960966487182304, 3073361.185867262072861 ], [ 357936.220750980253797, 3073361.185867262072861 ], [ 358108.000104459584691, 3073532.965220741461962 ], [ 358136.629996706149541, 3073532.965220741461962 ], [ 358193.889781199221034, 3073590.225005234591663 ], [ 358251.149565692350734, 3073590.225005234591663 ], [ 358308.409350185422227, 3073647.484789727721363 ], [ 358337.039242431987077, 3073647.484789727721363 ], [ 358422.928919171681628, 3073733.374466467648745 ], [ 358480.18870366475312, 3073733.374466467648745 ], [ 358508.818595911317971, 3073762.004358713980764 ], [ 358537.448488157882821, 3073762.004358713980764 ], [ 358680.597949390648864, 3073905.153819946572185 ], [ 358966.896871856180951, 3073905.153819946572185 ], [ 358995.526764102745801, 3073876.523927700240165 ], [ 359024.156656349252444, 3073905.153819946572185 ], [ 359052.786548595817294, 3073905.153819946572185 ], [ 359081.416440842382144, 3073876.523927700240165 ], [ 359281.82568656821968, 3073876.523927700240165 ], [ 359310.455578814784531, 3073905.153819946572185 ], [ 359367.715363307914231, 3073905.153819946572185 ], [ 359396.345255554420874, 3073933.783712193369865 ], [ 359453.605040047550574, 3073933.783712193369865 ], [ 359568.124609033751767, 3073819.264143207110465 ], [ 359568.124609033751767, 3073762.004358713980764 ], [ 359682.64417801995296, 3073647.484789727721363 ], [ 359682.64417801995296, 3073590.225005234591663 ], [ 359711.274070266517811, 3073561.595112988259643 ], [ 359711.274070266517811, 3073532.965220741461962 ], [ 359768.533854759647511, 3073532.965220741461962 ], [ 359854.423531499283854, 3073447.075544002000242 ], [ 359854.423531499283854, 3073361.185867262072861 ], [ 359940.313208238920197, 3073275.296190522611141 ], [ 360026.202884978614748, 3073275.296190522611141 ], [ 360054.832777225179598, 3073246.666298276279122 ], [ 360140.722453964815941, 3073246.666298276279122 ] ] } },
{ "type": "Feature", "properties": { "FID": 232, "STRM_VAL": 1.0, "stream_id": 232, "strahler": 3, "upstream_cells": 109793.0, "length_m": 4177.7850050964335 }, "geometry": { "type": "LineString", "coordinates": [ [ 360140.722453964815941, 3073246.666298276279122 ], [ 360197.982238457945641, 3073189.406513783149421 ], [ 360255.242022951017134, 3073189.406513783149421 ], [ 360341.131699690711685, 3073103.51683704322204 ], [ 360341.131699690711685, 3073046.25705255009234 ], [ 360427.021376430348027, 3072960.36737581063062 ], [ 360455.651268676912878, 3072960.36737581063062 ], [ 360455.651268676912878, 3072931.737483563832939 ], [ 360484.28116092341952, 3072903.107591317500919 ], [ 360512.91105316998437, 3072931.737483563832939 ], [ 360541.540945416549221, 3072903.107591317500919 ], [ 360541.540945416549221, 3072845.847806824371219 ], [ 360656.060514402750414, 3072731.328237838111818 ], [ 360713.320298895880114, 3072731.328237838111818 ], [ 360827.839867882081307, 3072616.808668851852417 ], [ 360799.209975635516457, 3072588.178776605520397 ], [ 360799.209975635516457, 3072559.548884358722717 ], [ 360827.839867882081307, 3072530.918992112390697 ], [ 360827.839867882081307, 3072502.289099865593016 ], [ 360885.099652375211008, 3072445.029315372463316 ], [ 360885.099652375211008, 3072416.399423126131296 ], [ 360942.359436868282501, 3072359.139638633001596 ], [ 360942.359436868282501, 3072244.620069646742195 ], [ 360913.72954462171765, 3072215.990177399944514 ], [ 360999.619221361412201, 3072130.100500660482794 ], [ 360999.619221361412201, 3072101.470608414150774 ], [ 360942.359436868282501, 3072044.210823921021074 ], [ 360942.359436868282501, 3071986.951039427891374 ], [ 360999.619221361412201, 3071929.691254934761673 ], [ 361085.508898101048544, 3071929.691254934761673 ], [ 361257.288251580379438, 3071757.911901455372572 ], [ 361285.91814382688608, 3071786.541793701704592 ], [ 361285.91814382688608, 3071815.171685948502272 ], [ 361314.54803607345093, 3071843.801578194834292 ], [ 361343.177928320015781, 3071843.801578194834292 ], [ 361457.697497306216974, 3071729.282009208574891 ], [ 361457.697497306216974, 3071586.132547975983471 ], [ 361514.957281799346674, 3071528.87276348285377 ], [ 361514.957281799346674, 3071442.98308674339205 ], [ 361543.587174045911524, 3071414.353194496594369 ], [ 361629.476850785547867, 3071414.353194496594369 ], [ 361686.736635278677568, 3071357.093410003464669 ], [ 361686.736635278677568, 3071328.463517757132649 ], [ 361715.36652752518421, 3071299.833625510334969 ], [ 361715.36652752518421, 3071213.943948770873249 ], [ 361686.736635278677568, 3071185.314056524075568 ], [ 361686.736635278677568, 3071156.684164277743548 ], [ 361629.476850785547867, 3071099.424379784613848 ], [ 361629.476850785547867, 3071070.794487538281828 ], [ 361658.106743032112718, 3071042.164595291484147 ], [ 361658.106743032112718, 3070956.274918552022427 ], [ 361629.476850785547867, 3070927.645026305224746 ], [ 361629.476850785547867, 3070841.755349565763026 ], [ 361715.36652752518421, 3070755.865672825835645 ], [ 361772.626312018313911, 3070755.865672825835645 ], [ 361829.886096511385404, 3070813.125457318965346 ], [ 361887.145881004515104, 3070813.125457318965346 ], [ 361944.405665497644804, 3070755.865672825835645 ], [ 361944.405665497644804, 3070698.605888332705945 ], [ 362001.665449990716297, 3070641.346103839576244 ] ] } },
{ "type": "Feature", "properties": { "FID": 233, "STRM_VAL": 1.0, "stream_id": 233, "strahler": 1, "upstream_cells": 5027.0, "length_m": 603.26240097327263 }, "geometry": { "type": "LineString", "coordinates": [ [ 338983.23208376247203, 3072759.958130084443837 ], [ 338954.602191515965387, 3072759.958130084443837 ], [ 338897.342407022835687, 3072702.698345591779798 ], [ 338897.342407022835687, 3072674.068453344982117 ], [ 338840.082622529705986, 3072616.808668851852417 ], [ 338840.082622529705986, 3072530.918992112390697 ], [ 338811.452730283199344, 3072502.289099865593016 ], [ 338811.452730283199344, 3072244.620069646742195 ] ] } },
{ "type": "Feature", "properties": { "FID": 234, "STRM_VAL": 1.0, "stream_id": 234, "strahler": 2, "upstream_cells": 13539.0, "length_m": 1978.6891072648475 }, "geometry": { "type": "LineString", "coordinates": [ [ 338811.452730283199344, 3072244.620069646742195 ], [ 338811.452730283199344, 3072215.990177399944514 ], [ 338840.082622529705986, 3072187.360285153612494 ], [ 338840.082622529705986, 3072158.730392907280475 ], [ 338868.712514776270837, 3072130.100500660482794 ], [ 338868.712514776270837, 3072044.210823921021074 ], [ 338840.082622529705986, 3072015.580931674223393 ], [ 338840.082622529705986, 3071986.951039427891374 ], [ 338811.452730283199344, 3071958.321147181093693 ], [ 338811.452730283199344, 3071557.502655729651451 ], [ 338782.822838036634494, 3071528.87276348285377 ], [ 338782.822838036634494, 3071442.98308674339205 ], [ 338754.192945790069643, 3071414.353194496594369 ], [ 338725.563053543504793, 3071414.353194496594369 ], [ 338725.563053543504793, 3071328.463517757132649 ], [ 338639.67337680386845, 3071242.573841017205268 ], [ 338582.41359231073875, 3071242.573841017205268 ], [ 338553.783700064232107, 3071213.943948770873249 ], [ 338553.783700064232107, 3071156.684164277743548 ], [ 338496.523915571102407, 3071099.424379784613848 ], [ 338496.523915571102407, 3071070.794487538281828 ], [ 338525.153807817667257, 3071042.164595291484147 ], [ 338553.783700064232107, 3071042.164595291484147 ], [ 338553.783700064232107, 3070984.904810798354447 ], [ 338525.153807817667257, 3070956.274918552022427 ], [ 338525.153807817667257, 3070927.645026305224746 ], [ 338496.523915571102407, 3070899.015134058892727 ], [ 338496.523915571102407, 3070870.385241812095046 ], [ 338296.114669845206663, 3070669.975996086373925 ], [ 338296.114669845206663, 3070641.346103839576244 ] ] } },
{ "type": "Feature", "properties": { "FID": 235, "STRM_VAL": 1.0, "stream_id": 235, "strahler": 1, "upstream_cells": 4347.0, "length_m": 1222.4530191964661 }, "geometry": { "type": "LineString", "coordinates": [ [ 343936.203442416095641, 3072988.997268056962639 ], [ 343964.833334662660491, 3072960.36737581063062 ], [ 344022.093119155731983, 3073017.62716030376032 ], [ 344050.723011402296834, 3073017.62716030376032 ], [ 344107.982795895426534, 3072960.36737581063062 ], [ 344136.612688141933177, 3072960.36737581063062 ], [ 344165.242580388498027, 3072931.737483563832939 ], [ 344165.242580388498027, 3072903.107591317500919 ], [ 344193.872472635062877, 3072874.477699070703238 ], [ 344193.872472635062877, 3072845.847806824371219 ], [ 344222.502364881627727, 3072817.217914577573538 ], [ 344279.76214937469922, 3072817.217914577573538 ], [ 344365.651826114393771, 3072731.328237838111818 ], [ 344365.651826114393771, 3072674.068453344982117 ], [ 344422.911610607465263, 3072616.808668851852417 ], [ 344422.911610607465263, 3072588.178776605520397 ], [ 344508.801287347159814, 3072502.289099865593016 ], [ 344537.431179593666457, 3072502.289099865593016 ], [ 344566.061071840231307, 3072473.659207619260997 ], [ 344594.690964086796157, 3072473.659207619260997 ], [ 344651.950748579925857, 3072416.399423126131296 ], [ 344651.950748579925857, 3072387.769530879333615 ], [ 344680.5806408264325, 3072359.139638633001596 ], [ 344680.5806408264325, 3072330.509746386203915 ], [ 344709.21053307299735, 3072301.879854139871895 ] ] } },
{ "type": "Feature", "properties": { "FID": 236, "STRM_VAL": 1.0, "stream_id": 236, "strahler": 2, "upstream_cells": 47770.0, "length_m": 5360.5920277294381 }, "geometry": { "type": "LineString", "coordinates": [ [ 344709.21053307299735, 3072301.879854139871895 ], [ 344709.21053307299735, 3072244.620069646742195 ], [ 344737.8404253195622, 3072215.990177399944514 ], [ 344737.8404253195622, 3072187.360285153612494 ], [ 344709.21053307299735, 3072158.730392907280475 ], [ 344709.21053307299735, 3072044.210823921021074 ], [ 344680.5806408264325, 3072015.580931674223393 ], [ 344680.5806408264325, 3071958.321147181093693 ], [ 344651.950748579925857, 3071929.691254934761673 ], [ 344651.950748579925857, 3071901.061362687963992 ], [ 344451.541502854030114, 3071700.652116962242872 ], [ 344451.541502854030114, 3071586.132547975983471 ], [ 344422.911610607465263, 3071557.502655729651451 ], [ 344422.911610607465263, 3071471.61297898972407 ], [ 344394.281718360900413, 3071442.98308674339205 ], [ 344394.281718360900413, 3071414.353194496594369 ], [ 344365.651826114393771, 3071385.72330225026235 ], [ 344365.651826114393771, 3071357.093410003464669 ], [ 344337.02193386782892, 3071328.463517757132649 ], [ 344337.02193386782892, 3071271.203733264002949 ], [ 344422.911610607465263, 3071185.314056524075568 ], [ 344422.911610607465263, 3070841.755349565763026 ], [ 344480.171395100594964, 3070841.755349565763026 ], [ 344537.431179593666457, 3070784.495565072633326 ], [ 344537.431179593666457, 3070641.346103839576244 ], [ 344508.801287347159814, 3070612.716211593244225 ], [ 344508.801287347159814, 3070584.086319346446544 ], [ 344480.171395100594964, 3070555.456427100114524 ], [ 344537.431179593666457, 3070498.196642606984824 ], [ 344537.431179593666457, 3070469.566750360652804 ], [ 344480.171395100594964, 3070412.306965867523104 ], [ 344480.171395100594964, 3070383.677073620725423 ], [ 344451.541502854030114, 3070383.677073620725423 ], [ 344394.281718360900413, 3070326.417289127595723 ], [ 344365.651826114393771, 3070326.417289127595723 ], [ 344136.612688141933177, 3070097.378151155076921 ], [ 344079.352903648861684, 3070097.378151155076921 ], [ 343993.463226909167133, 3070011.488474415615201 ], [ 343993.463226909167133, 3069954.228689922485501 ], [ 344022.093119155731983, 3069925.598797676153481 ], [ 344050.723011402296834, 3069925.598797676153481 ], [ 344136.612688141933177, 3069839.7091209362261 ], [ 344136.612688141933177, 3069782.449336443096399 ], [ 344022.093119155731983, 3069782.449336443096399 ], [ 343964.833334662660491, 3069725.189551949966699 ], [ 343821.683873429894447, 3069725.189551949966699 ], [ 343764.424088936764747, 3069667.929767456836998 ], [ 343678.534412197128404, 3069753.81944419676438 ], [ 343621.274627703998704, 3069753.81944419676438 ], [ 343535.384950964362361, 3069667.929767456836998 ], [ 343535.384950964362361, 3069610.669982963707298 ], [ 343478.12516647123266, 3069553.410198470577598 ], [ 343478.12516647123266, 3069496.150413977447897 ], [ 343449.49527422466781, 3069467.520521731115878 ], [ 343449.49527422466781, 3069410.260737237986177 ], [ 343478.12516647123266, 3069381.630844991654158 ], [ 343478.12516647123266, 3069324.371060498524457 ], [ 343449.49527422466781, 3069295.741168251726776 ], [ 343363.605597485031467, 3069295.741168251726776 ], [ 343249.086028498830274, 3069181.221599265467376 ], [ 343134.566459512629081, 3069181.221599265467376 ], [ 343077.30667501949938, 3069238.481383758597076 ], [ 343048.67678277293453, 3069238.481383758597076 ], [ 342991.416998279863037, 3069181.221599265467376 ], [ 342934.157213786733337, 3069181.221599265467376 ], [ 342819.637644800532144, 3069066.702030279207975 ], [ 342733.747968060895801, 3069066.702030279207975 ], [ 342647.85829132120125, 3069152.591707019135356 ] ] } },
{ "type": "Feature", "properties": { "FID": 237, "STRM_VAL": 1.0, "stream_id": 237, "strahler": 1, "upstream_cells": 4434.0, "length_m": 1649.0239537594059 }, "geometry": { "type": "LineString", "coordinates": [ [ 335089.566738231340423, 3072988.997268056962639 ], [ 335032.30695373826893, 3072931.737483563832939 ], [ 335003.67706149170408, 3072931.737483563832939 ], [ 334975.04716924513923, 3072903.107591317500919 ], [ 334946.41727699857438, 3072903.107591317500919 ], [ 334946.41727699857438, 3072874.477699070703238 ], [ 334831.897708012373187, 3072759.958130084443837 ], [ 334831.897708012373187, 3072731.328237838111818 ], [ 334746.008031272736844, 3072645.438561098650098 ], [ 334746.008031272736844, 3072616.808668851852417 ], [ 334774.637923519243486, 3072588.178776605520397 ], [ 334746.008031272736844, 3072559.548884358722717 ], [ 334746.008031272736844, 3072502.289099865593016 ], [ 334774.637923519243486, 3072473.659207619260997 ], [ 334631.48846228653565, 3072330.509746386203915 ], [ 334631.48846228653565, 3072273.249961893074214 ], [ 334688.748246779607143, 3072215.990177399944514 ], [ 334688.748246779607143, 3072187.360285153612494 ], [ 334602.8585700399708, 3072187.360285153612494 ], [ 334516.96889330027625, 3072273.249961893074214 ], [ 334431.079216560639907, 3072187.360285153612494 ], [ 334431.079216560639907, 3072158.730392907280475 ], [ 334345.189539821003564, 3072158.730392907280475 ], [ 334287.929755327873863, 3072101.470608414150774 ], [ 334287.929755327873863, 3072072.840716167353094 ] ] } },
{ "type": "Feature", "properties": { "FID": 238, "STRM_VAL": 1.0, "stream_id": 238, "strahler": 2, "upstream_cells": 22420.0, "length_m": 2440.8367108011334 }, "geometry": { "type": "LineString", "coordinates": [ [ 334287.929755327873863, 3072072.840716167353094 ], [ 334373.819432067510206, 3071986.951039427891374 ], [ 334345.189539821003564, 3071958.321147181093693 ], [ 334345.189539821003564, 3071929.691254934761673 ], [ 334259.299863081309013, 3071843.801578194834292 ], [ 334202.04007858823752, 3071843.801578194834292 ], [ 334116.15040184854297, 3071757.911901455372572 ], [ 334116.15040184854297, 3071643.392332469113171 ], [ 334230.669970834744163, 3071528.87276348285377 ], [ 334116.15040184854297, 3071414.353194496594369 ], [ 334116.15040184854297, 3071385.72330225026235 ], [ 334144.78029409510782, 3071357.093410003464669 ], [ 334144.78029409510782, 3071299.833625510334969 ], [ 334087.520509602036327, 3071242.573841017205268 ], [ 334087.520509602036327, 3071156.684164277743548 ], [ 334116.15040184854297, 3071128.054272030945867 ], [ 334116.15040184854297, 3070841.755349565763026 ], [ 334030.260725108906627, 3070755.865672825835645 ], [ 334030.260725108906627, 3070612.716211593244225 ], [ 333944.371048369270284, 3070612.716211593244225 ], [ 333887.111263876140583, 3070555.456427100114524 ], [ 333887.111263876140583, 3070526.826534853782505 ], [ 333944.371048369270284, 3070469.566750360652804 ], [ 333944.371048369270284, 3070326.417289127595723 ], [ 333887.111263876140583, 3070269.157504634466022 ], [ 333887.111263876140583, 3070183.267827895004302 ], [ 333858.481371629575733, 3070154.637935648206621 ] ] } },
{ "type": "Feature", "properties": { "FID": 239, "STRM_VAL": 1.0, "stream_id": 239, "strahler": 2, "upstream_cells": 41921.0, "length_m": 1370.5145933603726 }, "geometry": { "type": "LineString", "coordinates": [ [ 333858.481371629575733, 3070154.637935648206621 ], [ 333829.851479383069091, 3070126.008043401874602 ], [ 333829.851479383069091, 3070097.378151155076921 ], [ 333715.33191039680969, 3069982.858582169283181 ], [ 333715.33191039680969, 3069725.189551949966699 ], [ 333658.072125903738197, 3069667.929767456836998 ], [ 333658.072125903738197, 3069610.669982963707298 ], [ 333514.922664670972154, 3069467.520521731115878 ], [ 333429.032987931277603, 3069467.520521731115878 ], [ 333371.77320343820611, 3069410.260737237986177 ], [ 333343.14331119164126, 3069410.260737237986177 ], [ 333314.51341894507641, 3069381.630844991654158 ], [ 333314.51341894507641, 3069267.111276005394757 ], [ 333285.883526698569767, 3069238.481383758597076 ], [ 333257.253634452004917, 3069238.481383758597076 ], [ 333171.363957712310366, 3069152.591707019135356 ] ] } },
{ "type": "Feature", "properties": { "FID": 240, "STRM_VAL": 1.0, "stream_id": 240, "strahler": 1, "upstream_cells": 4822.0, "length_m": 2474.378715978939 }, "geometry": { "type": "LineString", "coordinates": [ [ 333486.292772424407303, 3073275.296190522611141 ], [ 333486.292772424407303, 3073103.51683704322204 ], [ 333457.662880177842453, 3073074.88694479689002 ], [ 333457.662880177842453, 3072960.36737581063062 ], [ 333486.292772424407303, 3072931.737483563832939 ], [ 333486.292772424407303, 3072845.847806824371219 ], [ 333514.922664670972154, 3072817.217914577573538 ], [ 333400.40309568477096, 3072702.698345591779798 ], [ 333400.40309568477096, 3072674.068453344982117 ], [ 333371.77320343820611, 3072645.438561098650098 ], [ 333371.77320343820611, 3072616.808668851852417 ], [ 333285.883526698569767, 3072530.918992112390697 ], [ 333285.883526698569767, 3072473.659207619260997 ], [ 333314.51341894507641, 3072445.029315372463316 ], [ 333314.51341894507641, 3072359.139638633001596 ], [ 333285.883526698569767, 3072330.509746386203915 ], [ 333285.883526698569767, 3072044.210823921021074 ], [ 333199.993849958875217, 3071958.321147181093693 ], [ 333171.363957712310366, 3071958.321147181093693 ], [ 333171.363957712310366, 3071901.061362687963992 ], [ 333114.104173219238874, 3071843.801578194834292 ], [ 333114.104173219238874, 3071815.171685948502272 ], [ 333085.474280972674023, 3071786.541793701704592 ], [ 333085.474280972674023, 3071757.911901455372572 ], [ 333056.844388726109173, 3071729.282009208574891 ], [ 333028.214496479544323, 3071757.911901455372572 ], [ 332942.32481973990798, 3071757.911901455372572 ], [ 332856.435143000271637, 3071672.022224715445191 ], [ 332856.435143000271637, 3071614.762440222781152 ], [ 332741.915574014070444, 3071500.242871236521751 ], [ 332741.915574014070444, 3071471.61297898972407 ], [ 332684.655789520940743, 3071414.353194496594369 ], [ 332684.655789520940743, 3071328.463517757132649 ] ] } },
{ "type": "Feature", "properties": { "FID": 241, "STRM_VAL": 1.0, "stream_id": 241, "strahler": 2, "upstream_cells": 18830.0, "length_m": 1100.9866734839175 }, "geometry": { "type": "LineString", "coordinates": [ [ 332684.655789520940743, 3071328.463517757132649 ], [ 332770.545466260577086, 3071242.573841017205268 ], [ 332770.545466260577086, 3071156.684164277743548 ], [ 332741.915574014070444, 3071128.054272030945867 ], [ 332799.175358507141937, 3071070.794487538281828 ], [ 332799.175358507141937, 3071042.164595291484147 ], [ 332856.435143000271637, 3070984.904810798354447 ], [ 332856.435143000271637, 3070956.274918552022427 ], [ 332799.175358507141937, 3070899.015134058892727 ], [ 332799.175358507141937, 3070870.385241812095046 ], [ 332770.545466260577086, 3070841.755349565763026 ], [ 332770.545466260577086, 3070813.125457318965346 ], [ 332656.025897274375893, 3070698.605888332705945 ], [ 332512.87643604160985, 3070698.605888332705945 ], [ 332426.986759301973507, 3070612.716211593244225 ], [ 332426.986759301973507, 3070584.086319346446544 ] ] } },
{ "type": "Feature", "properties": { "FID": 242, "STRM_VAL": 1.0, "stream_id": 242, "strahler": 1, "upstream_cells": 10534.0, "length_m": 3520.9830541046199 }, "geometry": { "type": "LineString", "coordinates": [ [ 332255.207405822642613, 3074248.712526905350387 ], [ 332197.94762132957112, 3074191.452742412220687 ], [ 332197.94762132957112, 3074162.822850165888667 ], [ 332169.31772908300627, 3074134.192957919090986 ], [ 332169.31772908300627, 3073991.043496686499566 ], [ 332140.68783683644142, 3073962.413604439701885 ], [ 332140.68783683644142, 3073933.783712193369865 ], [ 332169.31772908300627, 3073905.153819946572185 ], [ 332140.68783683644142, 3073876.523927700240165 ], [ 332140.68783683644142, 3073762.004358713980764 ], [ 332112.05794458987657, 3073733.374466467648745 ], [ 332112.05794458987657, 3073532.965220741461962 ], [ 332140.68783683644142, 3073504.335328495129943 ], [ 332140.68783683644142, 3073475.705436248332262 ], [ 332197.94762132957112, 3073418.445651755202562 ], [ 332197.94762132957112, 3073303.926082768943161 ], [ 332140.68783683644142, 3073246.666298276279122 ], [ 332140.68783683644142, 3073160.77662153635174 ], [ 332054.798160096805077, 3073074.88694479689002 ], [ 332054.798160096805077, 3073046.25705255009234 ], [ 332026.168267850240227, 3073017.62716030376032 ], [ 332054.798160096805077, 3072988.997268056962639 ], [ 332054.798160096805077, 3072903.107591317500919 ], [ 332112.05794458987657, 3072845.847806824371219 ], [ 332112.05794458987657, 3072645.438561098650098 ], [ 332169.31772908300627, 3072588.178776605520397 ], [ 332169.31772908300627, 3072559.548884358722717 ], [ 332226.577513576077763, 3072502.289099865593016 ], [ 332255.207405822642613, 3072502.289099865593016 ], [ 332283.837298069207463, 3072473.659207619260997 ], [ 332283.837298069207463, 3072244.620069646742195 ], [ 332312.467190315772314, 3072215.990177399944514 ], [ 332312.467190315772314, 3072187.360285153612494 ], [ 332226.577513576077763, 3072101.470608414150774 ], [ 332255.207405822642613, 3072072.840716167353094 ], [ 332255.207405822642613, 3072015.580931674223393 ], [ 332283.837298069207463, 3072015.580931674223393 ], [ 332312.467190315772314, 3071986.951039427891374 ], [ 332312.467190315772314, 3071929.691254934761673 ], [ 332341.097082562278956, 3071929.691254934761673 ], [ 332455.616651548538357, 3071815.171685948502272 ], [ 332455.616651548538357, 3071786.541793701704592 ], [ 332512.87643604160985, 3071729.282009208574891 ], [ 332512.87643604160985, 3071672.022224715445191 ], [ 332541.5063282881747, 3071643.392332469113171 ], [ 332541.5063282881747, 3071586.132547975983471 ], [ 332598.7661127813044, 3071528.87276348285377 ], [ 332598.7661127813044, 3071385.72330225026235 ], [ 332627.396005027811043, 3071357.093410003464669 ], [ 332656.025897274375893, 3071357.093410003464669 ], [ 332684.655789520940743, 3071328.463517757132649 ] ] } },
{ "type": "Feature", "properties": { "FID": 243, "STRM_VAL": 1.0, "stream_id": 243, "strahler": 1, "upstream_cells": 4932.0, "length_m": 1017.9744458787894 }, "geometry": { "type": "LineString", "coordinates": [ [ 325183.624020924151409, 3074305.972311398480088 ], [ 325183.624020924151409, 3074134.192957919090986 ], [ 325154.994128677644767, 3074105.563065672758967 ], [ 325183.624020924151409, 3074076.933173425961286 ], [ 325183.624020924151409, 3073933.783712193369865 ], [ 325212.25391317071626, 3073905.153819946572185 ], [ 325183.624020924151409, 3073876.523927700240165 ], [ 325183.624020924151409, 3073790.634250960778445 ], [ 325154.994128677644767, 3073762.004358713980764 ], [ 325154.994128677644767, 3073704.744574220851064 ], [ 325126.364236431079917, 3073676.114681974519044 ], [ 325097.734344184515066, 3073676.114681974519044 ], [ 325069.104451937950216, 3073647.484789727721363 ], [ 325040.474559691385366, 3073647.484789727721363 ], [ 325011.844667444878723, 3073618.854897481389344 ], [ 324983.214775198313873, 3073618.854897481389344 ], [ 324983.214775198313873, 3073590.225005234591663 ], [ 324897.32509845867753, 3073504.335328495129943 ] ] } },
{ "type": "Feature", "properties": { "FID": 244, "STRM_VAL": 1.0, "stream_id": 244, "strahler": 1, "upstream_cells": 5742.0, "length_m": 3219.9477928455144 }, "geometry": { "type": "LineString", "coordinates": [ [ 353698.996698490518611, 3074449.121772631071508 ], [ 353756.256482983590104, 3074506.381557124201208 ], [ 353813.516267476719804, 3074506.381557124201208 ], [ 353842.146159723284654, 3074535.011449370998889 ], [ 353899.405944216356147, 3074535.011449370998889 ], [ 353928.035836462920997, 3074563.641341617330909 ], [ 353956.665728709485848, 3074563.641341617330909 ], [ 354013.92551320255734, 3074620.901126110460609 ], [ 354071.185297695687041, 3074620.901126110460609 ], [ 354099.815189942251891, 3074649.53101835725829 ], [ 354157.074974435323384, 3074649.53101835725829 ], [ 354185.704866681888234, 3074678.16091060359031 ], [ 354214.334758928453084, 3074678.16091060359031 ], [ 354242.964651175017934, 3074706.79080285038799 ], [ 354271.594543421524577, 3074706.79080285038799 ], [ 354300.224435668089427, 3074735.42069509672001 ], [ 354357.484220161219127, 3074735.42069509672001 ], [ 354386.114112407783978, 3074764.050587343517691 ], [ 354414.74400465429062, 3074764.050587343517691 ], [ 354443.37389690085547, 3074792.68047958984971 ], [ 354529.263573640491813, 3074792.68047958984971 ], [ 354557.893465887056664, 3074764.050587343517691 ], [ 354586.523358133621514, 3074764.050587343517691 ], [ 354643.783142626751214, 3074821.310371836647391 ], [ 354701.042927119822707, 3074821.310371836647391 ], [ 354729.672819366387557, 3074792.68047958984971 ], [ 354758.302711612952407, 3074792.68047958984971 ], [ 354786.932603859517258, 3074764.050587343517691 ], [ 355015.971741831919644, 3074764.050587343517691 ], [ 355044.601634078484494, 3074792.68047958984971 ], [ 355073.231526324991137, 3074792.68047958984971 ], [ 355101.861418571555987, 3074821.310371836647391 ], [ 355130.491310818120837, 3074821.310371836647391 ], [ 355130.491310818120837, 3074849.940264082979411 ], [ 355245.01087980432203, 3074964.459833069238812 ], [ 355245.01087980432203, 3074993.089725315570831 ], [ 355302.270664297451731, 3075050.349509808700532 ], [ 355388.160341037088074, 3075050.349509808700532 ], [ 355416.790233283652924, 3075021.719617562368512 ], [ 355502.679910023289267, 3075021.719617562368512 ], [ 355731.719047995749861, 3074792.68047958984971 ], [ 355731.719047995749861, 3074764.050587343517691 ], [ 355788.978832488821354, 3074706.79080285038799 ], [ 355817.608724735386204, 3074706.79080285038799 ], [ 355932.128293721587397, 3074592.27123386412859 ], [ 355960.758185968152247, 3074592.27123386412859 ], [ 356046.64786270778859, 3074506.381557124201208 ], [ 356046.64786270778859, 3074477.751664877869189 ], [ 356103.907647200918291, 3074477.751664877869189 ], [ 356189.797323940554634, 3074391.861988137941808 ], [ 356189.797323940554634, 3074363.232095891609788 ], [ 356218.427216187119484, 3074334.602203644812107 ] ] } },
{ "type": "Feature", "properties": { "FID": 245, "STRM_VAL": 1.0, "stream_id": 245, "strahler": 1, "upstream_cells": 5372.0, "length_m": 2852.671306572031 }, "geometry": { "type": "LineString", "coordinates": [ [ 329649.88721138634719, 3074620.901126110460609 ], [ 329621.257319139840547, 3074620.901126110460609 ], [ 329563.997534646710847, 3074563.641341617330909 ], [ 329563.997534646710847, 3074535.011449370998889 ], [ 329535.367642400145996, 3074535.011449370998889 ], [ 329363.588288920815103, 3074363.232095891609788 ], [ 329392.218181167379953, 3074334.602203644812107 ], [ 329392.218181167379953, 3074248.712526905350387 ], [ 329363.588288920815103, 3074220.082634659018368 ], [ 329363.588288920815103, 3074191.452742412220687 ], [ 329306.32850442774361, 3074134.192957919090986 ], [ 329277.69861218117876, 3074134.192957919090986 ], [ 329220.438827688107267, 3074076.933173425961286 ], [ 329105.919258701847866, 3074076.933173425961286 ], [ 329020.029581962211523, 3073991.043496686499566 ], [ 328991.399689715646673, 3073991.043496686499566 ], [ 328962.769797469081823, 3074019.673388932831585 ], [ 328934.13990522257518, 3074019.673388932831585 ], [ 328905.51001297601033, 3073991.043496686499566 ], [ 328819.620336236315779, 3073991.043496686499566 ], [ 328762.360551743244287, 3073933.783712193369865 ], [ 328733.730659496679436, 3073933.783712193369865 ], [ 328705.100767250114586, 3073905.153819946572185 ], [ 328619.211090510478243, 3073905.153819946572185 ], [ 328561.951306017348543, 3073847.894035453442484 ], [ 328533.3214137708419, 3073847.894035453442484 ], [ 328504.69152152427705, 3073876.523927700240165 ], [ 328476.0616292777122, 3073876.523927700240165 ], [ 328361.542060291511007, 3073991.043496686499566 ], [ 328332.912168044946156, 3073991.043496686499566 ], [ 328218.392599058744963, 3074105.563065672758967 ], [ 328189.762706812180113, 3074105.563065672758967 ], [ 328161.132814565615263, 3074076.933173425961286 ], [ 328103.87303007254377, 3074076.933173425961286 ], [ 328046.61324557941407, 3074019.673388932831585 ], [ 328017.983353332849219, 3074019.673388932831585 ], [ 327932.093676593212876, 3073933.783712193369865 ], [ 327932.093676593212876, 3073819.264143207110465 ], [ 327874.833892100141384, 3073762.004358713980764 ], [ 327874.833892100141384, 3073647.484789727721363 ], [ 327760.314323113881983, 3073532.965220741461962 ] ] } },
{ "type": "Feature", "properties": { "FID": 246, "STRM_VAL": 1.0, "stream_id": 246, "strahler": 1, "upstream_cells": 12710.0, "length_m": 8078.746220472688 }, "geometry": { "type": "LineString", "coordinates": [ [ 338067.075531872804277, 3074849.940264082979411 ], [ 338067.075531872804277, 3074764.050587343517691 ], [ 338095.705424119369127, 3074735.42069509672001 ], [ 338095.705424119369127, 3074706.79080285038799 ], [ 338152.965208612498827, 3074649.53101835725829 ], [ 338152.965208612498827, 3074535.011449370998889 ], [ 338124.335316365933977, 3074506.381557124201208 ], [ 338124.335316365933977, 3074334.602203644812107 ], [ 338038.445639626239426, 3074248.712526905350387 ], [ 338038.445639626239426, 3074220.082634659018368 ], [ 338009.815747379732784, 3074191.452742412220687 ], [ 338009.815747379732784, 3074162.822850165888667 ], [ 337981.185855133167934, 3074134.192957919090986 ], [ 337981.185855133167934, 3074019.673388932831585 ], [ 337923.926070640038233, 3073962.413604439701885 ], [ 337923.926070640038233, 3073847.894035453442484 ], [ 337838.03639390040189, 3073762.004358713980764 ], [ 337838.03639390040189, 3073676.114681974519044 ], [ 337866.66628614696674, 3073647.484789727721363 ], [ 337866.66628614696674, 3073561.595112988259643 ], [ 337637.627148174506146, 3073332.555975015740842 ], [ 337580.367363681434654, 3073332.555975015740842 ], [ 337551.737471434869803, 3073303.926082768943161 ], [ 337408.58801020210376, 3073303.926082768943161 ], [ 337322.698333462467417, 3073218.036406029481441 ], [ 337265.438548969337717, 3073218.036406029481441 ], [ 337236.808656722772866, 3073246.666298276279122 ], [ 337093.659195490006823, 3073246.666298276279122 ], [ 337007.76951875037048, 3073160.77662153635174 ], [ 336979.13962650380563, 3073160.77662153635174 ], [ 336864.620057517604437, 3073046.25705255009234 ], [ 336864.620057517604437, 3073017.62716030376032 ], [ 336835.990165271039587, 3072988.997268056962639 ], [ 336692.840704038273543, 3072988.997268056962639 ], [ 336692.840704038273543, 3072845.847806824371219 ], [ 336635.58091954520205, 3072788.588022331241518 ], [ 336635.58091954520205, 3072759.958130084443837 ], [ 336578.32113505207235, 3072702.698345591779798 ], [ 336549.6912428055075, 3072702.698345591779798 ], [ 336492.431458312436007, 3072645.438561098650098 ], [ 336492.431458312436007, 3072588.178776605520397 ], [ 336463.801566065871157, 3072559.548884358722717 ], [ 336435.171673819306307, 3072559.548884358722717 ], [ 336435.171673819306307, 3072530.918992112390697 ], [ 336406.541781572741456, 3072502.289099865593016 ], [ 336406.541781572741456, 3072445.029315372463316 ], [ 336377.911889326234814, 3072416.399423126131296 ], [ 336377.911889326234814, 3072359.139638633001596 ], [ 336234.76242809346877, 3072215.990177399944514 ], [ 336206.13253584690392, 3072215.990177399944514 ], [ 336206.13253584690392, 3072072.840716167353094 ], [ 336148.87275135377422, 3072015.580931674223393 ], [ 336148.87275135377422, 3071986.951039427891374 ], [ 336120.242859107267577, 3071986.951039427891374 ], [ 335919.833613381371833, 3071786.541793701704592 ], [ 335919.833613381371833, 3071729.282009208574891 ], [ 335862.573828888242133, 3071672.022224715445191 ], [ 335862.573828888242133, 3071557.502655729651451 ], [ 335833.94393664173549, 3071557.502655729651451 ], [ 335805.31404439517064, 3071528.87276348285377 ], [ 335805.31404439517064, 3071500.242871236521751 ], [ 335748.05425990204094, 3071442.98308674339205 ], [ 335748.05425990204094, 3071357.093410003464669 ], [ 335776.68415214860579, 3071328.463517757132649 ], [ 335748.05425990204094, 3071299.833625510334969 ], [ 335461.755337436508853, 3071299.833625510334969 ], [ 335404.49555294343736, 3071242.573841017205268 ], [ 335232.716199464106467, 3071242.573841017205268 ], [ 335204.086307217541616, 3071213.943948770873249 ], [ 335175.456414971034974, 3071213.943948770873249 ], [ 335146.826522724470124, 3071185.314056524075568 ], [ 335118.196630477905273, 3071185.314056524075568 ], [ 335089.566738231340423, 3071156.684164277743548 ], [ 335089.566738231340423, 3071042.164595291484147 ], [ 335060.936845984775573, 3071013.534703045152128 ], [ 335060.936845984775573, 3070984.904810798354447 ], [ 334889.157492505502887, 3070984.904810798354447 ], [ 334746.008031272736844, 3070841.755349565763026 ], [ 334746.008031272736844, 3070727.235780579503626 ], [ 334803.267815765808336, 3070669.975996086373925 ], [ 334803.267815765808336, 3070641.346103839576244 ], [ 334717.378139026171993, 3070555.456427100114524 ], [ 334717.378139026171993, 3070326.417289127595723 ], [ 334660.118354533042293, 3070269.157504634466022 ], [ 334660.118354533042293, 3070211.897720141336322 ], [ 334631.48846228653565, 3070183.267827895004302 ], [ 334602.8585700399708, 3070183.267827895004302 ], [ 334545.5987855468411, 3070126.008043401874602 ], [ 334402.449324314075056, 3070126.008043401874602 ], [ 334345.189539821003564, 3070183.267827895004302 ], [ 334316.559647574438713, 3070183.267827895004302 ], [ 334259.299863081309013, 3070126.008043401874602 ], [ 334230.669970834744163, 3070126.008043401874602 ], [ 334173.41018634167267, 3070183.267827895004302 ], [ 334116.15040184854297, 3070183.267827895004302 ], [ 334087.520509602036327, 3070154.637935648206621 ], [ 334087.520509602036327, 3070126.008043401874602 ], [ 334058.890617355471477, 3070097.378151155076921 ], [ 333944.371048369270284, 3070097.378151155076921 ], [ 333915.741156122705434, 3070126.008043401874602 ], [ 333887.111263876140583, 3070126.008043401874602 ], [ 333858.481371629575733, 3070154.637935648206621 ] ] } },
{ "type": "Feature", "properties": { "FID": 247, "STRM_VAL": 1.0, "stream_id": 247, "strahler": 1, "upstream_cells": 6971.0, "length_m": 3451.8643799537831 }, "geometry": { "type": "LineString", "coordinates": [ [ 339469.94025195389986, 3075136.239186548627913 ], [ 339441.31035970733501, 3075136.239186548627913 ], [ 339326.790790721133817, 3075021.719617562368512 ], [ 339326.790790721133817, 3074964.459833069238812 ], [ 339240.901113981497474, 3074878.57015632931143 ], [ 339183.641329488367774, 3074878.57015632931143 ], [ 339097.751652748731431, 3074792.68047958984971 ], [ 339097.751652748731431, 3074735.42069509672001 ], [ 339011.86197600903688, 3074649.53101835725829 ], [ 339011.86197600903688, 3074449.121772631071508 ], [ 339040.49186825560173, 3074420.491880384739488 ], [ 338868.712514776270837, 3074248.712526905350387 ], [ 338868.712514776270837, 3073991.043496686499566 ], [ 338782.822838036634494, 3073905.153819946572185 ], [ 338782.822838036634494, 3073876.523927700240165 ], [ 338840.082622529705986, 3073819.264143207110465 ], [ 338840.082622529705986, 3073647.484789727721363 ], [ 338811.452730283199344, 3073618.854897481389344 ], [ 338811.452730283199344, 3073590.225005234591663 ], [ 338754.192945790069643, 3073532.965220741461962 ], [ 338754.192945790069643, 3073504.335328495129943 ], [ 338782.822838036634494, 3073475.705436248332262 ], [ 338782.822838036634494, 3073361.185867262072861 ], [ 338754.192945790069643, 3073332.555975015740842 ], [ 338754.192945790069643, 3073074.88694479689002 ], [ 338696.933161296998151, 3073017.62716030376032 ], [ 338696.933161296998151, 3072988.997268056962639 ], [ 338668.3032690504333, 3072960.36737581063062 ], [ 338668.3032690504333, 3072931.737483563832939 ], [ 338696.933161296998151, 3072903.107591317500919 ], [ 338696.933161296998151, 3072817.217914577573538 ], [ 338754.192945790069643, 3072759.958130084443837 ], [ 338754.192945790069643, 3072588.178776605520397 ], [ 338725.563053543504793, 3072559.548884358722717 ], [ 338725.563053543504793, 3072359.139638633001596 ], [ 338782.822838036634494, 3072301.879854139871895 ], [ 338782.822838036634494, 3072273.249961893074214 ], [ 338811.452730283199344, 3072244.620069646742195 ] ] } },
{ "type": "Feature", "properties": { "FID": 248, "STRM_VAL": 1.0, "stream_id": 248, "strahler": 1, "upstream_cells": 5441.0, "length_m": 2462.5198263210036 }, "geometry": { "type": "LineString", "coordinates": [ [ 323580.35005511721829, 3075164.869078794959933 ], [ 323580.35005511721829, 3075136.239186548627913 ], [ 323523.090270624146797, 3075078.979402055498213 ], [ 323523.090270624146797, 3075021.719617562368512 ], [ 323551.720162870653439, 3074993.089725315570831 ], [ 323551.720162870653439, 3074878.57015632931143 ], [ 323523.090270624146797, 3074849.940264082979411 ], [ 323523.090270624146797, 3074735.42069509672001 ], [ 323494.460378377581947, 3074706.79080285038799 ], [ 323494.460378377581947, 3074678.16091060359031 ], [ 323523.090270624146797, 3074649.53101835725829 ], [ 323523.090270624146797, 3074592.27123386412859 ], [ 323551.720162870653439, 3074563.641341617330909 ], [ 323551.720162870653439, 3074535.011449370998889 ], [ 323580.35005511721829, 3074506.381557124201208 ], [ 323580.35005511721829, 3074420.491880384739488 ], [ 323608.97994736378314, 3074391.861988137941808 ], [ 323608.97994736378314, 3074191.452742412220687 ], [ 323465.830486131017096, 3074048.303281179629266 ], [ 323465.830486131017096, 3073991.043496686499566 ], [ 323437.200593884452246, 3073962.413604439701885 ], [ 323437.200593884452246, 3073905.153819946572185 ], [ 323351.310917144815903, 3073819.264143207110465 ], [ 323351.310917144815903, 3073790.634250960778445 ], [ 323265.42124040517956, 3073704.744574220851064 ], [ 323093.641886925848667, 3073704.744574220851064 ], [ 322979.122317939647473, 3073590.225005234591663 ], [ 322979.122317939647473, 3073504.335328495129943 ], [ 322893.232641199952923, 3073418.445651755202562 ], [ 322807.34296446031658, 3073418.445651755202562 ], [ 322778.71307221375173, 3073389.815759508870542 ], [ 322778.71307221375173, 3073303.926082768943161 ] ] } },
{ "type": "Feature", "properties": { "FID": 249, "STRM_VAL": 1.0, "stream_id": 249, "strahler": 1, "upstream_cells": 4046.0, "length_m": 166.86724054867204 }, "geometry": { "type": "LineString", "coordinates": [ [ 344107.982795895426534, 3075193.498971041757613 ], [ 344050.723011402296834, 3075136.239186548627913 ], [ 343993.463226909167133, 3075136.239186548627913 ], [ 343993.463226909167133, 3075107.609294301830232 ] ] } },
{ "type": "Feature", "properties": { "FID": 250, "STRM_VAL": 1.0, "stream_id": 250, "strahler": 2, "upstream_cells": 16903.0, "length_m": 3013.4345557330644 }, "geometry": { "type": "LineString", "coordinates": [ [ 343993.463226909167133, 3075107.609294301830232 ], [ 343993.463226909167133, 3075050.349509808700532 ], [ 344022.093119155731983, 3075021.719617562368512 ], [ 344022.093119155731983, 3074993.089725315570831 ], [ 344050.723011402296834, 3074964.459833069238812 ], [ 344050.723011402296834, 3074935.829940822441131 ], [ 344079.352903648861684, 3074907.200048576109111 ], [ 344079.352903648861684, 3074849.940264082979411 ], [ 344107.982795895426534, 3074821.310371836647391 ], [ 344165.242580388498027, 3074821.310371836647391 ], [ 344222.502364881627727, 3074764.050587343517691 ], [ 344279.76214937469922, 3074764.050587343517691 ], [ 344337.02193386782892, 3074706.79080285038799 ], [ 344365.651826114393771, 3074706.79080285038799 ], [ 344422.911610607465263, 3074649.53101835725829 ], [ 344451.541502854030114, 3074649.53101835725829 ], [ 344451.541502854030114, 3074506.381557124201208 ], [ 344508.801287347159814, 3074449.121772631071508 ], [ 344537.431179593666457, 3074449.121772631071508 ], [ 344566.061071840231307, 3074420.491880384739488 ], [ 344594.690964086796157, 3074420.491880384739488 ], [ 344651.950748579925857, 3074363.232095891609788 ], [ 344651.950748579925857, 3074334.602203644812107 ], [ 344680.5806408264325, 3074305.972311398480088 ], [ 344680.5806408264325, 3074048.303281179629266 ], [ 344709.21053307299735, 3074019.673388932831585 ], [ 344709.21053307299735, 3073933.783712193369865 ], [ 344737.8404253195622, 3073905.153819946572185 ], [ 344737.8404253195622, 3073790.634250960778445 ], [ 344766.470317566127051, 3073762.004358713980764 ], [ 344766.470317566127051, 3073704.744574220851064 ], [ 344737.8404253195622, 3073676.114681974519044 ], [ 344737.8404253195622, 3073647.484789727721363 ], [ 344709.21053307299735, 3073618.854897481389344 ], [ 344709.21053307299735, 3073418.445651755202562 ], [ 344737.8404253195622, 3073389.815759508870542 ], [ 344737.8404253195622, 3073361.185867262072861 ], [ 344852.359994305763394, 3073246.666298276279122 ], [ 344852.359994305763394, 3073218.036406029481441 ], [ 344909.619778798893094, 3073160.77662153635174 ], [ 344909.619778798893094, 3072903.107591317500919 ], [ 344966.879563291964587, 3072903.107591317500919 ], [ 345024.139347785094287, 3072845.847806824371219 ], [ 345024.139347785094287, 3072817.217914577573538 ], [ 344966.879563291964587, 3072759.958130084443837 ] ] } },
{ "type": "Feature", "properties": { "FID": 251, "STRM_VAL": 1.0, "stream_id": 251, "strahler": 2, "upstream_cells": 36783.0, "length_m": 564.80828286482506 }, "geometry": { "type": "LineString", "coordinates": [ [ 344966.879563291964587, 3072759.958130084443837 ], [ 344737.8404253195622, 3072530.918992112390697 ], [ 344737.8404253195622, 3072473.659207619260997 ], [ 344709.21053307299735, 3072445.029315372463316 ], [ 344709.21053307299735, 3072301.879854139871895 ] ] } },
{ "type": "Feature", "properties": { "FID": 252, "STRM_VAL": 1.0, "stream_id": 252, "strahler": 1, "upstream_cells": 6335.0, "length_m": 3256.3672471586933 }, "geometry": { "type": "LineString", "coordinates": [ [ 318741.89826544985408, 3075393.908216767478734 ], [ 318741.89826544985408, 3075193.498971041757613 ], [ 318770.52815769641893, 3075164.869078794959933 ], [ 318770.52815769641893, 3075107.609294301830232 ], [ 318799.15804994298378, 3075078.979402055498213 ], [ 318799.15804994298378, 3075050.349509808700532 ], [ 318827.787942189490423, 3075021.719617562368512 ], [ 318827.787942189490423, 3074935.829940822441131 ], [ 318856.417834436055273, 3074907.200048576109111 ], [ 318856.417834436055273, 3074878.57015632931143 ], [ 318885.047726682620123, 3074849.940264082979411 ], [ 318885.047726682620123, 3074792.68047958984971 ], [ 318799.15804994298378, 3074706.79080285038799 ], [ 318799.15804994298378, 3074678.16091060359031 ], [ 318713.268373203289229, 3074592.27123386412859 ], [ 318713.268373203289229, 3074248.712526905350387 ], [ 318741.89826544985408, 3074220.082634659018368 ], [ 318741.89826544985408, 3074162.822850165888667 ], [ 318770.52815769641893, 3074134.192957919090986 ], [ 318770.52815769641893, 3074105.563065672758967 ], [ 318885.047726682620123, 3073991.043496686499566 ], [ 318885.047726682620123, 3073962.413604439701885 ], [ 318913.677618929184973, 3073933.783712193369865 ], [ 318913.677618929184973, 3073905.153819946572185 ], [ 318999.567295668821316, 3073819.264143207110465 ], [ 318999.567295668821316, 3073790.634250960778445 ], [ 319085.456972408457659, 3073704.744574220851064 ], [ 319114.086864655022509, 3073704.744574220851064 ], [ 319142.71675690158736, 3073676.114681974519044 ], [ 319142.71675690158736, 3073647.484789727721363 ], [ 319171.34664914815221, 3073618.854897481389344 ], [ 319171.34664914815221, 3073561.595112988259643 ], [ 319056.827080161951017, 3073447.075544002000242 ], [ 319085.456972408457659, 3073418.445651755202562 ], [ 319085.456972408457659, 3073303.926082768943161 ], [ 319028.197187915386166, 3073246.666298276279122 ], [ 318999.567295668821316, 3073246.666298276279122 ], [ 318942.307511175749823, 3073189.406513783149421 ], [ 318942.307511175749823, 3073017.62716030376032 ], [ 318970.937403422256466, 3072988.997268056962639 ], [ 318942.307511175749823, 3072960.36737581063062 ], [ 318942.307511175749823, 3072788.588022331241518 ], [ 318970.937403422256466, 3072759.958130084443837 ], [ 318970.937403422256466, 3072645.438561098650098 ] ] } },
{ "type": "Feature", "properties": { "FID": 253, "STRM_VAL": 1.0, "stream_id": 253, "strahler": 1, "upstream_cells": 12011.0, "length_m": 4890.6548621253314 }, "geometry": { "type": "LineString", "coordinates": [ [ 347973.01824917999329, 3075565.687570246867836 ], [ 347973.01824917999329, 3075537.057678 ], [ 347944.38835693342844, 3075508.427785753738135 ], [ 347944.38835693342844, 3075479.797893506940454 ], [ 347887.128572440356947, 3075422.538109013810754 ], [ 347887.128572440356947, 3075393.908216767478734 ], [ 347858.498680193792097, 3075365.278324521146715 ], [ 347858.498680193792097, 3075336.648432274349034 ], [ 347801.238895700662397, 3075279.388647781219333 ], [ 347801.238895700662397, 3075250.758755534887314 ], [ 347772.609003454097547, 3075222.128863288089633 ], [ 347715.349218961026054, 3075222.128863288089633 ], [ 347658.089434467896353, 3075164.869078794959933 ], [ 347629.459542221389711, 3075164.869078794959933 ], [ 347600.829649974824861, 3075136.239186548627913 ], [ 347543.56986548169516, 3075136.239186548627913 ], [ 347514.93997323513031, 3075107.609294301830232 ], [ 347486.310080988623668, 3075107.609294301830232 ], [ 347457.680188742058817, 3075078.979402055498213 ], [ 347429.050296495493967, 3075078.979402055498213 ], [ 347371.790512002364267, 3075021.719617562368512 ], [ 347228.641050769598223, 3075021.719617562368512 ], [ 347200.011158523091581, 3074993.089725315570831 ], [ 347200.011158523091581, 3074907.200048576109111 ], [ 347028.231805043760687, 3074735.42069509672001 ], [ 346999.601912797195837, 3074735.42069509672001 ], [ 346970.972020550630987, 3074706.79080285038799 ], [ 346856.452451564429794, 3074706.79080285038799 ], [ 346856.452451564429794, 3074563.641341617330909 ], [ 346885.082343810994644, 3074535.011449370998889 ], [ 346885.082343810994644, 3074477.751664877869189 ], [ 346770.562774824793451, 3074363.232095891609788 ], [ 346770.562774824793451, 3074334.602203644812107 ], [ 346741.9328825782286, 3074334.602203644812107 ], [ 346713.30299033166375, 3074305.972311398480088 ], [ 346684.6730980850989, 3074305.972311398480088 ], [ 346627.413313592027407, 3074248.712526905350387 ], [ 346627.413313592027407, 3074220.082634659018368 ], [ 346713.30299033166375, 3074134.192957919090986 ], [ 346713.30299033166375, 3074105.563065672758967 ], [ 346684.6730980850989, 3074076.933173425961286 ], [ 346684.6730980850989, 3074048.303281179629266 ], [ 346598.783421345462557, 3073962.413604439701885 ], [ 346598.783421345462557, 3073933.783712193369865 ], [ 346512.893744605826214, 3073847.894035453442484 ], [ 346512.893744605826214, 3073790.634250960778445 ], [ 346484.263852359261364, 3073762.004358713980764 ], [ 346484.263852359261364, 3073733.374466467648745 ], [ 346455.633960112696514, 3073704.744574220851064 ], [ 346455.633960112696514, 3073676.114681974519044 ], [ 346341.11439112649532, 3073561.595112988259643 ], [ 346341.11439112649532, 3073532.965220741461962 ], [ 346197.964929893729277, 3073389.815759508870542 ], [ 346197.964929893729277, 3073361.185867262072861 ], [ 346169.335037647164427, 3073332.555975015740842 ], [ 346169.335037647164427, 3073303.926082768943161 ], [ 346140.705145400599577, 3073275.296190522611141 ], [ 346140.705145400599577, 3073246.666298276279122 ], [ 346083.445360907528084, 3073189.406513783149421 ], [ 346054.815468660963234, 3073189.406513783149421 ], [ 346026.185576414398383, 3073160.77662153635174 ], [ 345997.555684167891741, 3073160.77662153635174 ], [ 345968.925791921326891, 3073132.146729290019721 ], [ 345940.29589967476204, 3073132.146729290019721 ], [ 345883.03611518163234, 3073074.88694479689002 ], [ 345854.406222935125697, 3073074.88694479689002 ], [ 345739.886653948866297, 3072960.36737581063062 ], [ 345711.256761702359654, 3072960.36737581063062 ], [ 345682.626869455794804, 3072931.737483563832939 ], [ 345653.996977209229954, 3072931.737483563832939 ], [ 345625.367084962665103, 3072903.107591317500919 ], [ 345539.47740822302876, 3072903.107591317500919 ], [ 345510.84751597646391, 3072931.737483563832939 ], [ 345310.438270250626374, 3072931.737483563832939 ], [ 345281.808378004061524, 3072903.107591317500919 ], [ 345253.178485757496674, 3072903.107591317500919 ], [ 345110.02902452473063, 3072759.958130084443837 ], [ 344966.879563291964587, 3072759.958130084443837 ] ] } },
{ "type": "Feature", "properties": { "FID": 254, "STRM_VAL": 1.0, "stream_id": 254, "strahler": 1, "upstream_cells": 7657.0, "length_m": 1272.7660269629173 }, "geometry": { "type": "LineString", "coordinates": [ [ 342991.416998279863037, 3075680.207139233127236 ], [ 343048.67678277293453, 3075622.947354739997536 ], [ 343077.30667501949938, 3075622.947354739997536 ], [ 343105.93656726606423, 3075594.317462493199855 ], [ 343105.93656726606423, 3075565.687570246867836 ], [ 343191.826244005700573, 3075479.797893506940454 ], [ 343249.086028498830274, 3075479.797893506940454 ], [ 343334.975705238466617, 3075393.908216767478734 ], [ 343363.605597485031467, 3075393.908216767478734 ], [ 343392.235489731596317, 3075365.278324521146715 ], [ 343420.865381978161167, 3075365.278324521146715 ], [ 343449.49527422466781, 3075336.648432274349034 ], [ 343478.12516647123266, 3075336.648432274349034 ], [ 343535.384950964362361, 3075279.388647781219333 ], [ 343535.384950964362361, 3075250.758755534887314 ], [ 343564.014843210927211, 3075222.128863288089633 ], [ 343735.794196690199897, 3075222.128863288089633 ], [ 343764.424088936764747, 3075193.498971041757613 ], [ 343793.053981183329597, 3075193.498971041757613 ], [ 343821.683873429894447, 3075164.869078794959933 ], [ 343936.203442416095641, 3075164.869078794959933 ], [ 343993.463226909167133, 3075107.609294301830232 ] ] } },
{ "type": "Feature", "properties": { "FID": 255, "STRM_VAL": 1.0, "stream_id": 255, "strahler": 1, "upstream_cells": 14068.0, "length_m": 4687.0190741477145 }, "geometry": { "type": "LineString", "coordinates": [ [ 334975.04716924513923, 3075708.837031479459256 ], [ 334975.04716924513923, 3075537.057678 ], [ 335003.67706149170408, 3075508.427785753738135 ], [ 335003.67706149170408, 3075393.908216767478734 ], [ 334946.41727699857438, 3075336.648432274349034 ], [ 334946.41727699857438, 3075308.018540028017014 ], [ 334917.78738475200953, 3075279.388647781219333 ], [ 334917.78738475200953, 3075222.128863288089633 ], [ 334889.157492505502887, 3075193.498971041757613 ], [ 334889.157492505502887, 3075164.869078794959933 ], [ 334917.78738475200953, 3075136.239186548627913 ], [ 334917.78738475200953, 3074821.310371836647391 ], [ 334946.41727699857438, 3074792.68047958984971 ], [ 334946.41727699857438, 3074735.42069509672001 ], [ 335032.30695373826893, 3074649.53101835725829 ], [ 335032.30695373826893, 3074620.901126110460609 ], [ 335060.936845984775573, 3074592.27123386412859 ], [ 335060.936845984775573, 3074563.641341617330909 ], [ 335032.30695373826893, 3074535.011449370998889 ], [ 335032.30695373826893, 3074506.381557124201208 ], [ 335003.67706149170408, 3074477.751664877869189 ], [ 335003.67706149170408, 3074449.121772631071508 ], [ 334946.41727699857438, 3074391.861988137941808 ], [ 334831.897708012373187, 3074391.861988137941808 ], [ 334803.267815765808336, 3074363.232095891609788 ], [ 334803.267815765808336, 3074334.602203644812107 ], [ 334688.748246779607143, 3074334.602203644812107 ], [ 334660.118354533042293, 3074305.972311398480088 ], [ 334660.118354533042293, 3074220.082634659018368 ], [ 334574.22867779340595, 3074134.192957919090986 ], [ 334574.22867779340595, 3074076.933173425961286 ], [ 334602.8585700399708, 3074048.303281179629266 ], [ 334602.8585700399708, 3074019.673388932831585 ], [ 334574.22867779340595, 3074019.673388932831585 ], [ 334545.5987855468411, 3073991.043496686499566 ], [ 334545.5987855468411, 3073962.413604439701885 ], [ 334602.8585700399708, 3073905.153819946572185 ], [ 334602.8585700399708, 3073819.264143207110465 ], [ 334545.5987855468411, 3073762.004358713980764 ], [ 334545.5987855468411, 3073733.374466467648745 ], [ 334602.8585700399708, 3073676.114681974519044 ], [ 334602.8585700399708, 3073647.484789727721363 ], [ 334574.22867779340595, 3073618.854897481389344 ], [ 334574.22867779340595, 3073504.335328495129943 ], [ 334516.96889330027625, 3073447.075544002000242 ], [ 334516.96889330027625, 3073361.185867262072861 ], [ 334545.5987855468411, 3073332.555975015740842 ], [ 334488.339001053769607, 3073275.296190522611141 ], [ 334488.339001053769607, 3073246.666298276279122 ], [ 334431.079216560639907, 3073246.666298276279122 ], [ 334402.449324314075056, 3073218.036406029481441 ], [ 334402.449324314075056, 3073189.406513783149421 ], [ 334373.819432067510206, 3073160.77662153635174 ], [ 334373.819432067510206, 3073132.146729290019721 ], [ 334345.189539821003564, 3073103.51683704322204 ], [ 334259.299863081309013, 3073103.51683704322204 ], [ 334259.299863081309013, 3073074.88694479689002 ], [ 334316.559647574438713, 3073017.62716030376032 ], [ 334316.559647574438713, 3072988.997268056962639 ], [ 334345.189539821003564, 3072960.36737581063062 ], [ 334345.189539821003564, 3072931.737483563832939 ], [ 334316.559647574438713, 3072903.107591317500919 ], [ 334316.559647574438713, 3072874.477699070703238 ], [ 334259.299863081309013, 3072817.217914577573538 ], [ 334259.299863081309013, 3072759.958130084443837 ], [ 334230.669970834744163, 3072731.328237838111818 ], [ 334230.669970834744163, 3072702.698345591779798 ], [ 334173.41018634167267, 3072645.438561098650098 ], [ 334173.41018634167267, 3072588.178776605520397 ], [ 334202.04007858823752, 3072559.548884358722717 ], [ 334202.04007858823752, 3072502.289099865593016 ], [ 334173.41018634167267, 3072473.659207619260997 ], [ 334173.41018634167267, 3072387.769530879333615 ], [ 334202.04007858823752, 3072359.139638633001596 ], [ 334202.04007858823752, 3072101.470608414150774 ], [ 334230.669970834744163, 3072072.840716167353094 ], [ 334287.929755327873863, 3072072.840716167353094 ] ] } },
{ "type": "Feature", "properties": { "FID": 256, "STRM_VAL": 1.0, "stream_id": 256, "strahler": 1, "upstream_cells": 6633.0, "length_m": 1313.2548088669332 }, "geometry": { "type": "LineString", "coordinates": [ [ 328876.88012072944548, 3075909.246277205646038 ], [ 328848.25022848288063, 3075880.616384958848357 ], [ 328819.620336236315779, 3075880.616384958848357 ], [ 328762.360551743244287, 3075823.356600465718657 ], [ 328733.730659496679436, 3075823.356600465718657 ], [ 328705.100767250114586, 3075794.726708219386637 ], [ 328676.470875003607944, 3075794.726708219386637 ], [ 328590.581198263913393, 3075708.837031479459256 ], [ 328590.581198263913393, 3075680.207139233127236 ], [ 328504.69152152427705, 3075594.317462493199855 ], [ 328476.0616292777122, 3075594.317462493199855 ], [ 328390.171952538075857, 3075508.427785753738135 ], [ 328361.542060291511007, 3075508.427785753738135 ], [ 328332.912168044946156, 3075479.797893506940454 ], [ 328332.912168044946156, 3075451.168001260608435 ], [ 328304.282275798381306, 3075422.538109013810754 ], [ 328304.282275798381306, 3075393.908216767478734 ], [ 328275.652383551874664, 3075365.278324521146715 ], [ 328275.652383551874664, 3075308.018540028017014 ], [ 328247.022491305309813, 3075308.018540028017014 ], [ 328189.762706812180113, 3075250.758755534887314 ], [ 328046.61324557941407, 3075250.758755534887314 ], [ 328017.983353332849219, 3075279.388647781219333 ], [ 327932.093676593212876, 3075279.388647781219333 ] ] } },
{ "type": "Feature", "properties": { "FID": 257, "STRM_VAL": 1.0, "stream_id": 257, "strahler": 2, "upstream_cells": 16530.0, "length_m": 2526.7263875409299 }, "geometry": { "type": "LineString", "coordinates": [ [ 327932.093676593212876, 3075279.388647781219333 ], [ 327903.463784346648026, 3075250.758755534887314 ], [ 327903.463784346648026, 3075222.128863288089633 ], [ 327874.833892100141384, 3075193.498971041757613 ], [ 327874.833892100141384, 3075136.239186548627913 ], [ 327817.574107607011683, 3075078.979402055498213 ], [ 327788.944215360446833, 3075078.979402055498213 ], [ 327645.79475412768079, 3074935.829940822441131 ], [ 327645.79475412768079, 3074907.200048576109111 ], [ 327617.164861881115939, 3074878.57015632931143 ], [ 327617.164861881115939, 3074821.310371836647391 ], [ 327531.275185141479596, 3074735.42069509672001 ], [ 327531.275185141479596, 3074706.79080285038799 ], [ 327502.645292894914746, 3074678.16091060359031 ], [ 327502.645292894914746, 3074620.901126110460609 ], [ 327531.275185141479596, 3074592.27123386412859 ], [ 327531.275185141479596, 3074506.381557124201208 ], [ 327502.645292894914746, 3074477.751664877869189 ], [ 327502.645292894914746, 3074449.121772631071508 ], [ 327474.015400648349896, 3074420.491880384739488 ], [ 327474.015400648349896, 3074391.861988137941808 ], [ 327445.385508401843254, 3074363.232095891609788 ], [ 327445.385508401843254, 3074334.602203644812107 ], [ 327416.755616155278403, 3074305.972311398480088 ], [ 327416.755616155278403, 3074277.342419152148068 ], [ 327388.125723908713553, 3074248.712526905350387 ], [ 327388.125723908713553, 3074220.082634659018368 ], [ 327359.495831662148703, 3074191.452742412220687 ], [ 327359.495831662148703, 3074162.822850165888667 ], [ 327388.125723908713553, 3074134.192957919090986 ], [ 327388.125723908713553, 3074076.933173425961286 ], [ 327502.645292894914746, 3073962.413604439701885 ], [ 327502.645292894914746, 3073933.783712193369865 ], [ 327531.275185141479596, 3073905.153819946572185 ], [ 327531.275185141479596, 3073819.264143207110465 ], [ 327445.385508401843254, 3073819.264143207110465 ], [ 327416.755616155278403, 3073790.634250960778445 ], [ 327388.125723908713553, 3073790.634250960778445 ], [ 327359.495831662148703, 3073762.004358713980764 ], [ 327359.495831662148703, 3073676.114681974519044 ], [ 327273.60615492251236, 3073676.114681974519044 ], [ 327216.346370429382659, 3073618.854897481389344 ], [ 327044.567016950109974, 3073618.854897481389344 ], [ 327015.937124703545123, 3073590.225005234591663 ], [ 327015.937124703545123, 3073532.965220741461962 ] ] } },
{ "type": "Feature", "properties": { "FID": 258, "STRM_VAL": 1.0, "stream_id": 258, "strahler": 1, "upstream_cells": 4771.0, "length_m": 1739.8257434305242 }, "geometry": { "type": "LineString", "coordinates": [ [ 352181.612409423221834, 3076023.765846191439778 ], [ 352238.872193916293327, 3076081.025630684569478 ], [ 352238.872193916293327, 3076138.285415177699178 ], [ 352267.502086162858177, 3076166.915307424496859 ], [ 352267.502086162858177, 3076195.545199670828879 ], [ 352296.131978409423027, 3076224.17509191762656 ], [ 352296.131978409423027, 3076252.804984163958579 ], [ 352382.02165514905937, 3076338.694660903885961 ], [ 352382.02165514905937, 3076395.954445397015661 ], [ 352439.281439642189071, 3076453.214229890145361 ], [ 352439.281439642189071, 3076481.844122136477381 ], [ 352467.911331888753921, 3076510.474014382809401 ], [ 352467.911331888753921, 3076567.733798875939101 ], [ 352496.541224135318771, 3076596.363691122736782 ], [ 352496.541224135318771, 3076882.662613588385284 ], [ 352525.171116381825414, 3076911.292505834717304 ], [ 352525.171116381825414, 3076939.922398081514984 ], [ 352582.430900874955114, 3076997.182182574644685 ], [ 352611.060793121519964, 3076997.182182574644685 ], [ 352696.950469861156307, 3077083.071859314106405 ], [ 352754.210254354286008, 3077083.071859314106405 ], [ 352782.84014660079265, 3077111.701751560438424 ], [ 352811.4700388473575, 3077111.701751560438424 ], [ 353040.509176819818094, 3077340.740889532957226 ] ] } },
{ "type": "Feature", "properties": { "FID": 259, "STRM_VAL": 1.0, "stream_id": 259, "strahler": 2, "upstream_cells": 32652.0, "length_m": 2676.822625500984 }, "geometry": { "type": "LineString", "coordinates": [ [ 353040.509176819818094, 3077340.740889532957226 ], [ 353097.768961312889587, 3077340.740889532957226 ], [ 353126.398853559454437, 3077312.110997286625206 ], [ 353269.548314792220481, 3077312.110997286625206 ], [ 353355.437991531856824, 3077226.221320546697825 ], [ 353355.437991531856824, 3077197.591428300365806 ], [ 353384.067883778421674, 3077197.591428300365806 ], [ 353441.327668271493167, 3077140.331643807236105 ], [ 353441.327668271493167, 3077083.071859314106405 ], [ 353613.10702175082406, 3076911.292505834717304 ], [ 353641.736913997388911, 3076911.292505834717304 ], [ 353670.366806243953761, 3076882.662613588385284 ], [ 353698.996698490518611, 3076882.662613588385284 ], [ 353727.626590737025253, 3076854.032721341587603 ], [ 353784.886375230154954, 3076854.032721341587603 ], [ 353899.405944216356147, 3076739.513152355328202 ], [ 353899.405944216356147, 3076710.883260108996183 ], [ 354042.55540544912219, 3076567.733798875939101 ], [ 354300.224435668089427, 3076567.733798875939101 ], [ 354328.854327914654277, 3076539.103906629607081 ], [ 354328.854327914654277, 3076510.474014382809401 ], [ 354357.484220161219127, 3076481.844122136477381 ], [ 354357.484220161219127, 3076453.214229890145361 ], [ 354386.114112407783978, 3076453.214229890145361 ], [ 354414.74400465429062, 3076424.584337643347681 ], [ 354586.523358133621514, 3076424.584337643347681 ], [ 354615.153250380186364, 3076453.214229890145361 ], [ 354758.302711612952407, 3076453.214229890145361 ], [ 354786.932603859517258, 3076424.584337643347681 ], [ 354815.5624961060239, 3076424.584337643347681 ], [ 354844.19238835258875, 3076395.954445397015661 ], [ 354844.19238835258875, 3076367.32455315021798 ], [ 354872.822280599153601, 3076338.694660903885961 ], [ 354872.822280599153601, 3076310.06476865708828 ], [ 354987.341849585354794, 3076195.545199670828879 ], [ 354987.341849585354794, 3076138.285415177699178 ], [ 355015.971741831919644, 3076109.655522931367159 ] ] } },
{ "type": "Feature", "properties": { "FID": 260, "STRM_VAL": 1.0, "stream_id": 260, "strahler": 2, "upstream_cells": 45274.0, "length_m": 5607.2449536288023 }, "geometry": { "type": "LineString", "coordinates": [ [ 355015.971741831919644, 3076109.655522931367159 ], [ 355015.971741831919644, 3076052.395738438237458 ], [ 355073.231526324991137, 3075995.135953945107758 ], [ 355187.751095311250538, 3075995.135953945107758 ], [ 355216.38098755775718, 3075966.506061698310077 ], [ 355273.640772050886881, 3075966.506061698310077 ], [ 355302.270664297451731, 3075937.876169451978058 ], [ 355359.530448790523224, 3075937.876169451978058 ], [ 355416.790233283652924, 3075880.616384958848357 ], [ 355445.420125530217774, 3075880.616384958848357 ], [ 355474.050017776782624, 3075851.986492712516338 ], [ 355674.459263502620161, 3075851.986492712516338 ], [ 355846.238616981951054, 3075680.207139233127236 ], [ 355874.868509228457697, 3075680.207139233127236 ], [ 355874.868509228457697, 3075594.317462493199855 ], [ 355903.498401475022547, 3075565.687570246867836 ], [ 355932.128293721587397, 3075565.687570246867836 ], [ 356018.017970461281948, 3075479.797893506940454 ], [ 356046.64786270778859, 3075479.797893506940454 ], [ 356075.277754954353441, 3075451.168001260608435 ], [ 356218.427216187119484, 3075451.168001260608435 ], [ 356247.057108433684334, 3075422.538109013810754 ], [ 356361.576677419885527, 3075422.538109013810754 ], [ 356390.206569666450378, 3075393.908216767478734 ], [ 356504.726138652651571, 3075393.908216767478734 ], [ 356533.356030899216421, 3075422.538109013810754 ], [ 356647.875599885417614, 3075422.538109013810754 ], [ 356676.505492131982464, 3075393.908216767478734 ], [ 356705.135384378489107, 3075393.908216767478734 ], [ 356733.765276625053957, 3075422.538109013810754 ], [ 356848.28484561125515, 3075422.538109013810754 ], [ 356876.91473785782, 3075451.168001260608435 ], [ 356934.174522350949701, 3075451.168001260608435 ], [ 356962.804414597456343, 3075422.538109013810754 ], [ 357134.583768076787237, 3075422.538109013810754 ], [ 357163.213660323352087, 3075451.168001260608435 ], [ 357564.032151775085367, 3075451.168001260608435 ], [ 357592.662044021650217, 3075422.538109013810754 ], [ 357735.811505254416261, 3075422.538109013810754 ], [ 357764.441397500981111, 3075393.908216767478734 ], [ 357793.071289747487754, 3075393.908216767478734 ], [ 357878.960966487182304, 3075308.018540028017014 ], [ 357907.590858733747154, 3075308.018540028017014 ], [ 357993.480535473383497, 3075222.128863288089633 ], [ 357993.480535473383497, 3075193.498971041757613 ], [ 358050.74031996645499, 3075136.239186548627913 ], [ 358108.000104459584691, 3075136.239186548627913 ], [ 358136.629996706149541, 3075164.869078794959933 ], [ 358165.259888952714391, 3075164.869078794959933 ], [ 358222.519673445785884, 3075107.609294301830232 ], [ 358222.519673445785884, 3075078.979402055498213 ], [ 358251.149565692350734, 3075050.349509808700532 ], [ 358251.149565692350734, 3075021.719617562368512 ], [ 358308.409350185422227, 3074964.459833069238812 ], [ 358337.039242431987077, 3074964.459833069238812 ], [ 358365.669134678551927, 3074993.089725315570831 ], [ 358422.928919171681628, 3074993.089725315570831 ], [ 358451.558811418246478, 3074964.459833069238812 ], [ 358451.558811418246478, 3074935.829940822441131 ], [ 358480.18870366475312, 3074907.200048576109111 ], [ 358480.18870366475312, 3074878.57015632931143 ], [ 358566.078380404447671, 3074792.68047958984971 ], [ 358623.338164897519164, 3074792.68047958984971 ], [ 358651.968057144084014, 3074764.050587343517691 ], [ 358881.0071951164864, 3074764.050587343517691 ], [ 358966.896871856180951, 3074678.16091060359031 ], [ 358938.266979609616101, 3074649.53101835725829 ], [ 358938.266979609616101, 3074563.641341617330909 ], [ 358909.637087363051251, 3074535.011449370998889 ], [ 358909.637087363051251, 3074506.381557124201208 ], [ 358966.896871856180951, 3074506.381557124201208 ], [ 359024.156656349252444, 3074449.121772631071508 ], [ 359081.416440842382144, 3074449.121772631071508 ], [ 359110.046333088946994, 3074477.751664877869189 ], [ 359253.195794321713038, 3074477.751664877869189 ], [ 359281.82568656821968, 3074449.121772631071508 ], [ 359339.085471061349381, 3074449.121772631071508 ], [ 359396.345255554420874, 3074391.861988137941808 ] ] } },
{ "type": "Feature", "properties": { "FID": 261, "STRM_VAL": 1.0, "stream_id": 261, "strahler": 3, "upstream_cells": 76055.0, "length_m": 1813.856530512197 }, "geometry": { "type": "LineString", "coordinates": [ [ 359396.345255554420874, 3074391.861988137941808 ], [ 359396.345255554420874, 3074334.602203644812107 ], [ 359482.234932294115424, 3074248.712526905350387 ], [ 359482.234932294115424, 3074220.082634659018368 ], [ 359510.864824540680274, 3074191.452742412220687 ], [ 359453.605040047550574, 3074134.192957919090986 ], [ 359453.605040047550574, 3074105.563065672758967 ], [ 359482.234932294115424, 3074076.933173425961286 ], [ 359596.754501280316617, 3074076.933173425961286 ], [ 359625.384393526881468, 3074105.563065672758967 ], [ 359682.64417801995296, 3074105.563065672758967 ], [ 359825.793639252719004, 3073962.413604439701885 ], [ 359825.793639252719004, 3073933.783712193369865 ], [ 359854.423531499283854, 3073933.783712193369865 ], [ 359968.943100485485047, 3073819.264143207110465 ], [ 359968.943100485485047, 3073790.634250960778445 ], [ 359940.313208238920197, 3073762.004358713980764 ], [ 359940.313208238920197, 3073590.225005234591663 ], [ 359997.572992732049897, 3073532.965220741461962 ], [ 360083.46266947168624, 3073532.965220741461962 ], [ 360112.09256171825109, 3073504.335328495129943 ], [ 360140.722453964815941, 3073504.335328495129943 ], [ 360140.722453964815941, 3073447.075544002000242 ], [ 360169.352346211380791, 3073418.445651755202562 ], [ 360112.09256171825109, 3073361.185867262072861 ], [ 360140.722453964815941, 3073332.555975015740842 ], [ 360140.722453964815941, 3073246.666298276279122 ] ] } },
{ "type": "Feature", "properties": { "FID": 262, "STRM_VAL": 1.0, "stream_id": 262, "strahler": 1, "upstream_cells": 6447.0, "length_m": 2833.0228548482082 }, "geometry": { "type": "LineString", "coordinates": [ [ 350034.370490931789391, 3076138.285415177699178 ], [ 350063.000383178354241, 3076166.915307424496859 ], [ 350034.370490931789391, 3076195.545199670828879 ], [ 350034.370490931789391, 3076224.17509191762656 ], [ 350091.630275424860884, 3076281.43487641075626 ], [ 350091.630275424860884, 3076338.694660903885961 ], [ 350349.29930564382812, 3076596.363691122736782 ], [ 350349.29930564382812, 3076624.993583369068801 ], [ 350435.188982383522671, 3076710.883260108996183 ], [ 350463.818874630029313, 3076710.883260108996183 ], [ 350521.078659123159014, 3076768.143044602125883 ], [ 350549.708551369723864, 3076768.143044602125883 ], [ 350606.968335862853564, 3076825.402829095255584 ], [ 350635.598228109360207, 3076825.402829095255584 ], [ 350807.3775815886911, 3076997.182182574644685 ], [ 350807.3775815886911, 3077054.441967067308724 ], [ 350836.007473835255951, 3077083.071859314106405 ], [ 350836.007473835255951, 3077111.701751560438424 ], [ 350893.267258328327443, 3077168.961536053568125 ], [ 350921.897150574892294, 3077168.961536053568125 ], [ 350950.527042821457144, 3077197.591428300365806 ], [ 350979.156935068021994, 3077197.591428300365806 ], [ 351007.786827314528637, 3077168.961536053568125 ], [ 351093.676504054223187, 3077168.961536053568125 ], [ 351150.936288547352888, 3077226.221320546697825 ], [ 351150.936288547352888, 3077283.481105039827526 ], [ 351294.085749780060723, 3077426.630566272884607 ], [ 351322.715642026625574, 3077426.630566272884607 ], [ 351408.605318766320124, 3077512.520243012346327 ], [ 351465.865103259391617, 3077512.520243012346327 ], [ 351580.38467224559281, 3077627.039811998605728 ], [ 351637.644456738722511, 3077627.039811998605728 ], [ 351666.274348985287361, 3077655.669704244937748 ], [ 351694.904241231794003, 3077655.669704244937748 ], [ 351895.313486957689747, 3077856.07894997112453 ], [ 351895.313486957689747, 3077884.708842217456549 ] ] } },
{ "type": "Feature", "properties": { "FID": 263, "STRM_VAL": 1.0, "stream_id": 263, "strahler": 2, "upstream_cells": 17749.0, "length_m": 1485.0341623467868 }, "geometry": { "type": "LineString", "coordinates": [ [ 351895.313486957689747, 3077884.708842217456549 ], [ 351952.573271450819448, 3077884.708842217456549 ], [ 351981.20316369732609, 3077856.07894997112453 ], [ 352038.462948190455791, 3077856.07894997112453 ], [ 352067.092840437020641, 3077827.449057724326849 ], [ 352095.722732683527283, 3077856.07894997112453 ], [ 352267.502086162858177, 3077856.07894997112453 ], [ 352296.131978409423027, 3077884.708842217456549 ], [ 352439.281439642189071, 3077884.708842217456549 ], [ 352553.801008628390264, 3077770.189273231197149 ], [ 352553.801008628390264, 3077712.929488738067448 ], [ 352582.430900874955114, 3077684.299596491735429 ], [ 352582.430900874955114, 3077655.669704244937748 ], [ 352696.950469861156307, 3077541.150135259144008 ], [ 352754.210254354286008, 3077541.150135259144008 ], [ 352811.4700388473575, 3077483.890350766014308 ], [ 352811.4700388473575, 3077455.260458519216627 ], [ 352868.729823340487201, 3077398.000674026086926 ], [ 352925.989607833558694, 3077398.000674026086926 ], [ 352954.619500080123544, 3077369.370781779754907 ], [ 353011.879284573253244, 3077369.370781779754907 ], [ 353040.509176819818094, 3077340.740889532957226 ] ] } },
{ "type": "Feature", "properties": { "FID": 264, "STRM_VAL": 1.0, "stream_id": 264, "strahler": 1, "upstream_cells": 3946.0, "length_m": 150.09623795957248 }, "geometry": { "type": "LineString", "coordinates": [ [ 355101.861418571555987, 3076224.17509191762656 ], [ 355015.971741831919644, 3076138.285415177699178 ], [ 355015.971741831919644, 3076109.655522931367159 ] ] } },
{ "type": "Feature", "properties": { "FID": 265, "STRM_VAL": 1.0, "stream_id": 265, "strahler": 1, "upstream_cells": 4518.0, "length_m": 1263.7845864403366 }, "geometry": { "type": "LineString", "coordinates": [ [ 327903.463784346648026, 3076395.954445397015661 ], [ 327932.093676593212876, 3076367.32455315021798 ], [ 327932.093676593212876, 3076023.765846191439778 ], [ 327903.463784346648026, 3075995.135953945107758 ], [ 327903.463784346648026, 3075966.506061698310077 ], [ 327874.833892100141384, 3075937.876169451978058 ], [ 327874.833892100141384, 3075880.616384958848357 ], [ 327788.944215360446833, 3075794.726708219386637 ], [ 327788.944215360446833, 3075680.207139233127236 ], [ 327874.833892100141384, 3075594.317462493199855 ], [ 327903.463784346648026, 3075594.317462493199855 ], [ 327903.463784346648026, 3075508.427785753738135 ], [ 327932.093676593212876, 3075479.797893506940454 ], [ 327932.093676593212876, 3075279.388647781219333 ] ] } },
{ "type": "Feature", "properties": { "FID": 266, "STRM_VAL": 1.0, "stream_id": 266, "strahler": 1, "upstream_cells": 4533.0, "length_m": 1294.449142483048 }, "geometry": { "type": "LineString", "coordinates": [ [ 358623.338164897519164, 3076481.844122136477381 ], [ 358651.968057144084014, 3076453.214229890145361 ], [ 358651.968057144084014, 3076367.32455315021798 ], [ 358680.597949390648864, 3076338.694660903885961 ], [ 358680.597949390648864, 3076310.06476865708828 ], [ 358709.227841637213714, 3076310.06476865708828 ], [ 358737.857733883720357, 3076281.43487641075626 ], [ 358795.117518376850057, 3076281.43487641075626 ], [ 358823.747410623414908, 3076252.804984163958579 ], [ 358909.637087363051251, 3076252.804984163958579 ], [ 358938.266979609616101, 3076224.17509191762656 ], [ 358966.896871856180951, 3076224.17509191762656 ], [ 359024.156656349252444, 3076166.915307424496859 ], [ 359052.786548595817294, 3076166.915307424496859 ], [ 359081.416440842382144, 3076138.285415177699178 ], [ 359081.416440842382144, 3076081.025630684569478 ], [ 359110.046333088946994, 3076052.395738438237458 ], [ 359110.046333088946994, 3076023.765846191439778 ], [ 359195.936009828583337, 3075937.876169451978058 ], [ 359281.82568656821968, 3075937.876169451978058 ], [ 359310.455578814784531, 3075909.246277205646038 ], [ 359396.345255554420874, 3075909.246277205646038 ], [ 359424.975147800985724, 3075880.616384958848357 ], [ 359453.605040047550574, 3075880.616384958848357 ], [ 359482.234932294115424, 3075909.246277205646038 ], [ 359539.494716787245125, 3075909.246277205646038 ] ] } },
{ "type": "Feature", "properties": { "FID": 267, "STRM_VAL": 1.0, "stream_id": 267, "strahler": 2, "upstream_cells": 24609.0, "length_m": 1847.3985356895994 }, "geometry": { "type": "LineString", "coordinates": [ [ 359539.494716787245125, 3075909.246277205646038 ], [ 359539.494716787245125, 3075880.616384958848357 ], [ 359568.124609033751767, 3075851.986492712516338 ], [ 359568.124609033751767, 3075794.726708219386637 ], [ 359539.494716787245125, 3075766.096815972588956 ], [ 359539.494716787245125, 3075737.466923726256937 ], [ 359568.124609033751767, 3075708.837031479459256 ], [ 359568.124609033751767, 3075680.207139233127236 ], [ 359539.494716787245125, 3075651.577246986329556 ], [ 359539.494716787245125, 3075622.947354739997536 ], [ 359510.864824540680274, 3075594.317462493199855 ], [ 359510.864824540680274, 3075565.687570246867836 ], [ 359539.494716787245125, 3075537.057678 ], [ 359539.494716787245125, 3075508.427785753738135 ], [ 359568.124609033751767, 3075479.797893506940454 ], [ 359568.124609033751767, 3075308.018540028017014 ], [ 359596.754501280316617, 3075279.388647781219333 ], [ 359625.384393526881468, 3075279.388647781219333 ], [ 359682.64417801995296, 3075222.128863288089633 ], [ 359682.64417801995296, 3074964.459833069238812 ], [ 359625.384393526881468, 3074907.200048576109111 ], [ 359625.384393526881468, 3074849.940264082979411 ], [ 359596.754501280316617, 3074849.940264082979411 ], [ 359482.234932294115424, 3074735.42069509672001 ], [ 359482.234932294115424, 3074649.53101835725829 ], [ 359453.605040047550574, 3074620.901126110460609 ], [ 359453.605040047550574, 3074563.641341617330909 ], [ 359510.864824540680274, 3074506.381557124201208 ], [ 359396.345255554420874, 3074391.861988137941808 ] ] } },
{ "type": "Feature", "properties": { "FID": 268, "STRM_VAL": 1.0, "stream_id": 268, "strahler": 1, "upstream_cells": 12885.0, "length_m": 4589.2705077495593 }, "geometry": { "type": "LineString", "coordinates": [ [ 320860.510291694721673, 3077111.701751560438424 ], [ 320860.510291694721673, 3076911.292505834717304 ], [ 320831.88039944821503, 3076882.662613588385284 ], [ 320831.88039944821503, 3076854.032721341587603 ], [ 320717.360830461955629, 3076739.513152355328202 ], [ 320717.360830461955629, 3076710.883260108996183 ], [ 320688.730938215448987, 3076682.253367862198502 ], [ 320688.730938215448987, 3076624.993583369068801 ], [ 320660.101045968884137, 3076596.363691122736782 ], [ 320660.101045968884137, 3076539.103906629607081 ], [ 320631.471153722319286, 3076510.474014382809401 ], [ 320631.471153722319286, 3076252.804984163958579 ], [ 320660.101045968884137, 3076224.17509191762656 ], [ 320660.101045968884137, 3076138.285415177699178 ], [ 320631.471153722319286, 3076109.655522931367159 ], [ 320631.471153722319286, 3076081.025630684569478 ], [ 320602.841261475754436, 3076052.395738438237458 ], [ 320602.841261475754436, 3075995.135953945107758 ], [ 320574.211369229189586, 3075966.506061698310077 ], [ 320574.211369229189586, 3075937.876169451978058 ], [ 320545.581476982682943, 3075909.246277205646038 ], [ 320545.581476982682943, 3075880.616384958848357 ], [ 320516.951584736118093, 3075851.986492712516338 ], [ 320516.951584736118093, 3075737.466923726256937 ], [ 320574.211369229189586, 3075680.207139233127236 ], [ 320574.211369229189586, 3075622.947354739997536 ], [ 320602.841261475754436, 3075594.317462493199855 ], [ 320602.841261475754436, 3075308.018540028017014 ], [ 320660.101045968884137, 3075250.758755534887314 ], [ 320660.101045968884137, 3075222.128863288089633 ], [ 320688.730938215448987, 3075193.498971041757613 ], [ 320688.730938215448987, 3075164.869078794959933 ], [ 320717.360830461955629, 3075136.239186548627913 ], [ 320717.360830461955629, 3075078.979402055498213 ], [ 320688.730938215448987, 3075050.349509808700532 ], [ 320688.730938215448987, 3074964.459833069238812 ], [ 320631.471153722319286, 3074907.200048576109111 ], [ 320631.471153722319286, 3074792.68047958984971 ], [ 320660.101045968884137, 3074764.050587343517691 ], [ 320660.101045968884137, 3074706.79080285038799 ], [ 320745.99072270852048, 3074620.901126110460609 ], [ 320745.99072270852048, 3074535.011449370998889 ], [ 320774.62061495508533, 3074506.381557124201208 ], [ 320774.62061495508533, 3074391.861988137941808 ], [ 320745.99072270852048, 3074363.232095891609788 ], [ 320745.99072270852048, 3074277.342419152148068 ], [ 320774.62061495508533, 3074248.712526905350387 ], [ 320774.62061495508533, 3074220.082634659018368 ], [ 320803.25050720165018, 3074191.452742412220687 ], [ 320803.25050720165018, 3074134.192957919090986 ], [ 320831.88039944821503, 3074105.563065672758967 ], [ 320831.88039944821503, 3074048.303281179629266 ], [ 320803.25050720165018, 3074019.673388932831585 ], [ 320803.25050720165018, 3073991.043496686499566 ], [ 320774.62061495508533, 3073962.413604439701885 ], [ 320774.62061495508533, 3073847.894035453442484 ], [ 320688.730938215448987, 3073762.004358713980764 ], [ 320688.730938215448987, 3073704.744574220851064 ], [ 320660.101045968884137, 3073676.114681974519044 ], [ 320660.101045968884137, 3073647.484789727721363 ], [ 320631.471153722319286, 3073618.854897481389344 ], [ 320631.471153722319286, 3073590.225005234591663 ], [ 320688.730938215448987, 3073532.965220741461962 ], [ 320831.88039944821503, 3073532.965220741461962 ], [ 320860.510291694721673, 3073504.335328495129943 ], [ 320860.510291694721673, 3073475.705436248332262 ], [ 320889.140183941286523, 3073447.075544002000242 ], [ 320889.140183941286523, 3073389.815759508870542 ], [ 320745.99072270852048, 3073246.666298276279122 ] ] } },
{ "type": "Feature", "properties": { "FID": 269, "STRM_VAL": 1.0, "stream_id": 269, "strahler": 1, "upstream_cells": 6239.0, "length_m": 2722.2235203362225 }, "geometry": { "type": "LineString", "coordinates": [ [ 349948.48081419209484, 3077856.07894997112453 ], [ 350034.370490931789391, 3077856.07894997112453 ], [ 350063.000383178354241, 3077884.708842217456549 ], [ 350091.630275424860884, 3077884.708842217456549 ], [ 350148.890059917990584, 3077941.96862671058625 ], [ 350177.519952164555434, 3077941.96862671058625 ], [ 350206.149844411062077, 3077970.598518957383931 ], [ 350377.92919789039297, 3077970.598518957383931 ], [ 350406.559090136957821, 3077999.22841120371595 ], [ 350435.188982383522671, 3077999.22841120371595 ], [ 350578.338443616288714, 3078142.377872436307371 ], [ 350578.338443616288714, 3078171.007764683105052 ], [ 350606.968335862853564, 3078199.637656929437071 ], [ 350606.968335862853564, 3078256.897441422566772 ], [ 350635.598228109360207, 3078285.527333669364452 ], [ 350635.598228109360207, 3078314.157225915696472 ], [ 350750.1177970955614, 3078428.676794901955873 ], [ 350778.74768934212625, 3078428.676794901955873 ], [ 350836.007473835255951, 3078485.936579395085573 ], [ 350864.637366081820801, 3078485.936579395085573 ], [ 350893.267258328327443, 3078514.566471641883254 ], [ 350950.527042821457144, 3078514.566471641883254 ], [ 350979.156935068021994, 3078543.196363888215274 ], [ 351150.936288547352888, 3078543.196363888215274 ], [ 351179.56618079385953, 3078514.566471641883254 ], [ 351208.19607304042438, 3078514.566471641883254 ], [ 351265.455857533554081, 3078457.306687148753554 ], [ 351265.455857533554081, 3078400.046902655623853 ], [ 351294.085749780060723, 3078400.046902655623853 ], [ 351351.345534273190424, 3078342.787118162494153 ], [ 351351.345534273190424, 3078314.157225915696472 ], [ 351379.975426519755274, 3078285.527333669364452 ], [ 351379.975426519755274, 3078142.377872436307371 ], [ 351437.235211012826767, 3078085.118087943643332 ], [ 351437.235211012826767, 3078056.488195696845651 ], [ 351694.904241231794003, 3078056.488195696845651 ], [ 351809.423810218053404, 3077941.96862671058625 ], [ 351838.053702464560047, 3077941.96862671058625 ], [ 351895.313486957689747, 3077884.708842217456549 ] ] } },
{ "type": "Feature", "properties": { "FID": 270, "STRM_VAL": 1.0, "stream_id": 270, "strahler": 1, "upstream_cells": 10583.0, "length_m": 2875.197207430831 }, "geometry": { "type": "LineString", "coordinates": [ [ 359739.903962513082661, 3078285.527333669364452 ], [ 359739.903962513082661, 3078171.007764683105052 ], [ 359625.384393526881468, 3078056.488195696845651 ], [ 359625.384393526881468, 3078027.858303450513631 ], [ 359596.754501280316617, 3077999.22841120371595 ], [ 359596.754501280316617, 3077856.07894997112453 ], [ 359482.234932294115424, 3077741.559380984865129 ], [ 359482.234932294115424, 3077655.669704244937748 ], [ 359510.864824540680274, 3077627.039811998605728 ], [ 359510.864824540680274, 3077569.780027505476028 ], [ 359539.494716787245125, 3077569.780027505476028 ], [ 359568.124609033751767, 3077541.150135259144008 ], [ 359568.124609033751767, 3077226.221320546697825 ], [ 359596.754501280316617, 3077197.591428300365806 ], [ 359596.754501280316617, 3077111.701751560438424 ], [ 359654.014285773446318, 3077054.441967067308724 ], [ 359654.014285773446318, 3076997.182182574644685 ], [ 359711.274070266517811, 3076939.922398081514984 ], [ 359711.274070266517811, 3076796.772936848457903 ], [ 359768.533854759647511, 3076739.513152355328202 ], [ 359768.533854759647511, 3076710.883260108996183 ], [ 359825.793639252719004, 3076653.623475615866482 ], [ 359825.793639252719004, 3076596.363691122736782 ], [ 359768.533854759647511, 3076539.103906629607081 ], [ 359768.533854759647511, 3076424.584337643347681 ], [ 359797.163747006212361, 3076395.954445397015661 ], [ 359797.163747006212361, 3076367.32455315021798 ], [ 359768.533854759647511, 3076338.694660903885961 ], [ 359768.533854759647511, 3076281.43487641075626 ], [ 359711.274070266517811, 3076224.17509191762656 ], [ 359711.274070266517811, 3076138.285415177699178 ], [ 359625.384393526881468, 3076052.395738438237458 ], [ 359510.864824540680274, 3076052.395738438237458 ], [ 359510.864824540680274, 3075937.876169451978058 ], [ 359539.494716787245125, 3075909.246277205646038 ] ] } },
{ "type": "Feature", "properties": { "FID": 271, "STRM_VAL": 1.0, "stream_id": 271, "strahler": 1, "upstream_cells": 4728.0, "length_m": 886.68387430415601 }, "geometry": { "type": "LineString", "coordinates": [ [ 324381.987038020684849, 3078944.014855340123177 ], [ 324410.6169302672497, 3078972.644747586455196 ], [ 324381.987038020684849, 3079001.274639833252877 ], [ 324381.987038020684849, 3079087.164316572714597 ], [ 324353.357145774178207, 3079115.794208819512278 ], [ 324353.357145774178207, 3079173.053993312641978 ], [ 324324.727253527613357, 3079201.683885558973998 ], [ 324324.727253527613357, 3079230.313777805306017 ], [ 324381.987038020684849, 3079287.573562298435718 ], [ 324381.987038020684849, 3079316.203454545233399 ], [ 324410.6169302672497, 3079344.833346791565418 ], [ 324410.6169302672497, 3079430.7230235314928 ], [ 324439.24682251381455, 3079459.352915777824819 ], [ 324439.24682251381455, 3079516.61270027095452 ], [ 324410.6169302672497, 3079545.2425925177522 ], [ 324496.506607006886043, 3079631.13226925721392 ], [ 324496.506607006886043, 3079659.762161504011601 ], [ 324525.136499253450893, 3079659.762161504011601 ] ] } },
{ "type": "Feature", "properties": { "FID": 272, "STRM_VAL": 1.0, "stream_id": 272, "strahler": 1, "upstream_cells": 4436.0, "length_m": 574.63250872699894 }, "geometry": { "type": "LineString", "coordinates": [ [ 336864.620057517604437, 3079001.274639833252877 ], [ 336864.620057517604437, 3079029.904532079584897 ], [ 336921.879842010734137, 3079087.164316572714597 ], [ 336921.879842010734137, 3079115.794208819512278 ], [ 336893.249949764169287, 3079144.424101065844297 ], [ 336893.249949764169287, 3079230.313777805306017 ], [ 336864.620057517604437, 3079258.943670052103698 ], [ 336835.990165271039587, 3079258.943670052103698 ], [ 336807.360273024532944, 3079287.573562298435718 ], [ 336807.360273024532944, 3079487.9828080246225 ] ] } },
{ "type": "Feature", "properties": { "FID": 273, "STRM_VAL": 1.0, "stream_id": 273, "strahler": 1, "upstream_cells": 4815.0, "length_m": 252.75691728799734 }, "geometry": { "type": "LineString", "coordinates": [ [ 343449.49527422466781, 3079144.424101065844297 ], [ 343449.49527422466781, 3079230.313777805306017 ], [ 343478.12516647123266, 3079258.943670052103698 ], [ 343478.12516647123266, 3079287.573562298435718 ], [ 343506.75505871779751, 3079316.203454545233399 ], [ 343506.75505871779751, 3079373.463239038363099 ] ] } },
{ "type": "Feature", "properties": { "FID": 274, "STRM_VAL": 1.0, "stream_id": 274, "strahler": 1, "upstream_cells": 4145.0, "length_m": 219.21491211034504 }, "geometry": { "type": "LineString", "coordinates": [ [ 345883.03611518163234, 3079201.683885558973998 ], [ 345768.516546195431147, 3079316.203454545233399 ], [ 345768.516546195431147, 3079344.833346791565418 ], [ 345739.886653948866297, 3079344.833346791565418 ] ] } },
{ "type": "Feature", "properties": { "FID": 275, "STRM_VAL": 1.0, "stream_id": 275, "strahler": 1, "upstream_cells": 4621.0, "length_m": 305.10458885040879 }, "geometry": { "type": "LineString", "coordinates": [ [ 331081.381823714007623, 3079316.203454545233399 ], [ 331138.641608207079116, 3079373.463239038363099 ], [ 331167.271500453643966, 3079373.463239038363099 ], [ 331195.901392700208817, 3079402.093131284695119 ], [ 331195.901392700208817, 3079487.9828080246225 ], [ 331167.271500453643966, 3079516.61270027095452 ], [ 331167.271500453643966, 3079545.2425925177522 ] ] } },
{ "type": "Feature", "properties": { "FID": 276, "STRM_VAL": 1.0, "stream_id": 276, "strahler": 2, "upstream_cells": 3805.0, "length_m": 28.62989224656485 }, "geometry": { "type": "LineString", "coordinates": [ [ 335375.86566069687251, 3079487.9828080246225 ], [ 335404.49555294343736, 3079487.9828080246225 ] ] } },
{ "type": "Feature", "properties": { "FID": 277, "STRM_VAL": 1.0, "stream_id": 277, "strahler": 1, "upstream_cells": 4327.0, "length_m": 913.2791027549066 }, "geometry": { "type": "LineString", "coordinates": [ [ 318512.859127477451693, 3079487.9828080246225 ], [ 318484.229235230886843, 3079516.61270027095452 ], [ 318484.229235230886843, 3079631.13226925721392 ], [ 318426.969450737757143, 3079688.392053750343621 ], [ 318341.0797739981208, 3079688.392053750343621 ], [ 318312.449881751555949, 3079717.021945997141302 ], [ 318112.040636025718413, 3079717.021945997141302 ], [ 318083.410743779153563, 3079688.392053750343621 ], [ 317911.631390299822669, 3079688.392053750343621 ], [ 317883.001498053257819, 3079717.021945997141302 ], [ 317854.371605806751177, 3079717.021945997141302 ], [ 317825.741713560186327, 3079745.651838243473321 ], [ 317797.111821313621476, 3079745.651838243473321 ] ] } }
]
}
